center_start: 2022-08-06T10:34:12.809996475
center_end: 2022-08-06T10:35:11.873545799
cbl_height: 1800
temp_p_mean_selection_cmh: 16.564873555003203
temp_vp_mean_selection_cmh: 17.53409173536247
spec_hum_mean_selection_cmh: 5.541114985873229
temp_p_mean_selection_sht: 16.364408517435685
temp_vp_mean_selection_sht: 17.375290872631886
spec_hum_mean_selection_sht: 5.784601189592927
temp_p_mean_selection_hyt: 16.581697180089858
temp_vp_mean_selection_hyt: 17.448335415889062
spec_hum_mean_selection_hyt: 4.9513352376047335


datetime;w_selection [ms-1];dist_abs_selection [m];dist_rel_selection [m];temp_p_diff_selection_cmh [degc];temp_vp_diff_selection_cmh [degc];spec_hum_diff_selection_cmh [gkg-1];temp_p_diff_selection_sht [degc];temp_vp_diff_selection_sht [degc];spec_hum_diff_selection_sht [gkg-1];temp_p_diff_selection_hyt [degc];temp_vp_diff_selection_hyt [degc];spec_hum_diff_selection_hyt [gkg-1]
2022-08-06 10:33:50.000;0.8731267618337774;-1544.7793349444619;-1.7772100494660528;-0.21449043363963938;-0.28526530149409624;-0.4029890009271968;-0.2559338994445497;-0.2752325187448932;-0.10601830413382363;-0.32022060270076835;-0.33930724285477254;-0.10416945877611195
2022-08-06 10:33:50.020;0.8611829676585068;-1544.1582885502648;-1.776495559138545;-0.19624294442536439;-0.2668635260014618;-0.4024276764761314;-0.2521610799522236;-0.2712737999926489;-0.10502215311228191;-0.3185144874782928;-0.33749970857684275;-0.10361534566614683
2022-08-06 10:33:50.040;0.8463125363273386;-1543.5396361965031;-1.7757838230637804;-0.17376809210276178;-0.24396810804822522;-0.40041139669676973;-0.2441650224547729;-0.26279751505770577;-0.10241436660593273;-0.3125829851837203;-0.3310729845813398;-0.1008693317802738
2022-08-06 10:33:50.060;0.8292579042679903;-1542.9247270798733;-1.7750763934413984;-0.1512920144200507;-0.22107130673206044;-0.3983945356384426;-0.23616833339266208;-0.25432036028094984;-0.09980535099162413;-0.3066509357979008;-0.324645430496048;-0.0981217983962992
2022-08-06 10:33:50.080;0.8108099438713273;-1542.3116867147546;-1.7743711137467706;-0.1347814691832241;-0.20451441229514344;-0.3984228997413428;-0.23413159300402953;-0.2522169347145322;-0.099461567633095;-0.30668190188452726;-0.3246767977869922;-0.09812358216020733
2022-08-06 10:33:50.100;0.7917513388488652;-1541.698643468124;-1.7736658307370723;-0.1472185951286633;-0.2154537315998688;-0.38959287653778585;-0.2341625435899104;-0.25212610958455883;-0.09875965606102088;-0.30671286795626074;-0.3247081650627024;-0.09812536592278231
2022-08-06 10:33:50.120;0.7728978635369375;-1541.0856118466108;-1.772960561101631;-0.1596557184045082;-0.22639089319816108;-0.3807495536644989;-0.2341934941608983;-0.25203528479786286;-0.09805774542176682;-0.30674383401298755;-0.32473953232306485;-0.09812714968404102
2022-08-06 10:33:50.140;0.7549549024087352;-1540.4740593328825;-1.7722569931236107;-0.16744682640279507;-0.23238705866984688;-0.37029321633442347;-0.22958264574312892;-0.2469805123951332;-0.09559239195106084;-0.3021306786055753;-0.319851799495666;-0.09662703101071113
2022-08-06 10:33:50.160;0.7385219761957001;-1539.865482439789;-1.7715568484843005;-0.1752379988604389;-0.2383800151585298;-0.35981728173565397;-0.22497146658681544;-0.2419252136208101;-0.09312598490739976;-0.29751719229403406;-0.3149636365295123;-0.09512639101436804
2022-08-06 10:33:50.180;0.7240758417488515;-1539.2583989290943;-1.7708584219248136;-0.18761355585661477;-0.2492472625642428;-0.35092442243480715;-0.22494051157499229;-0.24177146456965914;-0.09241944669110946;-0.2974862217942551;-0.3149322643595269;-0.09512460501507292
2022-08-06 10:33:50.200;0.7119577899955539;-1538.6513175524815;-1.770159997820507;-0.18344706201605732;-0.24262030134517332;-0.3368558365184082;-0.2207740431790839;-0.23737208736198312;-0.09116062657806445;-0.2974552512795263;-0.3149008921745349;-0.09512281901447839
2022-08-06 10:33:50.220;0.7022999740435487;-1538.0442291652216;-1.7694615656507167;-0.17928056727555486;-0.23598746104707757;-0.32275347087407447;-0.2166075738832305;-0.23297266550766693;-0.08990158766650858;-0.2974242807498477;-0.31486951997425194;-0.09512103301254804
2022-08-06 10:33:50.240;0.6950846839737695;-1537.436774954076;-1.7687627126144174;-0.17626053368746852;-0.2305671494543482;-0.3090100859335969;-0.21358662417789986;-0.229797046481643;-0.08907070573217446;-0.29853935469548887;-0.31605099029172834;-0.09548377405470099
2022-08-06 10:33:50.260;0.6901345291749381;-1536.8285965239556;-1.7680630263916488;-0.17324051262522744;-0.22514133023085847;-0.29523487784294566;-0.21056568701444434;-0.22662142354160864;-0.0882397447668195;-0.29965440930930853;-0.3172324354788998;-0.09584648463465495
2022-08-06 10:33:50.280;0.6871252459621143;-1536.2200564186714;-1.7673629240753181;-0.16893772804473883;-0.2183523431793084;-0.28102077603333875;-0.2062630398316614;-0.22208297829543966;-0.08696709626773202;-0.29948717238789513;-0.3170624531184103;-0.09583352734577666
2022-08-06 10:33:50.300;0.685621151901841;-1535.6115092788023;-1.7666628136659643;-0.150677670549328;-0.19726578719681598;-0.26510603520644427;-0.21126523256881313;-0.2275869335556635;-0.08975747702321879;-0.2993199350314022;-0.3168924703074367;-0.09582056999024591
2022-08-06 10:33:50.320;0.6850592777383507;-1535.0029476129494;-1.7659626865450169;-0.1324175917105208;-0.1761714978010538;-0.24914846567460014;-0.21626743084518552;-0.23309067785449855;-0.09254669192564435;-0.29915269724011395;-0.31672248704626327;-0.09580761256809556
2022-08-06 10:33:50.340;0.6848320383170632;-1534.3943673760878;-1.7652625380588283;-0.11413890047214181;-0.15505123263890042;-0.23315041838441797;-0.2212510633498468;-0.2385760339701264;-0.09533737769053996;-0.29896687874315475;-0.3165342591528315;-0.09579689960355431
2022-08-06 10:33:50.360;0.6843103210347838;-1533.7857645227996;-1.7645623635532985;-0.09586018546508512;-0.1339231971327628;-0.21710935390471064;-0.22623470195545536;-0.2440611794868559;-0.09812689606730451;-0.29878105970930946;-0.31634603071046286;-0.09578618659174509
2022-08-06 10:33:50.380;0.682843298691572;-1533.1772573247217;-1.763862299095461;-0.09135585841568172;-0.1254259009860199;-0.1942405425075293;-0.2217307962274262;-0.23920153241154907;-0.09616731517803245;-0.2984124693454042;-0.31595549464816486;-0.0956662912145756
2022-08-06 10:33:50.400;0.6798645070488394;-1532.568985860802;-1.763162505840834;-0.08685151871947028;-0.11691349982405441;-0.17128464497894225;-0.21722687785503325;-0.23434175664706203;-0.0942071196548957;-0.2980438768691407;-0.31556495583998867;-0.09554639250897701
2022-08-06 10:33:50.420;0.6748747082566169;-1531.9609429610791;-1.7624629755406485;-0.08234716637639394;-0.10838594456103934;-0.148241371301034;-0.212722946838106;-0.2294818521591182;-0.09224630932243016;-0.2976752822805757;-0.31517441428576376;-0.09542649047486762
2022-08-06 10:33:50.440;0.6674558450972136;-1531.3525663121327;-1.7617630612746364;-0.07949954366375778;-0.10161465418790172;-0.12573881918673546;-0.20987385302108663;-0.22639730256175739;-0.09094680356319795;-0.29896226874188514;-0.31654235562558597;-0.09586999399935259
2022-08-06 10:33:50.460;0.6573161494426819;-1530.743294188178;-1.7610621167985823;-0.07665193195873599;-0.09482910112726373;-0.10315364261154691;-0.20702477024112653;-0.22331271496508265;-0.08964703744611402;-0.3002492294515342;-0.3179102627501038;-0.09631345287450621
2022-08-06 10:33:50.480;0.6442733805598886;-1530.133579447669;-1.7603606631089659;-0.08699061557899768;-0.10399132137795064;-0.09619469614325382;-0.20702477024112653;-0.22328822148730154;-0.08950599137111137;-0.3002492294515342;-0.3177874181199627;-0.0956075335944524
2022-08-06 10:33:50.500;0.6283196988559222;-1529.5238743188165;-1.7596592204771957;-0.09732929919931621;-0.11315228733653626;-0.08922794485996377;-0.20702477024112653;-0.22326372801918382;-0.08936494531248762;-0.3002492294515342;-0.3176645733861392;-0.09490161272508768
2022-08-06 10:33:50.520;0.6095629727753347;-1528.9141788004563;-1.7589577889019323;-0.10766798281963474;-0.12231199789627922;-0.08225338124893078;-0.20702477024112653;-0.22323923456067263;-0.08922389927028185;-0.3002492294515342;-0.3175417285481785;-0.09419569026640495
2022-08-06 10:33:50.540;0.5882381660627924;-1528.3043344419784;-1.7582561860917576;-0.11822053929137155;-0.1317132503106997;-0.07543326485782842;-0.2072384293037075;-0.22345854883544547;-0.0892522348396323;-0.300462980137862;-0.3177811950133673;-0.09433986053487065
2022-08-06 10:33:50.560;0.5646909294172583;-1527.6941828795607;-1.7575542298550986;-0.12877307978197905;-0.1411133028707674;-0.06860575140791703;-0.2074520876564847;-0.22367786306565307;-0.08928057429383252;-0.3006767301142155;-0.31802066005826646;-0.09448402690474378
2022-08-06 10:33:50.580;0.539394210136909;-1527.0838661364614;-1.7568520835843289;-0.11055646004967912;-0.11929481611659654;-0.04824047980752244;-0.21249760114030636;-0.2291038945142745;-0.0913719375023172;-0.30055285411145505;-0.31789517757908925;-0.0944768841669994
2022-08-06 10:33:50.600;0.5128158413910738;-1526.473526143811;-1.756149910565832;-0.09233982459136314;-0.09746430060934941;-0.027807868579350803;-0.21754311881053212;-0.23452979842308963;-0.0934626063083428;-0.30042897787017964;-0.3177696948559401;-0.09446974140824516
2022-08-06 10:33:50.620;0.48550413694360217;-1525.8631628898074;-1.7554477107860307;-0.07412317340697427;-0.07562172159547131;-0.007307722283481866;-0.22258864066727568;-0.23995557483257102;-0.09555258091934693;-0.30030510139027555;-0.3176442118887053;-0.0944625986285006
2022-08-06 10:33:50.640;0.4580009790545786;-1525.25377455548;-1.7547466326143493;-0.052896557233566455;-0.0505457262778215;0.014417458801031735;-0.2246280850341904;-0.24215868722986755;-0.09645477616269726;-0.29717363893405135;-0.31451053236702364;-0.09450266139338481
2022-08-06 10:33:50.660;0.4307886472465623;-1524.6464028888076;-1.7540478745423362;-0.06423694879799768;-0.06062356793686163;0.021896015999960383;-0.22149803619563357;-0.23878578244661952;-0.09511812763634175;-0.2940420240083732;-0.3113767355632149;-0.094542928057189
2022-08-06 10:33:50.680;0.40438924386457353;-1524.0393627882659;-1.7533494979245843;-0.08067044737066453;-0.07615035751749488;0.02742747806176027;-0.22345474561043233;-0.24086469643170716;-0.0957831748003537;-0.29599971244226353;-0.31345965863118863;-0.09522956237316205
2022-08-06 10:33:50.700;0.37920480693886527;-1523.4309562562485;-1.7526495492792324;-0.09710369051748557;-0.09167623349120291;0.03296340895397343;-0.22541139547089273;-0.24294353449916883;-0.09644813702569532;-0.29795734129191587;-0.3155425019755853;-0.09591609031526005
2022-08-06 10:33:50.720;0.3555417762400659;-1522.821186496636;-1.7519480322922236;-0.11353667825068214;-0.10720119557018748;0.03850381128286884;-0.22736798578025486;-0.24502229665474573;-0.09711301432434194;-0.2999149105607408;-0.3176252656033398;-0.0966025119016436
2022-08-06 10:33:50.740;0.33359869044566515;-1522.2107429706302;-1.7512457401625272;-0.12801085203801676;-0.1206227171494767;0.04483876287352917;-0.22736798578025486;-0.24499783938207287;-0.09697216892550653;-0.2999149105607408;-0.3176252656033398;-0.0966025119016436
2022-08-06 10:33:50.760;0.31346467018992186;-1521.6003079511793;-1.7505434578192998;-0.1321463302629695;-0.1233975791245463;0.052745024919810035;-0.22943572489273123;-0.2471816783501808;-0.09759988830415267;-0.2999149105607408;-0.3176252656033398;-0.0966025119016436
2022-08-06 10:33:50.780;0.29508739225511527;-1520.9898758456911;-1.749841178828476;-0.13628180848792226;-0.12617078624035472;0.060661155958667834;-0.23150346400526445;-0.24936550645050914;-0.09822755328703714;-0.2999149105607408;-0.3176252656033398;-0.0966025119016436
2022-08-06 10:33:50.800;0.2783129310528082;-1520.3794466524341;-1.7491389031880635;-0.14041728671293185;-0.12894233679154254;0.06858716667843279;-0.23357120311774082;-0.2515493236837969;-0.09885516387693105;-0.2999149105607408;-0.3176252656033398;-0.0966025119016436
2022-08-06 10:33:50.820;0.2628855144746757;-1519.7690203696766;-1.7484366308960706;-0.1445527649378846;-0.1317122290717272;0.07652306777742002;-0.23563894223016035;-0.2537331300507262;-0.09948272007671388;-0.2999149105607408;-0.3176252656033398;-0.0966025119016436
2022-08-06 10:33:50.840;0.2484650868849524;-1519.1585969957014;-1.7477343619505212;-0.14868824316283735;-0.13448046137321867;0.08446886996402991;-0.23770668134269357;-0.2559169255520928;-0.10011022188922247;-0.2999149105607408;-0.3176252656033398;-0.0966025119016436
2022-08-06 10:33:50.860;0.23466116019894134;-1518.5481738049348;-1.7470320932157466;-0.14868824316283735;-0.1320610429978366;0.09838694688711147;-0.22736798578025486;-0.24490612469664796;-0.09644399882626598;-0.2999149105607408;-0.3176252656033398;-0.0966025119016436
2022-08-06 10:33:50.880;0.2210182594306308;-1517.9377407930806;-1.7463298131821832;-0.14868824316283735;-0.1296363968806169;0.11233548371303392;-0.21702929021781614;-0.23389492168413284;-0.09277569518478934;-0.2999149105607408;-0.3176252656033398;-0.0966025119016436
2022-08-06 10:33:50.900;0.2070894576516601;-1517.3273125083433;-1.7456275385869884;-0.14868824316283735;-0.12720651335584776;0.12631453856958252;-0.2066905946554911;-0.22288331630735314;-0.08910530994573307;-0.2999149105607408;-0.3176252656033398;-0.0966025119016436
2022-08-06 10:33:50.920;0.19245807306562512;-1516.7168816683916;-1.7449252610521162;-0.14868824316283735;-0.12477138274252653;0.1403241696813966;-0.1963518990930524;-0.21187130835894408;-0.08543284208948698;-0.2999149105607408;-0.3176252656033398;-0.0966025119016436
2022-08-06 10:33:50.940;0.17674090825608968;-1516.106446052123;-1.7442229780222724;-0.1445527649378846;-0.11811257257969388;0.1547598368262948;-0.2046228555429579;-0.22077892889122808;-0.08893521002271143;-0.2999149105607408;-0.3176252656033398;-0.0966025119016436
2022-08-06 10:33:50.960;0.15961880030942055;-1515.4960034382602;-1.7435206869419622;-0.14041728671293185;-0.11144811422449052;0.169228002259584;-0.21289381199292023;-0.22968618061425872;-0.09243562999653765;-0.2999149105607408;-0.3176252656033398;-0.0966025119016436
2022-08-06 10:33:50.980;0.14086367676796652;-1514.8855538209536;-1.7428183878044554;-0.13628180848792226;-0.1047779968044189;0.1837287299465986;-0.22116476844282573;-0.2385930637194278;-0.09593410298767502;-0.2999149105607408;-0.3176252656033398;-0.0966025119016436
2022-08-06 10:33:51.000;0.12034567683475106;-1514.2750971943387;-1.742116080603005;-0.1321463302629695;-0.0981022094301558;0.19826208396315081;-0.22943572489273123;-0.24749957839778602;-0.09943062997251939;-0.2999149105607408;-0.3176252656033398;-0.0966025119016436
2022-08-06 10:33:51.020;0.09803837785936176;-1513.664633552522;-1.741413765330831;-0.12801085203801676;-0.09142074119441546;0.212828128495806;-0.23770668134269357;-0.256405724840441;-0.10292521192695414;-0.2999149105607408;-0.3176252656033398;-0.0966025119016436
2022-08-06 10:33:51.040;0.07401029685372562;-1513.0541659575902;-1.740711445510748;-0.12801085203801676;-0.09057524917082915;0.2176928021613982;-0.23150346400526445;-0.24975671259240784;-0.1004804667887571;-0.2999149105607408;-0.3176252656033398;-0.0966025119016436
2022-08-06 10:33:51.060;0.04843668794993916;-1512.4436974742348;-1.7400091246685672;-0.12801085203801676;-0.08972913286945428;0.22256111481989915;-0.22530024666783532;-0.24310751923356833;-0.09803477163286267;-0.2999149105607408;-0.3176252656033398;-0.0966025119016436
2022-08-06 10:33:51.080;0.021564952490984224;-1511.8332281018156;-1.7393068028035523;-0.12801085203801676;-0.08888239189602487;0.22743306884617276;-0.21909702933034936;-0.2364581446982683;-0.09558812612769696;-0.2964686787066704;-0.31385099171978936;-0.09477554650685249
2022-08-06 10:33:51.100;-0.006297630899489537;-1511.2227578396632;-1.7386044799149332;-0.12801085203801676;-0.08803502585582024;0.23230866661644978;-0.21289381199292023;-0.2298085889209105;-0.09314052994147204;-0.29302244685248624;-0.31007661378481544;-0.09294802006218195
2022-08-06 10:33:51.120;-0.03480036024782307;-1510.6122866871374;-1.7379021560019732;-0.12801085203801676;-0.08718703435377861;0.23718791050824084;-0.2066905946554911;-0.22315885183572703;-0.09069198274239021;-0.28957621499835895;-0.30630213177079213;-0.09111993242025207
2022-08-06 10:33:51.140;-0.06359423071314485;-1510.0018069201542;-1.7371998221784066;-0.12801085203801676;-0.08548917338393736;0.2469573461734944;-0.21082607288044386;-0.22762467692594868;-0.0925124522307188;-0.28957621499835895;-0.30630213177079213;-0.09111993242025207
2022-08-06 10:33:51.160;-0.09232902475490345;-1509.3913326458787;-1.736497494673992;-0.12801085203801676;-0.08378880582310799;0.2567413948895725;-0.2149615511053966;-0.23209040292865524;-0.09433239656717785;-0.28957621499835895;-0.30630213177079213;-0.09111993242025207
2022-08-06 10:33:51.180;-0.1206782068940414;-1508.7808565842643;-1.7357951651133114;-0.12801085203801676;-0.08208592850454366;0.26654007572588334;-0.21909702933034936;-0.23655602987033575;-0.09615181588814536;-0.28957621499835895;-0.30630213177079213;-0.09111993242025207
2022-08-06 10:33:51.200;-0.1483799492595752;-1508.1703787326915;-1.735092833493352;-0.12801085203801676;-0.08038053825825742;0.27635340777358586;-0.22323250755535895;-0.24102155777787715;-0.097970710329915;-0.28957621499835895;-0.30630213177079213;-0.09111993242025207
2022-08-06 10:33:51.220;-0.1752311901834338;-1507.5598990885119;-1.7343904998110662;-0.12801085203801676;-0.07867263191090856;0.2861814101457183;-0.22736798578025486;-0.24548698667708635;-0.09978908002869247;-0.28957621499835895;-0.30630213177079213;-0.09111993242025207
2022-08-06 10:33:51.240;-0.2011158333489379;-1506.9494238077823;-1.7336881711487644;-0.13834954760045548;-0.08868893127553079;0.2882459635812715;-0.22736798578025486;-0.24545641485749314;-0.09961302289184015;-0.2947455627795499;-0.31196381576046406;-0.09386185342495246
2022-08-06 10:33:51.260;-0.2259690426821297;-1506.3389590479128;-1.732985854590313;-0.14868824316283735;-0.09870515021438919;0.29031113576359235;-0.22736798578025486;-0.24542584305284976;-0.09943696578071126;-0.2999149105607408;-0.3176252656033398;-0.0966025119016436
2022-08-06 10:33:51.280;-0.24981519235667216;-1505.7285048089907;-1.7322835501358127;-0.15902693872527607;-0.10872128871458031;0.2923769268406291;-0.22736798578025486;-0.2453952712634404;-0.09926090869533066;-0.2999149105607408;-0.3176252656033398;-0.0966025119016436
2022-08-06 10:33:51.300;-0.27274797782405913;-1505.1180610911179;-1.7315812577853806;-0.16936563428765794;-0.11873734676274594;0.2944433369603887;-0.22736798578025486;-0.24536469948932194;-0.09908485163567882;-0.2999149105607408;-0.3176252656033398;-0.0966025119016436
2022-08-06 10:33:51.320;-0.2949125444881442;-1504.5076246281023;-1.7308789737813868;-0.17556885162508706;-0.1225344330705731;0.3084177984640659;-0.22736798578025486;-0.24531578468209858;-0.0988031603937296;-0.2999149105607408;-0.3176252656033398;-0.0966025119016436
2022-08-06 10:33:51.340;-0.3165121672306721;-1503.8971921510893;-1.7301766943631376;-0.1817720689625162;-0.12632656170714895;0.3224217832366705;-0.22736798578025486;-0.2452668699138698;-0.09852146921760951;-0.2999149105607408;-0.3176252656033398;-0.0966025119016436
2022-08-06 10:33:51.360;-0.33776539344524736;-1503.2867636548835;-1.7294744195246563;-0.18797528630000215;-0.13011372401073018;0.33645534545992284;-0.22736798578025486;-0.2452179551843514;-0.09823977810732742;-0.2999149105607408;-0.3176252656033398;-0.0966025119016436
2022-08-06 10:33:51.380;-0.35891931957015477;-1502.676331857474;-1.7287721408882653;-0.19417850363743128;-0.13389591130735212;0.35051853940202005;-0.22736798578025486;-0.24516904049365706;-0.0979580870628709;-0.2964686787066704;-0.3139738589625267;-0.09548158767668458
2022-08-06 10:33:51.400;-0.3802036763154871;-1502.0659113073125;-1.7280698751914068;-0.2003817209748604;-0.13767311491043088;0.3646114194178516;-0.22736798578025486;-0.24512012584178677;-0.09767639608423373;-0.29302244685248624;-0.310322407928993;-0.09436043254992565
2022-08-06 10:33:51.420;-0.401806216916193;-1501.4554903794851;-1.7273676090600578;-0.19417850363743128;-0.13317686297088827;0.3546577747177331;-0.22736798578025486;-0.24514458316289023;-0.09781724156534555;-0.28957621499835895;-0.3066709124944964;-0.09323904647948034
2022-08-06 10:33:51.440;-0.4239160773718177;-1500.8450647272475;-1.726665337493454;-0.18797528630000215;-0.12867815008818084;0.3447189195187903;-0.22736798578025486;-0.24516904049365706;-0.0979580870628709;-0.28957621499835895;-0.3066709124944964;-0.09323904647948034
2022-08-06 10:33:51.460;-0.4466619880504301;-1500.2346343480385;-1.725963060488649;-0.1817720689625162;-0.12417697925994631;0.334794834758938;-0.22736798578025486;-0.24519349783414413;-0.09809893257688529;-0.28957621499835895;-0.3066709124944964;-0.09323904647948034
2022-08-06 10:33:51.480;-0.47011950638040656;-1499.6241992393261;-1.7252607780427296;-0.17556885162508706;-0.11967335348041175;0.3248855013975227;-0.22736798578025486;-0.2452179551843514;-0.09823977810732742;-0.28957621499835895;-0.3066709124944964;-0.09323904647948034
2022-08-06 10:33:51.500;-0.49430643158355714;-1499.0137593985637;-1.724558490152766;-0.16936563428765794;-0.11516727574096208;0.3149909004150251;-0.22736798578025486;-0.24524241254427892;-0.09838062365424705;-0.28957621499835895;-0.3066709124944964;-0.09323904647948034
2022-08-06 10:33:51.520;-0.5191784147410621;-1498.403313337556;-1.7238561951066462;-0.15902693872527607;-0.10783003777973832;0.29750624365492406;-0.22736798578025486;-0.24521184084587588;-0.09820456672316968;-0.28957621499835895;-0.3066709124944964;-0.09323904647948034
2022-08-06 10:33:51.540;-0.5446405060978544;-1497.7928595653866;-1.723153891189127;-0.14868824316283735;-0.10048512213345262;0.2800676268688802;-0.22736798578025486;-0.24518126916265004;-0.09802850981780775;-0.2947455627795499;-0.31214813899526916;-0.09492103897863746
2022-08-06 10:33:51.560;-0.5705429846438186;-1497.1823980740955;-1.7224515783910512;-0.13834954760045548;-0.09313254541186566;0.2626749448538561;-0.22736798578025486;-0.24515069749465823;-0.09785245293818345;-0.2999149105607408;-0.3176252656033398;-0.0966025119016436
2022-08-06 10:33:51.580;-0.5966926646300743;-1496.571928855752;-1.7217492567032946;-0.12801085203801676;-0.08577232419557745;0.24532809261544575;-0.22736798578025486;-0.24512012584178677;-0.09767639608423373;-0.2999149105607408;-0.3176252656033398;-0.0966025119016436
2022-08-06 10:33:51.600;-0.6228903603688515;-1495.9614646089685;-1.7210469407351292;-0.14041728671293185;-0.10259864502345195;0.22014493775194488;-0.22323250755535895;-0.2408013786947194;-0.09670275417154706;-0.2999149105607408;-0.3176252656033398;-0.0966025119016436
2022-08-06 10:33:51.620;-0.648856705724606;-1495.3510180276426;-1.720344645090403;-0.15282372138784694;-0.11940790029908399;0.19505907997995298;-0.21909702933034936;-0.23648261597676168;-0.09572904854316278;-0.2999149105607408;-0.3176252656033398;-0.0966025119016436
2022-08-06 10:33:51.640;-0.6743492058940496;-1494.7405818175102;-1.7196423613773417;-0.1652301560627052;-0.1362001469241001;0.17007018977060095;-0.2149615511053966;-0.23216383769348425;-0.09475527923269844;-0.2999149105607408;-0.3176252656033398;-0.0966025119016436
2022-08-06 10:33:51.660;-0.6991183657726084;-1494.1301705150036;-1.7189401063195593;-0.17763659073762028;-0.1529754416410789;0.1451779385780556;-0.21082607288044386;-0.22784504385057147;-0.0937814462738773;-0.2999149105607408;-0.3176252656033398;-0.0966025119016436
2022-08-06 10:33:51.680;-0.7229280109662226;-1493.519776825975;-1.7182378715254154;-0.19004302541253537;-0.16973384103355116;0.12038199883672629;-0.2066905946554911;-0.22352623445302555;-0.09280754970026894;-0.2964686787066704;-0.31385099171978936;-0.09477554650685249
2022-08-06 10:33:51.700;-0.7455556627269019;-1492.909385402243;-1.7175356393374097;-0.17763659073762028;-0.15728824593131563;0.120363346766859;-0.2066905946554911;-0.22350174221062247;-0.09266651178820595;-0.29302244685248624;-0.31007661378481544;-0.09294802006218195
2022-08-06 10:33:51.720;-0.7668791246164128;-1492.2989809043866;-1.7168333921081191;-0.1652301560627052;-0.144842653379758;0.12034468162207368;-0.2066905946554911;-0.22347724997771223;-0.09252547389255206;-0.28957621499835895;-0.30630213177079213;-0.09111993242025207
2022-08-06 10:33:51.740;-0.7867513064831959;-1491.6965738058861;-1.7161403455835402;-0.12514340842960792;-0.10295679468370977;0.12990605971298308;-0.17903459423020962;-0.19402702486765833;-0.08274153951088259;-0.26190736648657875;-0.2771217913733608;-0.08290205428370889
2022-08-06 10:33:51.760;-0.8051602575467347;-1491.1103990199845;-1.7154659737191047;-0.08504237667534653;-0.06105308325468073;0.13948521751089338;-0.1513666926109849;-0.16456118220153115;-0.07293812395744226;-0.23422661125192334;-0.2479264488724766;-0.07466803005971112
2022-08-06 10:33:51.780;-0.822148688711397;-1490.5324464217629;-1.7148010611698237;-0.07263356953563971;-0.04860516023106598;0.13946545022434353;-0.1513666926109849;-0.16453660242265045;-0.07279660343908745;-0.23422661125192334;-0.2479264488724766;-0.07466803005971112
2022-08-06 10:33:51.800;-0.8377647303077582;-1489.9544970825445;-1.7141361523699026;-0.09331491476842757;-0.06760825850418328;0.14952694553439638;-0.1642925333814773;-0.1781907636154969;-0.07673353811232264;-0.23422661125192334;-0.2479264488724766;-0.07466803005971112
2022-08-06 10:33:51.820;-0.8520751112205058;-1489.376566637562;-1.7134712653070832;-0.11399626000121543;-0.08660893964756511;0.15960398439181933;-0.17721837415202657;-0.19184449906000367;-0.0806683422464376;-0.23422661125192334;-0.2479264488724766;-0.07466803005971112
2022-08-06 10:33:51.840;-0.8652224695436965;-1488.798238438023;-1.7128059206427286;-0.13581722373606908;-0.10683163154701347;0.16923124077934126;-0.1912828262270736;-0.20672108720909677;-0.08506599096709078;-0.23536590419513104;-0.2491381957402723;-0.07506502096911483
2022-08-06 10:33:51.860;-0.8773709010220302;-1488.2190964643596;-1.712139639762101;-0.15763800451134102;-0.12705201174376057;0.17887237734070194;-0.20534715640214785;-0.2215970051825238;-0.08946087397299785;-0.236505176962563;-0.25034991569822296;-0.07546197634089236
2022-08-06 10:33:51.880;-0.8886772550608149;-1487.6395320332158;-1.711472872860161;-0.141093058547483;-0.10905178333709742;0.18691673071830817;-0.19500656517472947;-0.21062589358077588;-0.08603486064072285;-0.236505176962563;-0.25034991569822296;-0.07546197634089236
2022-08-06 10:33:51.900;-0.8993763116368213;-1487.0599565588127;-1.71080609325337;-0.12454811258356813;-0.09104966102310996;0.19497118990717954;-0.1846659739473111;-0.19965444002345833;-0.08260709982813452;-0.236505176962563;-0.25034991569822296;-0.07546197634089236
2022-08-06 10:33:51.920;-0.9096390635844726;-1486.480363130955;-1.7101392929918102;-0.1080031666197101;-0.07304564263572288;0.20303576614050112;-0.1743253827198359;-0.1886826443615277;-0.07917759082457465;-0.236505176962563;-0.25034991569822296;-0.07546197634089236
2022-08-06 10:33:51.940;-0.9196309475465618;-1485.9009290289177;-1.7094726760285652;-0.09093253547507629;-0.05447700329577643;0.21131304232461723;-0.16345960180907326;-0.17714855158120457;-0.07554506714039366;-0.23597972451551286;-0.24979305418884223;-0.0752904118909914
2022-08-06 10:33:51.960;-0.9294797760208041;-1485.3218316521743;-1.708806446455003;-0.07386183997624585;-0.035906294565879904;0.21960101200083582;-0.15259377907081983;-0.16561402941734826;-0.07191055945055602;-0.2354542677765572;-0.24923618709539141;-0.0751188406538148
2022-08-06 10:33:51.980;-0.9393000511363696;-1484.7430485712175;-1.7081405784668258;-0.08165051299499737;-0.04256145926749255;0.22627769692466604;-0.15211040165527123;-0.16502645240628766;-0.07132021442148684;-0.23497066579949077;-0.24872657290410416;-0.07497757591600429
2022-08-06 10:33:52.000;-0.9491027918562416;-1484.1645573036585;-1.7074750461988975;-0.08943921001491617;-0.049215534785307824;0.23296123434582938;-0.15162702060595024;-0.16443886625435056;-0.07072983903601315;-0.2344870601868898;-0.24821695415812428;-0.07483630639152228
2022-08-06 10:33:52.020;-0.9588800884366383;-1483.5863579829384;-1.7068098498047373;-0.09722793103651384;-0.05586852019351696;0.23965163041148152;-0.1511436359228;-0.1638512709611959;-0.07013943329250871;-0.2340034509387543;-0.2477073308576223;-0.07469503208012007
2022-08-06 10:33:52.040;-0.9685798856639093;-1483.0083082325655;-1.7061448254855902;-0.10550047550651698;-0.06303507323636737;0.2461810646934559;-0.1511436359228;-0.16377753258930028;-0.06971487513845531;-0.2340034509387543;-0.2477073308576223;-0.07469503208012007
2022-08-06 10:33:52.060;-0.9781096931891625;-1482.4302656088184;-1.7054798093653558;-0.11377301997657696;-0.07020058118522243;0.2527169700585157;-0.1511436359228;-0.16370379430511406;-0.06929031713044953;-0.2340034509387543;-0.2477073308576223;-0.07469503208012007
2022-08-06 10:33:52.080;-0.9873447579622157;-1481.8519842289315;-1.7048145185652357;-0.11863186434936779;-0.07469865561163047;0.254890581857655;-0.15186562495826905;-0.1645501121471611;-0.06999181663377563;-0.23472577538705863;-0.24847283712495027;-0.07493090103700961
2022-08-06 10:33:52.100;-0.9961475686316326;-1481.2732184209235;-1.704148670448931;-0.12349067996848362;-0.0791965982239482;0.25706486842559695;-0.1525876058872413;-0.16539641160746754;-0.0706932596583707;-0.23544809172517134;-0.24923833284020702;-0.07516675716733001
2022-08-06 10:33:52.120;-1.0043652616027194;-1480.6939686049227;-1.7034822654997834;-0.1283494668343792;-0.08369440900256464;0.2592398299218841;-0.1533095787099441;-0.16624269268694292;-0.07139464620868807;-0.23617039995314926;-0.2500038180034494;-0.07540260047186553
2022-08-06 10:33:52.140;-1.0118670679444215;-1480.1144720022494;-1.7028155766319268;-0.13257872445240082;-0.08751267225742154;0.2616900055529481;-0.15340252397381704;-0.16641078525403685;-0.07182547278112761;-0.23626338839642003;-0.2502830390481563;-0.07647100719755606
2022-08-06 10:33:52.160;-1.0185264289002829;-1479.5349863485535;-1.7021489003604535;-0.13680797927872845;-0.09133079002188893;0.26414108577966733;-0.15349546910331213;-0.16657887756044687;-0.07225629853639592;-0.2363563767052561;-0.250562259191895;-0.07753940793644531
2022-08-06 10:33:52.180;-1.0242332022331933;-1478.9560024754683;-1.7014828013685461;-0.13532883546400853;-0.09081113556007736;0.25859003990827745;-0.15977292150918032;-0.17322065872931347;-0.07422938185528416;-0.23487765544268413;-0.24899518195854853;-0.07705678767308921
2022-08-06 10:33:52.200;-1.0289377915672042;-1478.3780189891622;-1.7008178532836953;-0.13384965764919343;-0.09029067492938125;0.2530435545524341;-0.16605041917070906;-0.17986237788132797;-0.07620192448705154;-0.2333989001897372;-0.24742806050488753;-0.07657411367687494
2022-08-06 10:33:52.220;-1.032620193377781;-1477.8010376269158;-1.7001540581045762;-0.13237044583280522;-0.08976940863144378;0.24750162660032693;-0.17232796208931944;-0.1865040350396825;-0.07817392652959576;-0.23192011094493736;-0.24586089482795614;-0.07609138594108167
2022-08-06 10:33:52.240;-1.0353090865808117;-1477.2236611103071;-1.699489808315347;-0.13511485641924992;-0.09376502042485768;0.24035723034142986;-0.18282558691222306;-0.19765574918849182;-0.08173204395483324;-0.2346637375260876;-0.248764137575904;-0.07696200935522324
2022-08-06 10:33:52.260;-1.0370647590723787;-1476.6444940520378;-1.6988234985758313;-0.13785914996634574;-0.09768842214228712;0.23362762572572215;-0.1834994167425279;-0.19830173619586589;-0.08155836383494908;-0.23740724710125605;-0.2516672296378033;-0.07783245623683932
2022-08-06 10:33:52.280;-1.0379891586203995;-1476.0644337070335;-1.698156161143799;-0.13792115879908806;-0.09874044602779364;0.2279322886537738;-0.1814932615169127;-0.19608198567086532;-0.0803682283383047;-0.2305755336918729;-0.24420543657208782;-0.07432803644771635
2022-08-06 10:33:52.300;-1.0382247690107407;-1475.484374567728;-1.6974888250988776;-0.1379831675720311;-0.09979161651327573;0.22224192370931561;-0.1794871071172892;-0.19386219770890278;-0.07917788619106059;-0.22374382317513763;-0.2367432568339609;-0.07082151942817383
2022-08-06 10:33:52.320;-1.0379370876490008;-1474.904316633263;-1.6968214904400793;-0.13804517628528856;-0.100841934228729;0.2165565271030756;-0.17748095354365745;-0.19164237230418024;-0.07798733736221664;-0.21691211555105028;-0.22928069021713782;-0.06731290409660406
2022-08-06 10:33:52.340;-1.037307574611936;-1474.3247004380028;-1.696154663985486;-0.13673816098724956;-0.10042931939833366;0.2113841721585894;-0.17410690123940498;-0.1879622538581529;-0.07629193340473783;-0.21560538028773735;-0.2278957186720163;-0.06688558141100565
2022-08-06 10:33:52.360;-1.0365283920153194;-1473.7459687829178;-1.6954888551608243;-0.13749924828363191;-0.10321635867339651;0.19974258197938166;-0.17486906202392305;-0.1887986086096234;-0.0767040218412891;-0.21429861848269738;-0.2265107125812733;-0.06645821668763574
2022-08-06 10:33:52.380;-1.035800369539687;-1473.1676538783286;-1.6948235257918054;-0.13972551196007998;-0.10756275416011718;0.18758848343419743;-0.17709519582088973;-0.1911963032781827;-0.07764771332403253;-0.214456721394523;-0.2266739294971103;-0.06648491639915477
2022-08-06 10:33:52.400;-1.0353043091898093;-1472.5893063503827;-1.6941581588908516;-0.14195177298921635;-0.11190520041688856;0.17545719830340012;-0.17932132697077208;-0.19359396850304478;-0.0785912633115391;-0.21461482391782383;-0.22683714598150573;-0.06651161589886279
2022-08-06 10:33:52.420;-1.0351958638410457;-1472.0109193052413;-1.693492746526863;-0.14417803137087049;-0.1162437037607198;0.16334868912162204;-0.18154745547362694;-0.19599160428773388;-0.07953467182298457;-0.21477292605254306;-0.22700036203451646;-0.06653831518680153
2022-08-06 10:33:52.440;-1.035624038246628;-1471.4325145770053;-1.6928273138191445;-0.1462461571244944;-0.12041418321186725;0.1512940663641018;-0.18361558122725086;-0.19822524149210352;-0.08044670093709794;-0.22511355482083317;-0.23810332544979929;-0.070742799348265
2022-08-06 10:33:52.460;-1.0367054931033257;-1470.854113735586;-1.6921618855830614;-0.14883131431662378;-0.1240539506396523;0.14527767854448737;-0.18103042403523517;-0.1953718659771866;-0.07895352665655597;-0.23545418358906645;-0.2492056789458843;-0.07494404445932101
2022-08-06 10:33:52.480;-1.0385289617619724;-1470.2753964222138;-1.6914960932579963;-0.15252031688612533;-0.12886496213625165;0.1388952693045944;-0.17954824499096134;-0.1936901222977312;-0.0778338093512545;-0.2365577727396122;-0.2503679964073058;-0.07526278291155997
2022-08-06 10:33:52.500;-1.0411467356858188;-1469.6960429026294;-1.690829569001808;-0.15620928080966223;-0.1336747996298051;0.13251930971056236;-0.17806606673476466;-0.19200834916724574;-0.0767139268886936;-0.2376613429581731;-0.2515302902345411;-0.07558149689564964
2022-08-06 10:33:52.520;-1.0445803411275383;-1469.116053896454;-1.6901623136423933;-0.1598982060884282;-0.1384834641358772;0.1261497939284446;-0.17658388926675883;-0.19032654658186487;-0.07559387924851357;-0.23876489424531755;-0.25269256042849975;-0.07590018641377316
2022-08-06 10:33:52.540;-1.048814622706183;-1468.5357476805439;-1.6894946933452069;-0.1601772195476201;-0.13848859009900494;0.1277310396489737;-0.17065839315224451;-0.1839819662266322;-0.07329838981158154;-0.23904384792018263;-0.2529751527005146;-0.07591637095863124
2022-08-06 10:33:52.560;-1.0538154569469529;-1467.9554421724824;-1.6888270738623734;-0.16045623179684299;-0.13849364860633173;0.12931267449944084;-0.16473290778545646;-0.17763723920526076;-0.07100207732835351;-0.23932280038530607;-0.2532577437354462;-0.07593255539607213
2022-08-06 10:33:52.580;-1.059517934212996;-1467.3747529319735;-1.6881590129099098;-0.16159721684846318;-0.13943566989607703;0.13047985384559446;-0.15966881615306505;-0.1722293968879498;-0.06912339787883504;-0.240463540957645;-0.2543711874626524;-0.07575641663463095
2022-08-06 10:33:52.600;-1.0658350290396204;-1466.7932960282997;-1.6874900687900833;-0.16273818166791898;-0.14037763990276986;0.1316472233485495;-0.1546047531977237;-0.16682147899094701;-0.06724417631651036;-0.2416042613020828;-0.25548462012017126;-0.07558032938405024
2022-08-06 10:33:52.620;-1.0726583649211632;-1466.2110724785525;-1.6868202426730194;-0.1638791262560062;-0.14131955862413648;0.13281478302962757;-0.14954071891909138;-0.16141348548656964;-0.06536441250635949;-0.2427449614194721;-0.25659804170737743;-0.07540429363688528
2022-08-06 10:33:52.640;-1.0798783830247258;-1465.6289291290232;-1.686150508823265;-0.1606855659736084;-0.13663328946168818;0.1413400215690377;-0.15462020893809125;-0.1668227346698572;-0.06716210908206222;-0.24161972400167642;-0.255392503034102;-0.07496196666369759
2022-08-06 10:33:52.660;-1.087381700257248;-1465.0477339107092;-1.6854818657625223;-0.15749196992823045;-0.131944973398479;0.14987678696139373;-0.15969972751641848;-0.17223191707179097;-0.06895931282535983;-0.24049446690247223;-0.2541869367080949;-0.07451959727256963
2022-08-06 10:33:52.680;-1.0950411771921051;-1464.467008159736;-1.684813762806154;-0.15554788563571265;-0.12859986607773877;0.15789915317954062;-0.16602791187133192;-0.1789856347302461;-0.07128378265709845;-0.2406184431292182;-0.2543125304632099;-0.07452679207384794
2022-08-06 10:33:52.700;-1.1027469987333567;-1463.8862793775552;-1.684145656362496;-0.15360380287557973;-0.1252530228391926;0.16593153629142954;-0.17235609067360969;-0.1857391841596936;-0.07360740683977252;-0.24074241911722183;-0.25443812397395504;-0.07453398685392276
2022-08-06 10:33:52.720;-1.1104041248968954;-1463.3055475624642;-1.68347754642959;-0.1516597216478317;-0.12190444183190507;0.17397394722623183;-0.1786842639229107;-0.1924925654151579;-0.07593018564605636;-0.24086639486619887;-0.25456371724033033;-0.07454118161277368
2022-08-06 10:33:52.740;-1.1179450939890843;-1462.7247509030349;-1.6828093618957314;-0.16220013619306428;-0.13003797330717148;0.18803226074155344;-0.17371387889422607;-0.1870913795541682;-0.07354825012611332;-0.24106633111449227;-0.25477560679723865;-0.07460647488664218
2022-08-06 10:33:52.760;-1.1252994366413374;-1462.1438276037443;-1.6821410316675145;-0.17274053583361137;-0.13816645349507795;0.2021209719357877;-0.16874350038610686;-0.18169003494423208;-0.0711654334125269;-0.24126626674131657;-0.2549874955454925;-0.07467176717762758
2022-08-06 10:33:52.780;-1.1324357306632535;-1461.5628452749734;-1.6814726335281187;-0.1832669455869791;-0.1462646558801204;0.21630455711078422;-0.1637591621503347;-0.1762634001213641;-0.06871772488448169;-0.24145222876074612;-0.25517588370883004;-0.0746825586907045
2022-08-06 10:33:52.800;-1.139349833803991;-1460.9818715095244;-1.6808042452405003;-0.19379334151784633;-0.15435773472788483;0.23051898061603815;-0.15877483001960258;-0.17083659682830188;-0.06626908347467708;-0.24163819024249378;-0.25536427132215067;-0.07469335015604806
2022-08-06 10:33:52.820;-1.1460412304795315;-1460.4008946692265;-1.6801358534153847;-0.17950276065755588;-0.13917561843098625;0.23536314931683222;-0.16309686510722798;-0.17541948456445056;-0.06768514405613235;-0.24182415118661638;-0.25555265838568175;-0.07470414157361649
2022-08-06 10:33:52.840;-1.1525871278278237;-1459.8207879322217;-1.679468462611115;-0.16239856674781095;-0.1209901741394539;0.24124212414699375;-0.1646072326483008;-0.17700376376600246;-0.06808070934145682;-0.2391970632688718;-0.2527684994925039;-0.07384616438573932
2022-08-06 10:33:52.860;-1.1590687001548323;-1459.2424388896688;-1.6788030939676633;-0.14529400277712057;-0.10280329927886456;0.24712656829351065;-0.166117568027083;-0.17858800441879197;-0.06847624230979044;-0.23656986806400582;-0.24998420100058638;-0.07298801747769801
2022-08-06 10:33:52.880;-1.165606696531278;-1458.6645721459136;-1.6781382801906903;-0.13216915062344015;-0.08886549269815092;0.2515405537574473;-0.17160465590185225;-0.18441579529152108;-0.07032900453544588;-0.2310277314534197;-0.24410041886301315;-0.0711189937884118
2022-08-06 10:33:52.900;-1.172320482527877;-1458.0859306864804;-1.677472575132706;-0.11904440523909443;-0.07492721014628856;0.25595753307241775;-0.1770916767747721;-0.19024341324884375;-0.0721812216744464;-0.22548563081488382;-0.23821655215249393;-0.06924934153393814
2022-08-06 10:33:52.920;-1.1793653262316188;-1457.5065207675143;-1.6768059859911677;-0.1286687436173679;-0.08537112275999803;0.25143539095024003;-0.17844245301241557;-0.19167692970372485;-0.07263083072262688;-0.21994356614748867;-0.23233260083145524;-0.06737906053205922
2022-08-06 10:33:52.940;-1.186860646801502;-1456.9267380942256;-1.6761389680099152;-0.13731313769511644;-0.09475641907286914;0.2473459837305958;-0.178814180949324;-0.19205433590959586;-0.07265614658539743;-0.2203155199296667;-0.23270941492387465;-0.06740067851257425
2022-08-06 10:33:52.960;-1.1949477685149283;-1456.3469657194873;-1.6754719618767546;-0.14595750836571142;-0.1041412062051883;0.2432591604423635;-0.17918590673692592;-0.1924317399088622;-0.07268146222385319;-0.22068747156117396;-0.2330862268163969;-0.0674222963017872
2022-08-06 10:33:52.980;-1.2037530988423724;-1455.7678610939984;-1.6748057239637855;-0.15227958554180532;-0.1110593487918301;0.23995615705376583;-0.17723716815989832;-0.19034649748694932;-0.0719341472253463;-0.21873754901798392;-0.23101955982275513;-0.0667846364121818
2022-08-06 10:33:53.000;-1.2133926554201153;-1455.1900831585153;-1.6741410123573623;-0.15860171503999254;-0.11797723778321156;0.23665479258234878;-0.17528837051721524;-0.1882611751304566;-0.0711867221890028;-0.21678756737332705;-0.2289528159052452;-0.06614688291345505
2022-08-06 10:33:53.020;-1.2239353604349503;-1454.613626890372;-1.6734778212790982;-0.1483788945249671;-0.10872069371660942;0.23088941561703002;-0.17540763909820356;-0.18838510120493623;-0.07121117190225057;-0.21483752662419064;-0.22688599505795537;-0.06550903579022282
2022-08-06 10:33:53.040;-1.2354572176708514;-1454.0385175909105;-1.6728161798372279;-0.1384876538414801;-0.09979530113369961;0.2251336172260041;-0.17585835438361386;-0.18884078598241416;-0.07123083591605806;-0.21321911081576772;-0.2250075413131185;-0.06404254526743625
2022-08-06 10:33:53.060;-1.2479777332410518;-1453.4647887700485;-1.6721561265836407;-0.12859627995072742;-0.09086902492342475;0.219382592942849;-0.17630905210605619;-0.1892964519921847;-0.07125049340194778;-0.21160065429682717;-0.22312899075478754;-0.06257574523620324
2022-08-06 10:33:53.080;-1.2614812314221537;-1452.8917475012495;-1.6714968643326311;-0.12032368629331813;-0.08369795373252842;0.21287946247872824;-0.17837720052042272;-0.19150578605589175;-0.07202238985608922;-0.21160065429682717;-0.22312899075478754;-0.06257574523620324
2022-08-06 10:33:53.100;-1.2759126777084369;-1452.3186991615003;-1.6708375939467617;-0.112051092635852;-0.07652584176620181;0.20638277546439987;-0.18044534893478925;-0.19371510222386945;-0.07279419311287416;-0.21160065429682717;-0.22312899075478754;-0.06257574523620324
2022-08-06 10:33:53.120;-1.2911978107491473;-1451.745652681122;-1.6701783257000278;-0.11980664918974071;-0.08746962449950857;0.18819478498648756;-0.1778601634168453;-0.19092277719860107;-0.0716527819270878;-0.21160065429682717;-0.22312899075478754;-0.06257574523620324
2022-08-06 10:33:53.140;-1.3072072097422784;-1451.172029436122;-1.669518393907467;-0.12973446206905237;-0.10070326636807536;0.16937297418281716;-0.17744537258956683;-0.1904274193851947;-0.07119710318598838;-0.21377240642953765;-0.22540909777904972;-0.06316140395766734
2022-08-06 10:33:53.160;-1.3237901345943384;-1450.597263589043;-1.668857147594539;-0.13966208527085655;-0.11392699047266674;0.15060654075254654;-0.17703054728118417;-0.1899320193397429;-0.0707413813920521;-0.21594408525197295;-0.22768911514282308;-0.0637469780939357
2022-08-06 10:33:53.180;-1.3407713251659348;-1450.0219296785726;-1.6681952477462199;-0.14778956881173144;-0.12522081952684871;0.13255055009978012;-0.1748171515954695;-0.18751710109298614;-0.06962495479910658;-0.2232097779282718;-0.2354682095636349;-0.06657334483465682
2022-08-06 10:33:53.200;-1.3579733640654887;-1449.4466022050547;-1.6675333553033702;-0.14609349792431203;-0.12505396856366602;0.1237194932976653;-0.16898456427465902;-0.1812173087653477;-0.06705064796903581;-0.23047545073921683;-0.24324700701106394;-0.06939824579494225
2022-08-06 10:33:53.220;-1.3752404106460756;-1448.8712754942462;-1.666871463737989;-0.14439743019988782;-0.12488505226591329;0.11490059482860815;-0.1631519907471315;-0.1749173326203035;-0.06447529364170279;-0.2377411036851491;-0.2510255076187491;-0.07222168165562692
2022-08-06 10:33:53.240;-1.3924166610883264;-1448.2958620258796;-1.6662094723613268;-0.1425851349319487;-0.12460991978574398;0.10602208252112;-0.15720328663788763;-0.16851327352653556;-0.06197170818941178;-0.23799684840696145;-0.2512965489246426;-0.07230523645990505
2022-08-06 10:33:53.260;-1.4093728699199404;-1447.7202743058806;-1.6655472805147686;-0.14077284230108944;-0.124332688365687;0.09715592761568104;-0.15125459247447992;-0.16210903704230617;-0.05946713437738893;-0.23825259211218608;-0.2515675889079034;-0.07238878965543805
2022-08-06 10:33:53.280;-1.426015898800469;-1447.1438798819945;-1.6648841605859774;-0.14123178952507942;-0.12645949915802035;0.08757050114425535;-0.14757552339411717;-0.15811149995695217;-0.057706702551323374;-0.24077892318632266;-0.25422617333668995;-0.07310586926561147
2022-08-06 10:33:53.300;-1.4422859941687185;-1446.566048082219;-1.6642193870107282;-0.14375874327208749;-0.1285860046282643;0.08992348558529262;-0.15837295110107874;-0.16960533880332918;-0.06150163747328641;-0.24330515504970762;-0.25688463457822763;-0.07382282428954401
2022-08-06 10:33:53.320;-1.4581714155314391;-1445.9867825039764;-1.6635529639277191;-0.14628559778691397;-0.13071228217134845;0.09227726049570695;-0.16917013527565672;-0.18109848872435208;-0.06529426723291554;-0.24583128770921903;-0.25954297264451043;-0.07453965475227253
2022-08-06 10:33:53.340;-1.4737091266601685;-1445.406801805475;-1.6628857181259684;-0.1469366022874965;-0.1308196754446591;0.09541720029262457;-0.17809282553067618;-0.190571751720789;-0.06828719268572137;-0.23614187137752296;-0.24910033720112779;-0.07037610552456464
2022-08-06 10:33:53.360;-1.48898205222187;-1444.8268228527377;-1.662218474332653;-0.1475876002014047;-0.13092679979095934;0.09855868285598479;-0.18701547200938506;-0.20004470134644947;-0.07127873338029289;-0.2264524949541702;-0.23865714685706507;-0.06620938245383368
2022-08-06 10:33:53.380;-1.5041222699164003;-1444.2468260922687;-1.6615512100522176;-0.1476217043210113;-0.1304093013292551;0.1017325729763181;-0.19532171618984506;-0.20889343270774674;-0.07423766837152801;-0.2264865917667258;-0.23869328547266377;-0.06622053509570502
2022-08-06 10:33:53.400;-1.519309808887816;-1443.6668199764463;-1.6608839350088027;-0.16316612218548698;-0.14444524542230752;0.11071563516920513;-0.1953557910634558;-0.208807306538084;-0.07354481872667762;-0.22652068856126206;-0.23872942406489983;-0.06623168770896903
2022-08-06 10:33:53.420;-1.5347064300657651;-1443.086804855142;-1.6602166496049224;-0.17871053637844625;-0.1584792088995961;0.11971119685024423;-0.19538986591899032;-0.2087211811750862;-0.07285197271375132;-0.2265547853377221;-0.23876556263354587;-0.06624284029360439
2022-08-06 10:33:53.440;-1.5505162551575369;-1442.5066023917389;-1.6595491486710612;-0.19548549354215083;-0.17378935112404648;0.12846953181293763;-0.196653630395609;-0.20991271504154696;-0.07241094059015118;-0.22781936281506532;-0.24007322070349346;-0.06646891024253154
2022-08-06 10:33:53.460;-1.566929210256348;-1441.9260343859423;-1.6588812271945372;-0.21226029034710336;-0.189097499226623;0.13723958346333998;-0.1979173700294936;-0.2111042332328097;-0.0719699575106807;-0.22908391543375828;-0.2413808509336377;-0.06669496535901587
2022-08-06 10:33:53.480;-1.5840999971577445;-1441.345283468363;-1.6582130952849428;-0.21226029034710336;-0.18867967667384633;0.13964392466326458;-0.20205341707943347;-0.21552259919936745;-0.07351358696187482;-0.22908391543375828;-0.2414764535373024;-0.06724423661818246
2022-08-06 10:33:53.500;-1.6021861840598686;-1440.7645321330565;-1.6575449628947687;-0.21226029034710336;-0.1882616995808668;0.1420491666602679;-0.20618946412948702;-0.2199408935935807;-0.075056843648305;-0.22908391543375828;-0.24157205607804144;-0.06779350691517738
2022-08-06 10:33:53.520;-1.6212755292440528;-1440.1837803798771;-1.6568768300238481;-0.21226029034710336;-0.18784356789891277;0.14445530974869047;-0.21032551117948373;-0.22435911643108142;-0.07659972764959111;-0.22908391543375828;-0.24166765855568428;-0.06834277625000773
2022-08-06 10:33:53.540;-1.6413953002445063;-1439.602722893258;-1.656208345418198;-0.21382237767255674;-0.1890607815251748;0.14647076108769674;-0.21602255201573684;-0.2304119129390969;-0.07853541803875785;-0.23064600275921165;-0.243292791171541;-0.06867851865162944
2022-08-06 10:33:53.560;-1.662490938487967;-1439.0210546844392;-1.6555391581998145;-0.21538442706696515;-0.1902778575527897;0.14848681505614802;-0.22171951031375414;-0.23646450870804614;-0.0804704981436517;-0.23220805215362006;-0.24491787986704594;-0.0690142306827255
2022-08-06 10:33:53.580;-1.6844239438196118;-1438.4390799865869;-1.6548696183774194;-0.21588027042037083;-0.1864489595040233;0.17338457121407824;-0.2160110064695786;-0.23031606239450042;-0.07805014943484245;-0.23270389550702575;-0.2454201992723597;-0.06904303514826626
2022-08-06 10:33:53.600;-1.7069833940832777;-1437.857102697897;-1.6542000755743642;-0.21637610995173873;-0.1826035496947931;0.19837865226175921;-0.2103025200578017;-0.22416745845495;-0.07562887613133995;-0.23319973503839364;-0.245922514768381;-0.06907183927408234
2022-08-06 10:33:53.620;-1.729867168001689;-1437.2751228018242;-1.6535305297716136;-0.21687194566112566;-0.1787415742608438;0.2234693829754697;-0.20459405107842343;-0.2180186968276061;-0.07320667791725821;-0.23369557074778058;-0.24642482635499618;-0.0691006430601524
2022-08-06 10:33:53.640;-1.7526999953890132;-1436.69511569717;-1.6528632535905854;-0.2109859878419229;-0.1680558520681963;0.2509768373240462;-0.19250782152172263;-0.205072186545884;-0.06849275550226874;-0.22780961292857782;-0.24004310235426374;-0.06635205181653436
2022-08-06 10:33:53.660;-1.7750549798257573;-1436.1190913435785;-1.6522005594136355;-0.2050994914590092;-0.1573490170643801;0.27860309053013665;-0.18042080145485073;-0.19212416280870315;-0.06377503552638508;-0.2219231165456641;-0.23366055855080958;-0.06360195064735219
2022-08-06 10:33:53.680;-1.796461982150706;-1435.545065981998;-1.6515401650011963;-0.20817740313685817;-0.16239755914151388;0.26732254422930435;-0.1834984138975173;-0.1953551624062797;-0.06459709013438797;-0.22241593927753556;-0.23415968312582436;-0.06362979550035952
2022-08-06 10:33:53.700;-1.816398748602004;-1434.9710489557692;-1.6508797801782629;-0.2112553022384418;-0.1674427212208549;0.2560613929876432;-0.1865760137662491;-0.1985861300699625;-0.06541904965571188;-0.22290875823403766;-0.23465880384293314;-0.0636576400367419
2022-08-06 10:33:53.720;-1.8343543742465585;-1434.3970402615305;-1.650219404940968;-0.21433318876347585;-0.17248450825761452;0.24481960760174637;-0.18965360106070506;-0.20181706580145686;-0.06624091409756971;-0.2234015734148862;-0.23515792070202224;-0.06368548425646559
2022-08-06 10:33:53.740;-1.849835766603623;-1433.8230379741217;-1.6495590370744881;-0.21691826890855737;-0.17702268988907477;0.23363010284142494;-0.19223868120578658;-0.20454811172626108;-0.06703007029860775;-0.2234015734148862;-0.23515792070202224;-0.06368548425646559
2022-08-06 10:33:53.760;-1.8623933341081658;-1433.2490389048544;-1.648898672910358;-0.21691826890855737;-0.17899945104815984;0.2222527113314685;-0.19017061708975547;-0.20228967527483377;-0.06597492419591688;-0.2234015734148862;-0.23515792070202224;-0.06368548425646559
2022-08-06 10:33:53.780;-1.8716454650045407;-1432.6752969747977;-1.6482386045751396;-0.21660513755330157;-0.18061370047096048;0.2111535223537615;-0.18778960728044325;-0.19967253164892185;-0.06466249928185785;-0.223088430875233;-0.23480569608744872;-0.06346625933909955
2022-08-06 10:33:53.800;-1.877287792449083;-1432.1020675929394;-1.6475791259071884;-0.21629200467464216;-0.18222472978724014;0.200073126045897;-0.1854085914748893;-0.19705533171551082;-0.06334980295160886;-0.22277528681200565;-0.23445346833091207;-0.06324702552759298
2022-08-06 10:33:53.820;-1.8791126123172122;-1431.5293512052813;-1.6469202374196126;-0.21597887027252227;-0.18383254354566603;0.189011494934892;-0.1830275696729231;-0.1944380754649373;-0.06203683515425418;-0.22246214122531782;-0.23410123743235545;-0.06302778282164301
2022-08-06 10:33:53.840;-1.8770191319142737;-1430.956893284827;-1.646261646288754;-0.21649026787918046;-0.1863152174546805;0.17767687497333196;-0.18147060419433814;-0.19269841229148454;-0.061015772517365896;-0.22297355709821076;-0.2346193449900511;-0.0630575510564162
2022-08-06 10:33:53.860;-1.8709810139772751;-1430.3844255173535;-1.6456030438292735;-0.19011683565605608;-0.16126473578870915;0.16954015307173975;-0.18818589604031644;-0.19977213902469515;-0.06294619917931854;-0.22348496890537817;-0.23513744838896855;-0.06308731892877173
2022-08-06 10:33:53.880;-1.861153091633027;-1429.8117256412297;-1.6449441743375919;-0.163821067807703;-0.13632380937631083;0.16122309102944854;-0.19497867330797902;-0.20695670831312185;-0.06506725640244326;-0.22407393846958357;-0.2357617072328253;-0.06328007333967811
2022-08-06 10:33:53.900;-1.8477634708090873;-1429.238605563798;-1.6442848214202388;-0.13752540395398682;-0.11138143153008073;0.1529166276598346;-0.20177141994397374;-0.21414111958673487;-0.06718767133006587;-0.22466290264190647;-0.23638595905771354;-0.06347281920469161
2022-08-06 10:33:53.920;-1.831130901744502;-1428.665058705512;-1.6436249775076954;-0.11122984409360015;-0.08643760367343489;0.1446207513864497;-0.20856413594881218;-0.2213253728758886;-0.06930744409848799;-0.22525186142246056;-0.23701020386391747;-0.06366555652422523
2022-08-06 10:33:53.940;-1.81167266876872;-1428.0903077537296;-1.642963748331242;-0.08764306090148466;-0.06436658429837294;0.13543641594589584;-0.21806239947854777;-0.23138169547822685;-0.07233256036749225;-0.2285483270423434;-0.24048455499445254;-0.06463165039590457
2022-08-06 10:33:53.960;-1.7899212701966611;-1427.5136031327784;-1.6423002715324895;-0.11368881225985206;-0.091803879676295;0.1279450951714889;-0.21515233011219692;-0.22837841437657147;-0.07185355351481082;-0.2318446237546219;-0.24395869435488748;-0.06559752101352778
2022-08-06 10:33:53.980;-1.7663431296806766;-1426.9359478282204;-1.6416357010082956;-0.13662284733635488;-0.1159244964368078;0.12157045415886536;-0.2091341365992534;-0.22206195742690937;-0.07025544000789541;-0.23203056651055576;-0.2441470680385578;-0.06560833435253688
2022-08-06 10:33:54.000;-1.7415000944982704;-1426.3583169648991;-1.640971158602818;-0.15955685265362263;-0.14004380358821678;0.11520224675458746;-0.20311595051875742;-0.21574545307506554;-0.06865707198709092;-0.23221650872909194;-0.2443354411723817;-0.06561914764370691
2022-08-06 10:33:54.020;-1.7159560134246543;-1425.78071054248;-1.6403066443156713;-0.1824908282116553;-0.16416180235583866;0.10884046717655682;-0.1970977718705953;-0.20942890132752012;-0.06705844950359108;-0.23240245041011676;-0.24452381375641608;-0.06562996088703521
2022-08-06 10:33:54.040;-1.6902571966188313;-1425.2033485344946;-1.639642411218063;-0.20458792057405617;-0.18739381990909365;0.10274385899887761;-0.1902432852144429;-0.20222752422559864;-0.06519712933447508;-0.2317515680056168;-0.243833949975226;-0.06541703437866442
2022-08-06 10:33:54.060;-1.6648665772180553;-1424.62643086943;-1.6389786893201361;-0.18584192854950743;-0.16993065135639895;0.09499568346199094;-0.1921778028335197;-0.20410906864329803;-0.06485362225780111;-0.23110067901574993;-0.2431440776222189;-0.06520409743664057
2022-08-06 10:33:54.080;-1.6402880065499068;-1424.049657713338;-1.6383151336743031;-0.16823350451545593;-0.1536653981501992;0.08692368977896159;-0.1952490876465376;-0.20719016257557854;-0.06484904308728456;-0.2315872565632695;-0.243545674570953;-0.06470759472773313
2022-08-06 10:33:54.100;-1.6168967522785895;-1423.4727492863094;-1.6376514224043863;-0.15062513762677554;-0.13739863679640862;0.07886181291106542;-0.19832036009179177;-0.21027128205255252;-0.0648446823884612;-0.23207383043023455;-0.243947270830688;-0.0642111071098066
2022-08-06 10:33:54.120;-1.5949791398769726;-1422.8957056058644;-1.6369875555305429;-0.1330168278824999;-0.12113036877983419;0.07081004200220153;-0.20139162016956647;-0.21335242706029334;-0.06484054008807494;-0.23256040061675876;-0.24434886640165132;-0.06371463458240179
2022-08-06 10:33:54.140;-1.574747667468022;-1422.3185872864342;-1.6363236027873769;-0.1330168278824999;-0.12085459179641944;0.07239634318394561;-0.20139162016956647;-0.21335242706029334;-0.06484054008807494;-0.23256040061675876;-0.24434886640165132;-0.06371463458240179
2022-08-06 10:33:54.160;-1.5562698251912475;-1421.7414755728169;-1.6356596576439484;-0.1330168278824999;-0.12057874670884772;0.07398304111397458;-0.20139162016956647;-0.21335242706029334;-0.06484054008807494;-0.23256040061675876;-0.24434886640165132;-0.06371463458240179
2022-08-06 10:33:54.180;-1.5395244997325044;-1421.1642057747158;-1.6349955306303154;-0.1338569562220755;-0.12118076018871093;0.07536909967587846;-0.20223096855706757;-0.21423026574679938;-0.06504550526221031;-0.23340028897103693;-0.24522165733770862;-0.06388942653141338
2022-08-06 10:33:54.200;-1.5243936255810375;-1420.5866201695972;-1.6343310402926836;-0.13469707359274707;-0.12178271398508755;0.07675545010344642;-0.20307030598589648;-0.2151080915434349;-0.06525046063923678;-0.23424016635959433;-0.24609443565924494;-0.06406421014664954
2022-08-06 10:33:54.220;-1.5106688225500124;-1420.0087189333499;-1.6336661868334066;-0.13553717999474202;-0.12238460809030371;0.07814209244712078;-0.20390963245628058;-0.2159859044506547;-0.06545540621974588;-0.23508003278265832;-0.24696720136671502;-0.06423898542859252
2022-08-06 10:33:54.240;-1.4980660076514982;-1419.430661277518;-1.6330011534193287;-0.14032408259066642;-0.12346135504103373;0.09957802372880575;-0.20455997863981423;-0.21659716381653737;-0.06521738550940182;-0.23056085723504438;-0.2422962291191766;-0.06344351056833197
2022-08-06 10:33:54.260;-1.4862394137355044;-1418.852606319655;-1.6323361231091618;-0.14511096000660473;-0.1245258081970384;0.12108615754465113;-0.20521031824394953;-0.21720841744504327;-0.06497936859598585;-0.22604169834681542;-0.23762528456290966;-0.06264812238208073
2022-08-06 10:33:54.280;-1.4748045145010045;-1418.2742753251296;-1.6316707752292812;-0.1500683936707219;-0.12579581701024622;0.14239792843098353;-0.20603108163609107;-0.2180377160592215;-0.0650122017520669;-0.22686301908367668;-0.2384958199711491;-0.0629169415872406
2022-08-06 10:33:54.300;-1.4633614066207223;-1417.695389827546;-1.6310047894146584;-0.15502579338044598;-0.12705381147086214;0.16378026222532238;-0.20685183454994416;-0.21886700619696597;-0.0650450468285877;-0.2276843293350872;-0.23936634172997628;-0.0631857441724124
2022-08-06 10:33:54.320;-1.4515124730062428;-1417.115950350366;-1.6303381662675156;-0.15998315913628858;-0.12829975865551901;0.1852333608870662;-0.2076725769859067;-0.21969628785839035;-0.06507790382404544;-0.22850562910150174;-0.2402368498397891;-0.06345453013877478
2022-08-06 10:33:54.340;-1.4388884972973517;-1416.535214210373;-1.6296700513589737;-0.1638514576506509;-0.13011179390210614;0.19714223966440958;-0.211537560289365;-0.22372521163614323;-0.06594516975457765;-0.23237323694695178;-0.2442969743891581;-0.06449500737821268
2022-08-06 10:33:54.360;-1.4251570456247904;-1415.9524420513844;-1.62899959408778;-0.16771952361125386;-0.13191999904634955;0.20907241569579238;-0.21540231123847065;-0.22775387031574468;-0.06681227341043527;-0.236240612280195;-0.24835681476326954;-0.06553521737688683
2022-08-06 10:33:54.380;-1.4100500811623724;-1415.368646338342;-1.6283279592564586;-0.16815338278377112;-0.13007019650658336;0.22222232635408723;-0.21583579858482693;-0.22813273083172447;-0.0664890634588895;-0.2366743939889453;-0.24879626535152966;-0.06556043137965517
2022-08-06 10:33:54.400;-1.393382551627154;-1414.7848568234258;-1.6276563315558463;-0.16858723903061446;-0.12821583761271782;0.23539882383014277;-0.21626928300795356;-0.22851158922198778;-0.06616585698211086;-0.23710817277241958;-0.2492357129480638;-0.06558564512226894
2022-08-06 10:33:54.420;-1.375037543588692;-1414.201063316541;-1.6269846992626256;-0.16074953536087833;-0.11993403858591378;0.23779713155607496;-0.21670276450790737;-0.22887819498364337;-0.06577210357232843;-0.23754194863078837;-0.24967515755224667;-0.06561085860475391
2022-08-06 10:33:54.440;-1.3550044800446666;-1413.6179693063677;-1.626313871713848;-0.15036717079090067;-0.1089511989240215;0.2410440922798891;-0.21459388642400512;-0.2265478929873197;-0.06453886162173461;-0.235431638499616;-0.24743845519753904;-0.06492046052110112
2022-08-06 10:33:54.460;-1.3333641174504358;-1413.0362832653846;-1.6256446639802355;-0.13998461638124127;-0.0979678396586543;0.24429273485637992;-0.21248493915921784;-0.22421747557429939;-0.06330536973434953;-0.2333212591404923;-0.2452016627314606;-0.06422995274404819
2022-08-06 10:33:54.480;-1.3102863162859202;-1412.455298603476;-1.6249762631566533;-0.13220885677594651;-0.08974829209777013;0.24669008379105062;-0.21298037551510873;-0.22464696753538504;-0.0629157461700327;-0.23381703192569248;-0.24570391744089193;-0.06425878433633159
2022-08-06 10:33:54.500;-1.2860133836673344;-1411.8743069752454;-1.624307854318582;-0.12443312167931708;-0.08152859444166793;0.24908832057084496;-0.21347580805254296;-0.22507645678140165;-0.06252612740000796;-0.23431280088976436;-0.24620616824176977;-0.06428761558856166
2022-08-06 10:33:54.520;-1.2608808749761313;-1411.293315451614;-1.6236394456008478;-0.12906486372634163;-0.08745579955925464;0.24172733869170315;-0.2119033279990603;-0.22327210255897256;-0.061222060172204884;-0.23480856603299216;-0.24670841513437836;-0.06431644650074553
2022-08-06 10:33:54.540;-1.2352499958108583;-1410.7114213446548;-1.6229699984952195;-0.13590677468823742;-0.09577546877025966;0.23336163225737572;-0.21253892319125356;-0.22385797213299696;-0.060923046518980506;-0.23751386715474254;-0.24957575967516732;-0.06520158332611459
2022-08-06 10:33:54.560;-1.2095380346178775;-1410.1277177554948;-1.6222984696489318;-0.1427484945611468;-0.1040929770747745;0.2250070003014608;-0.2131744433464391;-0.2244437688297225;-0.06062404530414156;-0.2402190545162135;-0.25244295614055545;-0.06608653990391211
2022-08-06 10:33:54.580;-1.184188307273684;-1409.5425968231357;-1.6216253102030365;-0.14892979450206667;-0.11167418869021972;0.21707550685668497;-0.21315026311415153;-0.22429636655456164;-0.05991489402005712;-0.24226407371878267;-0.2545872246024601;-0.06662211008693752
2022-08-06 10:33:54.600;-1.1596478811301614;-1408.956448757781;-1.620950969079577;-0.15511097098482196;-0.11925352190857907;0.209153895563718;-0.2131260471286609;-0.22414892071090975;-0.05920569755813965;-0.2443090279107274;-0.25673141419110834;-0.06715760871766463
2022-08-06 10:33:54.620;-1.136364563816263;-1408.3692819461357;-1.6202754559271393;-0.1752498515599541;-0.13974306467040165;0.2075382613509813;-0.21000005593790405;-0.22090806926902218;-0.058606444121041434;-0.24635391709557197;-0.2588755249121846;-0.06769303580730934
2022-08-06 10:33:54.640;-1.114724882624651;-1407.781613331048;-1.6195993654688687;-0.1942263557895103;-0.1589669825786224;0.20649338355004954;-0.20571286781883913;-0.2164032275426493;-0.057438347399605405;-0.2472368308074202;-0.25976996896372384;-0.06774431818650406
2022-08-06 10:33:54.660;-1.0950794009177518;-1407.1939734164698;-1.6189233080294458;-0.21320273753127594;-0.1781907263698237;0.2054486656312493;-0.20142569912163566;-0.21189838632223967;-0.05627017326379402;-0.24811973240025154;-0.26066440061964613;-0.06779559948911817
2022-08-06 10:33:54.680;-1.0777076375096213;-1406.6062052569105;-1.618247103049035;-0.23174225805672677;-0.19699540918279368;0.20429264149860416;-0.19670206068879992;-0.2069748698099474;-0.05521319712006445;-0.24856588314338168;-0.2611372591127292;-0.06794149189265042
2022-08-06 10:33:54.700;-1.0628004734601908;-1406.0181498785023;-1.6175705676342298;-0.23012059838998766;-0.19778717614846997;0.1903698328122383;-0.20128356801838976;-0.21174812498704654;-0.05622618330500195;-0.24901203079224032;-0.26161011357879715;-0.0680873793958181
2022-08-06 10:33:54.720;-1.0505024145681943;-1405.429798320365;-1.6168936914758767;-0.22849894200277276;-0.19857383761703673;0.1764769677389868;-0.2058650595078788;-0.21652135231661163;-0.05723913069799025;-0.24945817534694115;-0.2620829640176794;-0.06823326199881219
2022-08-06 10:33:54.740;-1.0408465185352713;-1404.8412988628334;-1.6162166451648783;-0.2264311378739876;-0.1988780690999512;0.16278460651851479;-0.21000066776544912;-0.22081737469411422;-0.0580806045303115;-0.24945817534694115;-0.2620829640176794;-0.06823326199881219
2022-08-06 10:33:54.760;-1.03377771178922;-1404.2527997109792;-1.6155395992055501;-0.22436333374520245;-0.19917736057411517;0.14912124257194748;-0.2141362760229626;-0.2251133951565052;-0.058922089982367254;-0.24945817534694115;-0.2620829640176794;-0.06823326199881219
2022-08-06 10:33:54.780;-1.0291553481949864;-1403.6643008597966;-1.6148625535921335;-0.22229552961647414;-0.1994717208238832;0.13548682238794374;-0.21827188428041921;-0.22940941369258638;-0.05976358699261208;-0.24945817534694115;-0.2620829640176794;-0.06823326199881219
2022-08-06 10:33:54.800;-1.026751388739093;-1403.0757976732348;-1.6141855029910275;-0.2140243131014472;-0.19061748354156194;0.13867869554240375;-0.22033968840920437;-0.2316676740004695;-0.06081929225908844;-0.24945817534694115;-0.2620829640176794;-0.06823326199881219
2022-08-06 10:33:54.820;-1.0262941667745982;-1402.4872855176727;-1.6135084420714265;-0.2057530965864771;-0.18176293899742646;0.1418721746703122;-0.22240749253798953;-0.23392590250747247;-0.06187482725596638;-0.24945817534694115;-0.2620829640176794;-0.06823326199881219
2022-08-06 10:33:54.840;-1.0274509213560643;-1401.8987643929213;-1.6128313708331135;-0.19748188007139333;-0.1729080870486861;0.1450672604883243;-0.22447529666671784;-0.23618409921837014;-0.06293019200756778;-0.2546276856687619;-0.26723347423376254;-0.06803646143540476
2022-08-06 10:33:54.860;-1.0298547738760084;-1401.3102342988204;-1.612154289275904;-0.18921066355642324;-0.16405292755237966;0.148263953713192;-0.226543100795503;-0.23844226413770997;-0.06398538653813901;-0.25979719599063955;-0.2723841219704468;-0.06784044395345834
2022-08-06 10:33:54.880;-1.0331243892041215;-1400.721688219237;-1.6114771893280029;-0.18093944704145315;-0.15519746036565962;0.15146225506218958;-0.22861090492428815;-0.24070039727032366;-0.06504041087190071;-0.25979719599063955;-0.2723841219704468;-0.06784044395345834
2022-08-06 10:33:54.900;-1.0368982357675;-1400.1331485194896;-1.6108000967198615;-0.18921066355642324;-0.1627968970939584;0.1554913425280171;-0.22033968840920437;-0.23186367762266258;-0.06194809741505125;-0.25979719599063955;-0.2723841219704468;-0.06784044395345834
2022-08-06 10:33:54.920;-1.0407946970895658;-1399.5446165169778;-1.6101230129670976;-0.19748188007139333;-0.1703959471640566;0.15952291748178649;-0.21206847189417743;-0.22302667114561103;-0.058854289921744574;-0.25979719599063955;-0.2723841219704468;-0.06784044395345834
2022-08-06 10:33:54.940;-1.044485682654786;-1398.9560922114251;-1.609445938069393;-0.2057530965864771;-0.17799461039541953;0.16355698123109885;-0.20379725537926419;-0.21418937771093027;-0.055758987752913214;-0.25979719599063955;-0.2723841219704468;-0.06784044395345834
2022-08-06 10:33:54.960;-1.0476870170077275;-1398.367575602526;-1.6087688720263968;-0.2140243131014472;-0.18559288660773987;0.1675935350841815;-0.1955260388641804;-0.20535179719026786;-0.05266219026925434;-0.25979719599063955;-0.2723841219704468;-0.06784044395345834
2022-08-06 10:33:54.980;-1.0501665362176298;-1397.7790666900037;-1.6080918148377903;-0.22229552961647414;-0.19319077562053977;0.17163258034980888;-0.18725482234921031;-0.19651392945538504;-0.04956389683125284;-0.2563508557760734;-0.26885084164922546;-0.06739931970070412
2022-08-06 10:33:55.000;-1.0517291031101113;-1397.1905571538882;-1.6074147569317636;-0.21454126413362928;-0.18436161289290354;0.1776646316261692;-0.19759384299296556;-0.20740785212810664;-0.05255332748024699;-0.2529045155615073;-0.26531757445553694;-0.06695828099271761
2022-08-06 10:33:55.020;-1.0522707816394272;-1396.6020386738892;-1.6067376887361378;-0.20678699865078443;-0.17553142094820728;0.1837023551323913;-0.20793286363666397;-0.21830154402268676;-0.05554162499139981;-0.24945817534694115;-0.2617843203996131;-0.06651732788556775
2022-08-06 10:33:55.040;-1.0517188184439747;-1396.0135112491043;-1.6060606102498751;-0.1990327331679964;-0.1667001989266943;0.18974575556740625;-0.21827188428041921;-0.2291950051813032;-0.058528789506014256;-0.24945817534694115;-0.2617843203996131;-0.06651732788556775
2022-08-06 10:33:55.060;-1.0500418074675615;-1395.4249748786315;-1.6053835214719376;-0.1912784676852084;-0.1578679459686647;0.19579483763364092;-0.22861090492428815;-0.24008823564556536;-0.06151482116562512;-0.24945817534694115;-0.2617843203996131;-0.06651732788556775
2022-08-06 10:33:55.080;-1.0472356434810788;-1394.8364280702735;-1.6047064206856092;-0.18093944704145315;-0.14609000352411172;0.20386912661584677;-0.226543100795503;-0.2378545059089774;-0.06060035957235854;-0.24945817534694115;-0.2617843203996131;-0.06651732788556775
2022-08-06 10:33:55.100;-1.0433211803914308;-1394.2478693314988;-1.6040293061737885;-0.1706004263976979;-0.13431022473108456;0.2119535358064777;-0.22447529666671784;-0.235620751297823;-0.05968576613138055;-0.24945817534694115;-0.2617843203996131;-0.06651732788556775
2022-08-06 10:33:55.120;-1.038322002872381;-1393.6592986606775;-1.6033521779346007;-0.16026140575382897;-0.12252860754594863;0.22004807638077395;-0.22240749253798953;-0.23338697180874846;-0.05877104082559903;-0.24945817534694115;-0.2617843203996131;-0.06651732788556775
2022-08-06 10:33:55.140;-1.0322553278826327;-1393.070709039741;-1.6026750278940238;-0.14992238511013056;-0.11074514992313667;0.22815275952487823;-0.22033968840920437;-0.23115316743851366;-0.05785618363789702;-0.2546276856687619;-0.26708420641074326;-0.06717878965010105
2022-08-06 10:33:55.160;-1.0251230982883592;-1392.4821144999805;-1.6019978721945267;-0.13958336446637531;-0.09895984981480765;0.2362675964359413;-0.21827188428041921;-0.22891933818370802;-0.05694119455115576;-0.25979719599063955;-0.2723841219704468;-0.06784044395345834
2022-08-06 10:33:55.180;-1.0169376863015822;-1391.8935229453564;-1.6013207199293158;-0.1581936016251575;-0.11663990249875056;0.24199384195687568;-0.22033968840920437;-0.23107966684946035;-0.057432882986716116;-0.25979719599063955;-0.2723841219704468;-0.06784044395345834
2022-08-06 10:33:55.200;-1.0076174975315517;-1391.304949296995;-1.6006435882645809;-0.17680383878393968;-0.13431924362945225;0.24772498379957586;-0.22240749253798953;-0.23323999152179198;-0.05792455497214544;-0.25979719599063955;-0.2723841219704468;-0.06784044395345834
2022-08-06 10:33:55.220;-0.997086694529504;-1390.716393554736;-1.599966477200138;-0.19541407594266502;-0.1519978727912168;0.2534610254545395;-0.22447529666671784;-0.23540031220013447;-0.05841621050328971;-0.25979719599063955;-0.2723841219704468;-0.06784044395345834
2022-08-06 10:33:55.240;-0.9852450732535912;-1390.127855718405;-1.5992893867357865;-0.2140243131014472;-0.16967578956806406;0.2592019704140247;-0.226543100795503;-0.23756062888374885;-0.05890784957601358;-0.25979719599063955;-0.2723841219704468;-0.06784044395345834
2022-08-06 10:33:55.260;-0.9719746662270323;-1389.5393357878274;-1.598612316871325;-0.23263455026028623;-0.18735299354429813;0.2649478221724566;-0.22861090492428815;-0.23972094157200985;-0.05939947218611952;-0.25979719599063955;-0.2723841219704468;-0.06784044395345834
2022-08-06 10:33:55.280;-0.9571351415737659;-1388.950827616478;-1.5979352605354098;-0.237804060582107;-0.19289406979467927;0.2629132273350905;-0.22085663944138645;-0.23143600385591157;-0.05649758765662316;-0.2563508557760734;-0.26885084164922546;-0.06739931970070412
2022-08-06 10:33:55.300;-0.9406178007904038;-1388.3623250578894;-1.597258210656763;-0.24297357090398464;-0.1984350240019559;0.2608792705979015;-0.2131023739585416;-0.22315081380113355;-0.053594388712304486;-0.2529045155615073;-0.26531757445553694;-0.06695828099271761
2022-08-06 10:33:55.320;-0.9223165219852072;-1387.7738281119891;-1.5965811672353014;-0.24814308122586226;-0.2039758562013141;0.25884595178330994;-0.20534810847575358;-0.2148653713018902;-0.05068987482608556;-0.24945817534694115;-0.2617843203996131;-0.06651732788556775
2022-08-06 10:33:55.340;-0.9021550702743538;-1387.185336778719;-1.5959041302709578;-0.2533125915477399;-0.20951656642828098;0.25681327071384175;-0.19759384299296556;-0.20657967625245277;-0.047784045470596226;-0.24945817534694115;-0.2617843203996131;-0.06651732788556775
2022-08-06 10:33:55.360;-0.8800853379038635;-1386.5968446474508;-1.5952270923885479;-0.24297357090398464;-0.20240028394741572;0.238053899611411;-0.19759384299296556;-0.20650606115273007;-0.04736011017676134;-0.24945817534694115;-0.2617843203996131;-0.06651732788556775
2022-08-06 10:33:55.380;-0.8561402818333519;-1386.0083382876255;-1.5945500381367226;-0.23263455026028623;-0.19527505261109823;0.21934807589253769;-0.19759384299296556;-0.20643244614026202;-0.046936175027231464;-0.24945817534694115;-0.2617843203996131;-0.06651732788556775
2022-08-06 10:33:55.400;-0.8304012678683483;-1385.4198317212213;-1.5938729836472358;-0.22229552961647414;-0.18814089345912421;0.20069566686592655;-0.19759384299296556;-0.20635883121493492;-0.04651224002199594;-0.24945817534694115;-0.2617843203996131;-0.06651732788556775
2022-08-06 10:33:55.420;-0.8030176692095137;-1384.8313179238394;-1.5931959208387836;-0.2119565089727189;-0.18099782749127158;0.1820965401256034;-0.19759384299296556;-0.20628521637652142;-0.04608830516100859;-0.24945817534694115;-0.2617843203996131;-0.06651732788556775
2022-08-06 10:33:55.440;-0.7742053065949475;-1384.242796886545;-1.5925188497010865;-0.2016174883289068;-0.173845875667471;0.16355056355045683;-0.19759384299296556;-0.2062116016254194;-0.0456643704442099;-0.24945817534694115;-0.2616051339338128;-0.06548776291026481
2022-08-06 10:33:55.460;-0.7442843598812764;-1383.6542842179406;-1.5918417881912499;-0.22229552961647414;-0.19752137978614215;0.14671042104424004;-0.20172945125047903;-0.2106553061477925;-0.047356160626803145;-0.24945817534694115;-0.2614259472467779;-0.06445819455442248
2022-08-06 10:33:55.480;-0.7135606237779836;-1383.0657955275456;-1.591164754267434;-0.24297357090398464;-0.22118886985041186;0.1299145573332341;-0.2058650595078788;-0.21509892487940618;-0.04904749942046038;-0.24945817534694115;-0.2614259472467779;-0.06445819455442248
2022-08-06 10:33:55.500;-0.6824276647995683;-1382.4773308082295;-1.5904877479214354;-0.263651612191552;-0.2448483645420403;0.11316286986050894;-0.21000066776544912;-0.21954245784180415;-0.05073838693375965;-0.24945817534694115;-0.2614259472467779;-0.06445819455442248
2022-08-06 10:33:55.520;-0.6513165557456015;-1381.8888900528618;-1.589810769145051;-0.28432965347900563;-0.2684998825053846;0.09645525627976337;-0.2141362760229626;-0.22398590505641636;-0.05242882327517773;-0.24945817534694115;-0.2614259472467779;-0.06445819455442248
2022-08-06 10:33:55.540;-0.6206798046704834;-1381.300473254356;-1.5891338179301275;-0.3050076947666298;-0.29214344234802425;0.07979161445496263;-0.21827188428041921;-0.22842926654438855;-0.054118808553125675;-0.24945817534694115;-0.2614259472467779;-0.06445819455442248
2022-08-06 10:33:55.560;-0.5909251429464537;-1380.7120605520686;-1.5884568714277483;-0.28949916380088325;-0.2765864915091676;0.07976740342661603;-0.21827188428041921;-0.22827611995025876;-0.05323681424865434;-0.24945817534694115;-0.2614259472467779;-0.06445819455442248
2022-08-06 10:33:55.580;-0.5625388245783864;-1380.1236320891257;-1.5877799067933323;-0.2739906328353072;-0.26102954462826133;0.07974317221606952;-0.21827188428041921;-0.22812297373385348;-0.05235482057219798;-0.24945817534694115;-0.261545405062634;-0.06514457383393246
2022-08-06 10:33:55.600;-0.5359214540561097;-1379.5351878659494;-1.5871029240273653;-0.25848210186967435;-0.24547260170541918;0.0797189208256075;-0.21827188428041921;-0.22796982789505904;-0.05147282752346616;-0.24945817534694115;-0.2616648627802647;-0.06583095161098029
2022-08-06 10:33:55.620;-0.5114167711944145;-1378.9467278829616;-1.586425923130333;-0.24297357090398464;-0.2299156627407548;0.07969464925751968;-0.21827188428041921;-0.22781668243381858;-0.05059083510218887;-0.24945817534694115;-0.2617843203996131;-0.06651732788556775
2022-08-06 10:33:55.640;-0.48928396574445127;-1378.358243620758;-1.5857488943009834;-0.2264311378739876;-0.21138805138352623;0.09079461717389847;-0.22033968840920437;-0.23005066773904304;-0.051506689081412205;-0.24945817534694115;-0.2617843203996131;-0.06651732788556775
2022-08-06 10:33:55.660;-0.4696994047872568;-1377.7697476038375;-1.5850718519482778;-0.20988870484393374;-0.19285686730095009;0.1019141190048316;-0.22240749253798953;-0.23228462813997197;-0.052422411054487306;-0.24945817534694115;-0.2617843203996131;-0.06651732788556775
2022-08-06 10:33:55.680;-0.4527332978779304;-1377.1812328139713;-1.58439478799801;-0.19334627181399355;-0.17432210487462285;0.11305318505825301;-0.22447529666671784;-0.23451856363978862;-0.0533380010385498;-0.24945817534694115;-0.2617843203996131;-0.06651732788556775
2022-08-06 10:33:55.700;-0.4383397677018365;-1376.5926992481182;-1.583717702446681;-0.17680383878393968;-0.15578375847886505;0.12421184568385168;-0.226543100795503;-0.2367524742417899;-0.05425345905063761;-0.24945817534694115;-0.2617843203996131;-0.06651732788556775
2022-08-06 10:33:55.720;-0.42636000479026914;-1376.0041469032512;-1.5830405952908089;-0.16026140575382897;-0.13724182248003913;0.13539013127320576;-0.22861090492428815;-0.23898635994927275;-0.055168785107920115;-0.24945817534694115;-0.2617843203996131;-0.06651732788556775
2022-08-06 10:33:55.740;-0.41658817266294007;-1375.4152335897306;-1.582363072854188;-0.17099261773711305;-0.14791781220666067;0.13591943790506988;-0.23726442685184423;-0.24772346073515195;-0.055477784511679396;-0.2601867051019404;-0.27252581427279665;-0.06640989166336286
2022-08-06 10:33:55.760;-0.40859021421918246;-1374.8256176228388;-1.581684742041507;-0.18172204005696813;-0.15859198358893778;0.13644891406146797;-0.2459163140221321;-0.2564588850239815;-0.05578659436623923;-0.2709134456408684;-0.2832655257749934;-0.06630251713041435
2022-08-06 10:33:55.780;-0.4018707577062245;-1374.2356513853374;-1.5810060082557713;-0.18224862236331774;-0.15884806938888474;0.13801569363521793;-0.24437476787405643;-0.2547838292070068;-0.05504832963934714;-0.2714398963299196;-0.2837988525411106;-0.0663331005246226
2022-08-06 10:33:55.800;-0.3959471225106535;-1373.6456867565648;-1.5803272763208172;-0.1827752003595151;-0.15910408660389308;0.13958285353445454;-0.24283322494070347;-0.2531087608307061;-0.05430998077953042;-0.2719663427097281;-0.2843321748995322;-0.06636368353603839
2022-08-06 10:33:55.820;-0.39025491145089924;-1373.0557237364337;-1.579648546236544;-0.1833017740456171;-0.15936003522105935;0.14115039383903394;-0.24129168522207323;-0.2514336798933172;-0.053571547778344275;-0.2724927847806349;-0.2848654928507699;-0.06639426616466704
2022-08-06 10:33:55.840;-0.38423021239462246;-1372.46621822194;-1.5789703424951587;-0.1964230798168387;-0.17438191867066521;0.13047324734404864;-0.24200830261050754;-0.25205000900162844;-0.05297964569966762;-0.2711408838121052;-0.28343263467701263;-0.06595199581709554
2022-08-06 10:33:55.860;-0.37729286114299265;-1371.87762677126;-1.5782931903495314;-0.2095444923650689;-0.18940070314468826;0.11981380834924593;-0.24272491091746673;-0.25266634044682945;-0.05238780593807313;-0.2697889544298242;-0.2819997395194491;-0.06550968044788874
2022-08-06 10:33:55.880;-0.368919363666607;-1371.2893446311136;-1.5776163940539445;-0.22496588265437367;-0.20684865686624576;0.10845535811621687;-0.24573962345785816;-0.2557151202866166;-0.05252394109283731;-0.27418272451188486;-0.2865339354475509;-0.06624207893981993
2022-08-06 10:33:55.900;-0.3586511653593152;-1370.7007875103664;-1.5769392814036032;-0.24038716420824358;-0.22429279415488068;0.09711728825311816;-0.24875430850581637;-0.25876389558541035;-0.05266021179092206;-0.27857645806664877;-0.29106808891305036;-0.06697446511152005
2022-08-06 10:33:55.920;-0.3461315294262137;-1370.1119485659365;-1.5762618445258012;-0.25580833702912287;-0.24173312096556643;0.08579956636116215;-0.2517689660619098;-0.2618126663348548;-0.0527966179850754;-0.28297015509479806;-0.29560219990923997;-0.06770683892126872
2022-08-06 10:33:55.940;-0.33109562399792974;-1369.522971221515;-1.5755842484240568;-0.2565515404206735;-0.24472939813680128;0.07284842322829022;-0.2447580402925027;-0.2542818822817807;-0.04994210431218349;-0.28371333194234793;-0.29635508130678545;-0.0677500052071478
2022-08-06 10:33:55.960;-0.31343976339404167;-1368.9339988136708;-1.5749066580016573;-0.2572947352242636;-0.24772112331894292;0.05992369179090318;-0.2377471457565079;-0.24675088875218165;-0.04708632578160721;-0.284456500202392;-0.29710795392077216;-0.0677931707302335
2022-08-06 10:33:55.980;-0.29317692310809274;-1368.3451122375627;-1.5742291663254158;-0.25704697253104314;-0.24968928760839404;0.04716759814478966;-0.2297459263652044;-0.23820050427737982;-0.04408302780683915;-0.28420874635810023;-0.29684536780251847;-0.06771213840116452
2022-08-06 10:33:56.000;-0.27045936571595314;-1367.7563924109345;-1.5735518664881278;-0.2567992088834785;-0.25165305162707696;0.034437164262784314;-0.2217446927465616;-0.22964983496282088;-0.04107831975512255;-0.283960991559578;-0.29658278044217923;-0.0676311045603546
2022-08-06 10:33:56.020;-0.24553291889579026;-1367.167827385034;-1.5728747447432072;-0.23380747811677338;-0.22994335743667094;0.02661547832190969;-0.22149706972944472;-0.22936024372298647;-0.040841554092289734;-0.2837132358065979;-0.2963201918396976;-0.06755006920773621
2022-08-06 10:33:56.040;-0.21881161411229672;-1366.5794119610146;-1.5721977951095785;-0.21140261467900245;-0.2088269389401809;0.01876962206744448;-0.22183592542571517;-0.22966519603354385;-0.04063952550252825;-0.2788831959784339;-0.29132187649122443;-0.06666499269578274
2022-08-06 10:33:56.060;-0.19076444466121145;-1365.9911529411402;-1.5715210254129879;-0.18899780273477518;-0.18770914605383737;0.010933305949563099;-0.22217477933590857;-0.22997014618609768;-0.040437494252538286;-0.27405316647246636;-0.28632357708801237;-0.06577997629931787
2022-08-06 10:33:56.080;-0.1619224043671909;-1365.402961282256;-1.5708443332126623;-0.16625388985107747;-0.16625986556138983;0.0030480038021023503;-0.22217477933590857;-0.22994561713377237;-0.040296222099859946;-0.27405316647246636;-0.28632357708801237;-0.06577997629931787
2022-08-06 10:33:56.100;-0.13285351261463035;-1364.8147479087856;-1.5701676160305287;-0.14350997696743661;-0.1448091339693498;-0.004827590103209545;-0.22217477933590857;-0.22992108809111045;-0.040154949963140396;-0.27405316647246636;-0.28632357708801237;-0.06577997629931787
2022-08-06 10:33:56.120;-0.10416653020379746;-1364.2265288030394;-1.569490892253629;-0.15591574763129756;-0.15493489999997578;0.008524989783837533;-0.22837766466786746;-0.23650062682232686;-0.042200403322770974;-0.27405316647246636;-0.28632357708801237;-0.06577997629931787
2022-08-06 10:33:56.140;-0.07636039013375939;-1363.63887180249;-1.5688148151574444;-0.16715505134811792;-0.16378280675903412;0.02249728700188136;-0.23341515757706333;-0.24180450336498183;-0.0436340886048594;-0.27288705770029864;-0.2850637029100085;-0.06526095535495635
2022-08-06 10:33:56.160;-0.04992381075639746;-1363.0523508219121;-1.5681400450091607;-0.1783944338768606;-0.17262559294798407;0.036500968899651376;-0.23845267933941017;-0.24710835342531112;-0.04506750044365049;-0.27172092778976875;-0.2838037971275753;-0.06474187827441291
2022-08-06 10:33:56.180;-0.02527644320674255;-1362.46640063222;-1.5674659315341481;-0.1911719948177506;-0.1831141731078425;0.04991688616158729;-0.24502697847420762;-0.2540647185383804;-0.04713692036862316;-0.2720925358227042;-0.2840807273607311;-0.0641915327483984
2022-08-06 10:33:56.200;-0.0027356226476324963;-1361.8804619634539;-1.5667918313135236;-0.20394952175809067;-0.19359805659016516;0.06336117140180786;-0.25160125953683377;-0.2610209412317417;-0.04920570997844198;-0.27246414170855004;-0.28435765646349864;-0.06364119108444921
2022-08-06 10:33:56.220;0.017488278855720574;-1361.2945314633325;-1.5661177404906155;-0.20949028470749909;-0.19743850025614407;0.07325198915106501;-0.24421897183147934;-0.25308216788979365;-0.046147709104383594;-0.27283574544753364;-0.28463458443570744;-0.0630908532825627
2022-08-06 10:33:56.240;0.035276403243634735;-1360.7082596963373;-1.5654432570531092;-0.215695493633973;-0.2020066239965992;0.08279251927049724;-0.23750065312813007;-0.24587427567606568;-0.04346198233116905;-0.27387171352284767;-0.2857326260931927;-0.06342996558308123
2022-08-06 10:33:56.260;0.05062284532945871;-1360.1213009888088;-1.5647679833165669;-0.22190064887342942;-0.20657234394426283;0.0923471611677531;-0.23078237325037065;-0.23866620836158603;-0.04077513306711289;-0.2749076649134814;-0.28683064603103503;-0.0637690514331739
2022-08-06 10:33:56.280;0.06362040324434176;-1359.534232419297;-1.5640925831879786;-0.226747534407707;-0.20966343533942577;0.10254533501357876;-0.22270683775840183;-0.2299845610088127;-0.03744554847302606;-0.27458552911303613;-0.2864718033767417;-0.06356358879035184
2022-08-06 10:33:56.300;0.07446209937878978;-1358.9476239936848;-1.5634177124374988;-0.21815485470949625;-0.1992006421300836;0.11313792470912176;-0.22858776525739444;-0.23622371455532942;-0.03939125653551656;-0.2742633916999999;-0.2861129576505732;-0.06335811816347725
2022-08-06 10:33:56.320;0.08337810898517584;-1358.361469240328;-1.5627433636197465;-0.20956215498972597;-0.1887346737202371;0.12374826398757843;-0.2344687049510057;-0.24246276968252545;-0.041336398841806066;-0.27394125267425906;-0.28575410885258634;-0.06315263955226502
2022-08-06 10:33:56.340;0.09066354106698887;-1357.7755373170585;-1.5620692711595603;-0.20184913751899103;-0.1791962916519516;0.13409989031343628;-0.24122863032837216;-0.2496323594731038;-0.043560974935110686;-0.2744986446761537;-0.28631878765224883;-0.06318505278536346
2022-08-06 10:33:56.360;0.09664444885695622;-1357.1895971912236;-1.5613951692626336;-0.19413614706877524;-0.16965496016891635;0.14446830561145863;-0.24798852698923923;-0.2568017725892773;-0.045784793520422085;-0.27505603184755145;-0.2868834615109108;-0.06321746558877894
2022-08-06 10:33:56.380;0.1016637481706344;-1356.6027690072297;-1.5607200456884687;-0.1884832131968892;-0.16234484612747124;0.15389225343370772;-0.25680651201755467;-0.2662045455127995;-0.0489772153472714;-0.27767292884965045;-0.28965714703269896;-0.06407402056920919
2022-08-06 10:33:56.400;0.10603166131912972;-1356.014205586871;-1.5600429257906632;-0.19937099354058319;-0.17302262753489472;0.15531605954148553;-0.2532187751284809;-0.2623021143347941;-0.04723615219117683;-0.2802897193899945;-0.2924306939701182;-0.0649304067930272
2022-08-06 10:33:56.420;0.1100707272084615;-1355.4239142208462;-1.5593638179568896;-0.2102585178733989;-0.18370014408529656;0.156740022614124;-0.24963104400520564;-0.25839960141981777;-0.04549462207677735;-0.2829064034762574;-0.29520410233783423;-0.06578662429753468
2022-08-06 10:33:56.440;0.11405448775254678;-1354.8327651911459;-1.5586837234135786;-0.21908618456376416;-0.19214353131505746;0.1591262159464364;-0.24398532034100384;-0.2522634449993788;-0.04278249524201261;-0.28346371778746615;-0.2957686960340311;-0.06581900215769565
2022-08-06 10:33:56.460;0.1182043505423015;-1354.241626183175;-1.5580036403998871;-0.22791381457665238;-0.2005867601164688;0.1615132660863683;-0.23833961573611617;-0.2461270917023839;-0.04006921553693932;-0.2840210272693149;-0.29633328479059173;-0.06585137958886378
2022-08-06 10:33:56.480;0.12269081371555901;-1353.6504992658665;-1.5573235712960443;-0.2361747528975684;-0.20845402848496875;0.16394258479372148;-0.23212765966402316;-0.23941506235060928;-0.03731305963526932;-0.28401173761590925;-0.296323438793479;-0.06584834014344221
2022-08-06 10:33:56.500;0.12763349833176818;-1353.0593815220418;-1.5566435127459468;-0.23616546224747026;-0.20652044562709548;0.1750172521261053;-0.23211837531786017;-0.23943577235390734;-0.03748600098881916;-0.2840024479611962;-0.2963135927946041;-0.06584530069590588
2022-08-06 10:33:56.520;0.13307353880854977;-1352.4682679639154;-1.5559634590113365;-0.23615617159600788;-0.2045836002568855;0.1861109399579206;-0.23210909097033294;-0.23945648241069506;-0.037658942586883626;-0.28399315830511895;-0.2963037467938534;-0.06584226124624326
2022-08-06 10:33:56.540;0.1390045681497576;-1351.8768235239913;-1.5552830246097644;-0.2378144474988062;-0.20439254852405853;0.1967878713427078;-0.23376624169477367;-0.24122524310862303;-0.03826866508543958;-0.2856512565480749;-0.2980306973627762;-0.06620979723924592
2022-08-06 10:33:56.560;0.1453787214226928;-1351.2847135124684;-1.554601824493305;-0.23947268065160188;-0.204198489021028;0.20748221692598978;-0.23542334969837242;-0.242993947819933;-0.0388783182773107;-0.287309312045803;-0.29975759811941316;-0.06657729728824258
2022-08-06 10:33:56.580;0.15209597983071454;-1350.692274589026;-1.5539202459761543;-0.24404122583860044;-0.21033367005455617;0.19855618069727488;-0.2358565394410661;-0.24343378816924854;-0.03890797001736246;-0.2877427494759637;-0.30019669551575134;-0.06660247186571233
2022-08-06 10:33:56.600;0.1590381718932644;-1350.099843036187;-1.5532386759386032;-0.24860975571971267;-0.21646667567356204;0.18964245393088675;-0.2362897262642818;-0.24387362552058534;-0.03893762145151758;-0.28817618398482736;-0.30063578992405837;-0.06662764618379668
2022-08-06 10:33:56.620;0.16605641179204755;-1349.5074188517683;-1.5525571143781403;-0.253178270295507;-0.22259750845299564;0.18074102173344375;-0.23672291016819003;-0.24431345987445496;-0.03896727257977517;-0.28860961557279197;-0.3010748813449027;-0.06665282024251962
2022-08-06 10:33:56.640;0.1730027532236803;-1348.9144949687252;-1.5518749779333576;-0.2588274824794894;-0.2299062598858974;0.17130133652368595;-0.23823613249000886;-0.24593329108997608;-0.03955108078292202;-0.2901237031184074;-0.3026796269303986;-0.06714811623475736
2022-08-06 10:33:56.660;0.17972508819203137;-1348.3205863781113;-1.5511917086198532;-0.26447661576003156;-0.23721246121707296;0.16187568211935055;-0.239749319191354;-0.2475530740276426;-0.04013482222497711;-0.2916377550231424;-0.304284326127231;-0.06764335576117286
2022-08-06 10:33:56.680;0.18609071695150914;-1347.726601001188;-1.5505083509666118;-0.2553333663407784;-0.23256175675081536;0.1358379857507881;-0.24301165437227468;-0.2509665929598768;-0.04094045259133505;-0.2907645730801356;-0.30334002565018636;-0.06724947260135217
2022-08-06 10:33:56.700;0.19197391495000904;-1347.1334535677088;-1.5498259573355289;-0.2461900551695635;-0.22789335409621359;0.10990477532165421;-0.24627400265628552;-0.2543801100794312;-0.04174601366408481;-0.2898913792841391;-0.3023957073201018;-0.06685555723029868
2022-08-06 10:33:56.720;0.19728873497158117;-1346.541145266303;-1.5491445290940782;-0.2370466822451931;-0.2232073116161679;0.08407568916781205;-0.24953636404384127;-0.2577936253864763;-0.042551505440580506;-0.28901817363503923;-0.30145137113640885;-0.06646160964528658
2022-08-06 10:33:56.740;0.20198523084555742;-1345.9492549189818;-1.5484635816929537;-0.22877659605626377;-0.21945854468916437;0.05789836436756879;-0.2536714071383912;-0.26216339252342635;-0.04382095516573248;-0.28901817363503923;-0.30145137113640885;-0.06646160964528658
2022-08-06 10:33:56.760;0.20605254140139662;-1345.3573607428625;-1.5477826298869424;-0.2205065098672776;-0.21569156429299952;0.031828687233993236;-0.25780645023282744;-0.2665331155785893;-0.04509018406928078;-0.28901817363503923;-0.30145137113640885;-0.06646160964528658
2022-08-06 10:33:56.780;0.2095350755062576;-1344.7657215929576;-1.5471019714789203;-0.20143730793711256;-0.19815760635109214;0.0226273664552199;-0.2532103012213369;-0.2615041519350356;-0.042688910084051734;-0.2885567776874005;-0.3009463998916999;-0.06621902710068461
2022-08-06 10:33:56.800;0.21248543829902033;-1344.1745965864757;-1.546421904573411;-0.18236804337220747;-0.1806215490186993;0.013439141156117884;-0.2486141357194569;-0.2564750046564299;-0.04028673853270881;-0.2880953784305085;-0.3004414231782562;-0.06597643285913257
2022-08-06 10:33:56.820;0.2150057430567649;-1343.5839862300272;-1.5457424297532505;-0.16329871617205072;-0.16308339442312914;0.004263995834415724;-0.24401795372701685;-0.2514456736850761;-0.0378836691128317;-0.28763397586441997;-0.2999364409961913;-0.06573382692007801
2022-08-06 10:33:56.840;0.21722458462669925;-1342.993625509298;-1.5450632421295194;-0.14515553040070017;-0.14652558633563117;-0.005203728410752895;-0.24034701363566313;-0.24739982067458044;-0.03579759818943895;-0.2880983706548328;-0.30040690189719044;-0.06576080914344828
2022-08-06 10:33:56.860;0.21928945186569226;-1342.4032491555045;-1.5443840365205406;-0.127012400984313;-0.12996561457467593;-0.014657319579513661;-0.2366760834617807;-0.24335385542453736;-0.03371086776619325;-0.2885627620919955;-0.30087735936825766;-0.06578779106892085
2022-08-06 10:33:56.880;0.22131938498992865;-1341.8131380663617;-1.543705136088484;-0.1530848441867647;-0.15538555336761206;-0.010404046399266065;-0.23380396153796568;-0.24030742314302955;-0.03276431957073278;-0.28775771067324385;-0.30002409301255284;-0.06552437699755043
2022-08-06 10:33:56.900;0.22351992258927822;-1341.2235944636122;-1.5430268885280047;-0.17915742682464497;-0.18080527298551274;-0.006147905761871186;-0.23093181804224372;-0.2372609422951868;-0.03181763334224463;-0.2869526491780867;-0.2991708135410249;-0.06526094695756335
2022-08-06 10:33:56.920;0.22602998591693368;-1340.634611752037;-1.5423492862515533;-0.2052301489003412;-0.20622477328621258;-0.001888895990709294;-0.22805965297410324;-0.2342144128769732;-0.030870809063451965;-0.2861475776062399;-0.29831752095293496;-0.06499750094784762
2022-08-06 10:33:56.940;0.22897120094697465;-1340.0459224509905;-1.5416720215327897;-0.23271664495683808;-0.2331216408097454;0.0020322692439425083;-0.22660015180692739;-0.23264690317144954;-0.030277920621107235;-0.2867559487617619;-0.298934058436771;-0.0650341084097974
2022-08-06 10:33:56.960;0.232434516361388;-1339.4572588602969;-1.5409947863928122;-0.26020302227118464;-0.26001812523370305;0.005955728570332219;-0.22514065357952262;-0.23107938745098267;-0.029684985828385635;-0.28736431416262675;-0.2995505900270814;-0.06507071532329789
2022-08-06 10:33:56.980;0.2365211276597199;-1338.8685995878113;-1.5403175562207694;-0.24500614790537156;-0.24238872508019327;0.019658840438641967;-0.2280344998518089;-0.23415569073258524;-0.030677967837369202;-0.2876739123601588;-0.2998642332962618;-0.06508870846610026
2022-08-06 10:33:57.000;0.24118251329037343;-1338.279923238406;-1.5396403064023778;-0.22980930522146537;-0.22475393958919554;0.03339205499321629;-0.23092833910592248;-0.23723195711547618;-0.03167079579102339;-0.28798350906754067;-0.300177875041129;-0.06510670147647435
2022-08-06 10:33:57.020;0.24637745321356763;-1337.6912298072057;-1.5389630369320288;-0.21461249421912498;-0.20711375827292855;0.04715543034992287;-0.23382217134174965;-0.24030818660380504;-0.03266346971069023;-0.2882931042844312;-0.3004915152614558;-0.06512469435435975
2022-08-06 10:33:57.040;0.2520224455267377;-1337.1024246616798;-1.5382856389385844;-0.19938942956383698;-0.1894566970736129;0.06086329645052846;-0.23668973281203165;-0.24337332695758818;-0.03374412914685454;-0.2885764192466205;-0.3007917996516767;-0.06521740406721666
2022-08-06 10:33:57.060;0.2579853749337072;-1336.5134171183236;-1.5376080080941106;-0.19140272339302555;-0.17953570205131442;0.07183627579188911;-0.23490536194795908;-0.24144231689594875;-0.03293520640386571;-0.2888597329608693;-0.30109208241731267;-0.06531011180228408
2022-08-06 10:33:57.080;0.264122931419149;-1335.9245546845123;-1.536930544192666;-0.1827856855379082;-0.1689158883104689;0.08319059867849621;-0.23249119190986534;-0.23881487425929748;-0.03175510092321954;-0.28851289235512567;-0.30061011181260255;-0.06453946245833286
2022-08-06 10:33:57.100;0.2702640030352039;-1335.3361811387076;-1.5362536427383353;-0.17416862599230853;-0.1582924164253292;0.09456542292113213;-0.2300770150482876;-0.23618738319705557;-0.03057477289356303;-0.28816604987985883;-0.30012812869222216;-0.06376875263343162
2022-08-06 10:33:57.120;0.27622477910917265;-1334.7482969168414;-1.5355773042326413;-0.1655515447561129;-0.14766528063532647;0.10596078123330166;-0.22766283136282794;-0.23355984370160598;-0.029394222276307502;-0.2878192055348414;-0.2996461330556599;-0.06299798232370968
2022-08-06 10:33:57.140;0.28183787555254725;-1334.1606452839987;-1.5349012333117997;-0.15728142430970138;-0.1374273208258252;0.11711966907370641;-0.22559530125121086;-0.2313255856537566;-0.028475308307092106;-0.2878192055348414;-0.2996461330556599;-0.06299798232370968
2022-08-06 10:33:57.160;0.286915270352063;-1333.5730013506763;-1.534225171248964;-0.16968660497934707;-0.14903825701120255;0.12193306194334497;-0.22559530125121086;-0.23127650209251982;-0.028192607281037674;-0.2878192055348414;-0.2996461330556599;-0.06299798232370968
2022-08-06 10:33:57.180;0.2913342474501168;-1332.9851854605586;-1.5335489113563558;-0.183017829314565;-0.1616188206993776;0.12651437426907108;-0.22652056460602665;-0.2321974948609622;-0.028149493000968917;-0.288744964849851;-0.30060995959627235;-0.06320102759117763
2022-08-06 10:33:57.200;0.2949951861422714;-1332.3970140390957;-1.532872242438416;-0.19634896096744114;-0.17419882545451415;0.1310988312517294;-0.22744581464288416;-0.2331184761855738;-0.028106389502698725;-0.2896707108396832;-0.3015737706440973;-0.06340406184607428
2022-08-06 10:33:57.220;0.2978291673957739;-1331.808487334747;-1.532195164780988;-0.2096799999400787;-0.18677827106498412;0.13568643462924346;-0.22837105136201075;-0.23403944606641147;-0.028063296785195035;-0.29059644350479275;-0.30253756620004424;-0.0636070850891377
2022-08-06 10:33:57.240;0.2998069377707747;-1331.2197897649676;-1.5315178905493605;-0.22254951790733912;-0.19885855500738003;0.14048200345362627;-0.22883517598122438;-0.23446163489276017;-0.02781247220024685;-0.2858920495132189;-0.29752950572867576;-0.061941884413279524
2022-08-06 10:33:57.260;0.30094941932195485;-1330.6311004373056;-1.530840625799977;-0.2255983504292658;-0.20070317755264355;0.14747214911148543;-0.22929929724917741;-0.234963569671514;-0.028020976157943522;-0.28118766875399714;-0.29252136234447335;-0.060276179627311244
2022-08-06 10:33:57.280;0.3012893919776839;-1330.041822677369;-1.5301626840815736;-0.229963300487384;-0.20397981553438527;0.1538215901946307;-0.2310786278728969;-0.2368991546675474;-0.028885342103399658;-0.2829680167194475;-0.29440844206743577;-0.060859282674624815
2022-08-06 10:33:57.300;0.3009022676476777;-1329.4513661870515;-1.5294833862785624;-0.23432816947087076;-0.2072553682838567;0.1601770804024909;-0.23285790924781935;-0.23883466521069607;-0.02974957301332637;-0.2847483154078496;-0.2962954576360062;-0.06144230756164415
2022-08-06 10:33:57.320;0.2998858661719701;-1328.859733340265;-1.5288027351220392;-0.23869295738353458;-0.21052983506959677;0.16653862445815903;-0.23463714137633218;-0.24077010130783805;-0.030613668910458358;-0.2865285648217615;-0.2981824090549594;-0.06202525430018646
2022-08-06 10:33:57.340;0.29836241035257227;-1328.2670021861486;-1.5281208204045789;-0.2344923188938992;-0.20376437016469495;0.1812166796152237;-0.23663749830662795;-0.24281240007248783;-0.030815226836782728;-0.2885300654666558;-0.30028210071697004;-0.06255554315714384
2022-08-06 10:33:57.360;0.29643399215410393;-1327.6732504458996;-1.5274377315414718;-0.2302917038903729;-0.1969931759926773;0.195927847500462;-0.23863779298928733;-0.24485463773410032;-0.03101679530615975;-0.2905315038284435;-0.3023817165848186;-0.06308576220310691
2022-08-06 10:33:57.380;0.29422582333778247;-1327.0789772073404;-1.5267540427143331;-0.22408939319728916;-0.18809904987196902;0.21129679707591276;-0.23863779298928733;-0.24478106830385826;-0.03059304877292579;-0.2905315038284435;-0.3023817165848186;-0.06308576220310691
2022-08-06 10:33:57.400;0.29183403338610203;-1326.4847019523368;-1.5260703515673517;-0.21788708250426225;-0.17919854865428775;0.2267022501619067;-0.23863779298928733;-0.24470749896064348;-0.030169302382722307;-0.2905315038284435;-0.3023817165848186;-0.06308576220310691
2022-08-06 10:33:57.420;0.28933009006982535;-1325.890417590279;-1.5253866499430497;-0.21168477181112166;-0.17029165933096024;0.24214428264887644;-0.23863779298928733;-0.2446339297042286;-0.029745556135566176;-0.2905315038284435;-0.3023817165848186;-0.06308576220310691
2022-08-06 10:33:57.440;0.2867451182038825;-1325.296464068866;-1.5247033289383647;-0.22581304921538958;-0.18369872513878605;0.24657941193926902;-0.2382942649926676;-0.24423030328764384;-0.029406273208911315;-0.29018777941785956;-0.3019869368618515;-0.06279820022588378
2022-08-06 10:33:57.460;0.28413179553135204;-1324.7031816841263;-1.524020780050974;-0.23994135915631887;-0.1971053764333739;0.25101758728276025;-0.2379507351615402;-0.24382667189907892;-0.029066972824614012;-0.2898440531718016;-0.3015921526435932;-0.06251062351265979
2022-08-06 10:33:57.480;0.2814828977557001;-1324.1102428146041;-1.5233386263648154;-0.25481588921775256;-0.21132454715732152;0.25508960390469504;-0.23835291674784997;-0.24423503835659943;-0.029094548648871843;-0.29024646470747584;-0.30199982320152685;-0.0625340149548439
2022-08-06 10:33:57.500;0.2787595644897486;-1323.517319493687;-1.5226564905667375;-0.2696903765201455;-0.22554332660726928;0.25916407755519355;-0.23875509581775844;-0.2446434022301318;-0.029122124209026268;-0.2906488737253845;-0.30240749118433996;-0.06255740617330119
2022-08-06 10:33:57.520;0.27589243304634536;-1322.924411721273;-1.5219743726566226;-0.28456482106372505;-0.23976171464588347;0.26324100945781037;-0.23915727237115192;-0.24505176351950553;-0.02914969950503732;-0.2910512802253571;-0.3028151565916346;-0.06258079716801657
2022-08-06 10:33:57.540;0.2728242349203931;-1322.3304643223746;-1.5212910586956587;-0.2649715683149907;-0.22145294126383774;0.25545122450387936;-0.24437126135077136;-0.25062993312163684;-0.03114302114134926;-0.2941996575811423;-0.30615218706611813;-0.06361149152500101
2022-08-06 10:33:57.560;0.2693994015010671;-1321.7344256659635;-1.5206053388222232;-0.24537865618816568;-0.20314302551631513;0.24767115818248708;-0.24958505133948705;-0.2562077716481994;-0.0331356499053479;-0.2973478808326;-0.309489016933469;-0.06464194156611658
2022-08-06 10:33:57.580;0.26548858329158775;-1321.137100739179;-1.519918139143496;-0.22377979585587582;-0.1826595740990662;0.2408165842412684;-0.2527939439317137;-0.25961534886689464;-0.034215916522815526;-0.29849006236610975;-0.31067931938144966;-0.06489910255165654
2022-08-06 10:33:57.600;0.2609559610011901;-1320.5392911503804;-1.5192303818794994;-0.20218109471943535;-0.16217523389846988;0.2339691611480994;-0.25600279993508224;-0.26302285221915866;-0.03529599079505452;-0.29963222361538655;-0.3118695981121391;-0.06515624605050885
2022-08-06 10:33:57.620;0.2556652207225564;-1319.9409972294598;-1.5185420674097612;-0.18058255277463786;-0.14169000570902668;0.22712888242307283;-0.25921161935061576;-0.26643028171249483;-0.036375872754991434;-0.30077436458105566;-0.3130598531263331;-0.06541337206406972
2022-08-06 10:33:57.640;0.2494620247267515;-1319.342463691115;-1.5178534772692627;-0.19161595682743382;-0.1585748130229696;0.19367590827059544;-0.2573233596595159;-0.26434456322819955;-0.03527622385932716;-0.30147072613140935;-0.31376530653329837;-0.0654538084304308
2022-08-06 10:33:57.660;0.24229398277721204;-1318.7439564750166;-1.5171649174115103;-0.20264930359786604;-0.1754295897046383;0.16039509079970582;-0.25543510486775034;-0.2622588149100906;-0.034176386752135635;-0.3021670801415972;-0.3144707522280328;-0.06549424412776972
2022-08-06 10:33:57.680;0.2340907017163687;-1318.1458719677685;-1.516476843864262;-0.21174763492973625;-0.1902229595901055;0.12780313482093764;-0.2516135031230178;-0.25814171838757005;-0.03255073175930079;-0.3009289520733738;-0.3131584659768123;-0.06508907436923295
2022-08-06 10:33:57.700;0.22482392359581838;-1317.5486142220834;-1.5157897214748424;-0.22084603085949084;-0.20498779422300473;0.09537581135877904;-0.2477918554476659;-0.25402449399435767;-0.030924643409994346;-0.2996908001704206;-0.3118461487002264;-0.06468386683270477
2022-08-06 10:33:57.720;0.2145313291820823;-1316.952173124715;-1.5151035386083453;-0.21133806852446924;-0.1979935190027824;0.08072625082043938;-0.24655438723797118;-0.25265068350042696;-0.030164070233602125;-0.2984526244317145;-0.3105338003967404;-0.06427862151419372
2022-08-06 10:33:57.740;0.20323838996195076;-1316.355659949062;-1.514417272818515;-0.205163082310321;-0.19452069961269913;0.06505857958674532;-0.2486471573820026;-0.25480623920250167;-0.030483844922694736;-0.30054659112817816;-0.3127227579915939;-0.06478898622089524
2022-08-06 10:33:57.760;0.19105005862225188;-1315.758197343319;-1.5137299147453664;-0.19898814755663352;-0.1910413572244103;0.04942988985848906;-0.2507398593907837;-0.256961722415177;-0.030803600318566993;-0.30264048965045376;-0.31491163439716274;-0.06529928415508213
2022-08-06 10:33:57.780;0.1781092316513898;-1315.1602574680219;-1.5130420075916935;-0.1907187459368629;-0.18535265638562137;0.03442274991870686;-0.2507398593907837;-0.2569127007577876;-0.030521232597353176;-0.30264048965045376;-0.31491163439716274;-0.06529928415508213
2022-08-06 10:33:57.800;0.1645835209908284;-1314.5623117350406;-1.512354093698977;-0.18244934431720594;-0.17965800439415958;0.019451149115059074;-0.2507398593907837;-0.2568636791390517;-0.030238864939688526;-0.30264048965045376;-0.31491163439716274;-0.06529928415508213
2022-08-06 10:33:57.820;0.15065399794425616;-1313.9643673401079;-1.5116661813456347;-0.1907187459368629;-0.18795292371109795;0.01946405860592204;-0.2507398593907837;-0.2568636791390517;-0.030238864939688526;-0.30264048965045376;-0.31491163439716274;-0.06529928415508213
2022-08-06 10:33:57.840;0.13654245052231584;-1313.3656562595352;-1.5109773869495349;-0.20201607203966887;-0.19944739029219605;0.018548122523600163;-0.2537651460453034;-0.2600665703752938;-0.03120135935583157;-0.3056675060285521;-0.31794036087399036;-0.06525776071010014
2022-08-06 10:33:57.860;0.12246295973972521;-1312.7654053185179;-1.5102868210023825;-0.21331308266718452;-0.210941508295182;0.017632300976707427;-0.25679029031694967;-0.26326928182893283;-0.0321636594820367;-0.30869437994237714;-0.32096896581970213;-0.06521635911172652
2022-08-06 10:33:57.880;0.10863077623801565;-1312.1643835034847;-1.509595368193905;-0.22207756179398075;-0.21973886308657953;0.017612386668169222;-0.2572851376148364;-0.26377173087788464;-0.03219754928218421;-0.3091895101719011;-0.3214705597528109;-0.06524510603307387
2022-08-06 10:33:57.900;0.0952197841661937;-1311.563379247229;-1.5089039355861353;-0.2308420088148182;-0.22853618639041784;0.01759246697585759;-0.2577799811029067;-0.2642741760145313;-0.03223143868321898;-0.3096846365893917;-0.3219721497869159;-0.06527385261632812
2022-08-06 10:33:57.920;0.08236251546829865;-1310.9623844982343;-1.5082125139161089;-0.2390895995916935;-0.23561895525651622;0.024453695768508865;-0.26602718285484883;-0.2730311217710195;-0.03500277540575514;-0.3101797591947353;-0.3224737359220171;-0.06530259886145995
2022-08-06 10:33:57.940;0.0701571337163649;-1310.3616875992084;-1.5075214349111774;-0.24595047966681705;-0.24124556571806366;0.031688160719594016;-0.2728887632675523;-0.28033184428417;-0.03739524669243277;-0.3092884204469293;-0.3215290077197892;-0.06501089229795287
2022-08-06 10:33:57.960;0.05863709122485816;-1309.7615780550914;-1.5068310316357973;-0.25281139513748485;-0.24687083030730506;0.038931021390821385;-0.27975037908552025;-0.2876324363092735;-0.03978686376876883;-0.308397069346082;-0.3205842634375813;-0.06471916615330464
2022-08-06 10:33:57.980;0.047775564164550866;-1309.161607211463;-1.50614078793007;-0.2615170970549343;-0.2544409364732907;0.04563438365123673;-0.2884553320679615;-0.296880454665164;-0.042741398385854446;-0.31279576344160986;-0.3252246770706506;-0.06603370631679795
2022-08-06 10:33:58.000;0.03752118310585084;-1308.561313408507;-1.5054501726718823;-0.24799930533163206;-0.23720758359789684;0.06675219819721878;-0.28527326976890066;-0.29338279909804754;-0.04098691950768085;-0.31719442071499415;-0.3298649910132099;-0.06734792231314835
2022-08-06 10:33:58.020;0.02770798864676627;-1307.9606839859698;-1.5047591712960926;-0.23448159479568176;-0.2199618398675831;0.08794069703341645;-0.2820912205852082;-0.2898850693556696;-0.03923197000438794;-0.32159304116686016;-0.334505205280891;-0.06866181421554085
2022-08-06 10:33:58.040;0.018154558921559927;-1307.35987735034;-1.5040679660433596;-0.22001057276656866;-0.20170941246303542;0.10941651665089935;-0.27795664286261257;-0.285393162357785;-0.03725616998866421;-0.32159304116686016;-0.334505205280891;-0.06866181421554085
2022-08-06 10:33:58.060;0.008641382778656004;-1306.7590518319703;-1.50337673906675;-0.2055395507373987;-0.18344413205213428;0.13096506571448963;-0.27382206514001695;-0.28090114177162917;-0.03527976437469427;-0.32159304116686016;-0.334505205280891;-0.06866181421554085
2022-08-06 10:33:58.080;-0.0010681261379338336;-1306.1581407229896;-1.5026854136213883;-0.1917093327990642;-0.16582782153287567;0.15247806982512202;-0.2703276738106055;-0.2770704589153965;-0.03341244547078226;-0.32223359360318327;-0.3351638202491358;-0.06875476335540753
2022-08-06 10:33:58.100;-0.011234981869423621;-1305.5570902850086;-1.5019939278832948;-0.20061924934827857;-0.17324910320983022;0.16122054355331716;-0.27096785382720867;-0.2777808691630739;-0.03380419952516345;-0.3228741396591168;-0.33582242827372966;-0.06884770976195931
2022-08-06 10:33:58.120;-0.022052978360053377;-1304.9559134973024;-1.5013022967846332;-0.20952912291090797;-0.18066841844470005;0.16997477559208107;-0.2716080274670034;-0.27849127032865084;-0.03419593955295852;-0.32351467933471767;-0.33648102935512725;-0.06894065343536138
2022-08-06 10:33:58.140;-0.03369552374132656;-1304.3546711459712;-1.5006105902575073;-0.21849463967652127;-0.1881309371648605;0.17880239567366463;-0.27230383200789987;-0.2792467242191705;-0.03452563372376094;-0.3087063555063274;-0.32061013936021254;-0.0630851672415007
2022-08-06 10:33:58.160;-0.04629495869531253;-1303.7534455017667;-1.4999189029512972;-0.22746010911822623;-0.19559144844427934;0.18764199768662682;-0.2729996290157928;-0.28000216936819555;-0.03485532245345091;-0.29389809873566364;-0.30473812277483603;-0.05722335123356448
2022-08-06 10:33:58.180;-0.05992784928198769;-1303.1529527748862;-1.499228058838677;-0.23350356998014377;-0.1999608637775374;0.19739724562018246;-0.27077585690224026;-0.27767056189062345;-0.03427860558453766;-0.2916728167171492;-0.3023793362631295;-0.05649394996339474
2022-08-06 10:33:58.200;-0.07459454844952873;-1302.5539169256153;-1.4985388908085049;-0.2364461355262506;-0.20206076709704135;0.2023059724790608;-0.27372025029117;-0.28075205993533103;-0.03500951989405454;-0.2894474577068955;-0.3000204494953209;-0.05576442646391211
2022-08-06 10:33:58.220;-0.09022914602615528;-1301.9563403043503;-1.4978514015648217;-0.2393887035389639;-0.20416001867235778;0.20721861259545538;-0.27666464621002973;-0.28383354958267404;-0.035740385023821375;-0.2872220217001846;-0.2976614624615763;-0.05503478071209411
2022-08-06 10:33:58.240;-0.10670028878836513;-1301.3596909817206;-1.497164979143057;-0.2446636906984736;-0.20871704583302986;0.21145648028066155;-0.2819395457331879;-0.2893714391156763;-0.03714992153863861;-0.28732871715493147;-0.29774188194056705;-0.05488196809553614
2022-08-06 10:33:58.260;-0.12380184143142925;-1300.7634353810063;-1.4964790096834268;-0.24993867387132696;-0.2132736185040791;0.21569713119120504;-0.28721444126968976;-0.29490927145157997;-0.0385591990652534;-0.28743541243323634;-0.2978223007889369;-0.054729152712923224
2022-08-06 10:33:58.280;-0.1412721850305857;-1300.1673767018729;-1.4957932667746083;-0.24993867387132696;-0.2132736185040791;0.21569713119120504;-0.28307981857468434;-0.2904417590077273;-0.03672415914295435;-0.29432645025832116;-0.3052224078111294;-0.057537509446101254
2022-08-06 10:33:58.300;-0.1588246613303036;-1299.5713180227394;-1.4951075238657898;-0.24993867387132696;-0.2132736185040791;0.21569713119120504;-0.2789451958796221;-0.2859741468120305;-0.034888590360164784;-0.301217488083406;-0.312622243425551;-0.060344424465069046
2022-08-06 10:33:58.320;-0.1761425447808005;-1298.975259343606;-1.4944217809569715;-0.24993867387132696;-0.2132736185040791;0.21569713119120504;-0.2748105731844461;-0.2815064348376026;-0.033052492579702886;-0.30810852590854765;-0.32002180776089517;-0.06314989843089958
2022-08-06 10:33:58.340;-0.19290758086041937;-1298.3789248753528;-1.4937357207632282;-0.251480097687363;-0.21488535128699837;0.21532325665885477;-0.2722161963856351;-0.2786491359316514;-0.03158982351998585;-0.30964972955262837;-0.3216227345433822;-0.06346696996043732
2022-08-06 10:33:58.360;-0.20881136487775764;-1297.782039089965;-1.4930490263000267;-0.2530214845641581;-0.21649704070401654;0.2149494146763331;-0.269621826709475;-0.275791782657528;-0.030126822086822713;-0.31119089626275453;-0.3232236189360833;-0.06378401393918054
2022-08-06 10:33:58.380;-0.22356724817697293;-1297.1848740842615;-1.4923620106044395;-0.2575893412662822;-0.22207034012999216;0.20925324313658678;-0.2700547860226479;-0.276231397063917;-0.030156495198292887;-0.3116241186037847;-0.3236624999098012;-0.06380918253699885
2022-08-06 10:33:58.400;-0.23693525902181345;-1296.587723049517;-1.4916750109819108;-0.262157182671956;-0.22764273285148207;0.20356208714839408;-0.27048774241907125;-0.2766710084753399;-0.030186168003878855;-0.31205733802624636;-0.3241013778982733;-0.0638343508757
2022-08-06 10:33:58.420;-0.2487453784796705;-1295.9905788661345;-1.490988019241614;-0.2667250087812363;-0.2332142195553253;0.1978759428261485;-0.27092069589891565;-0.27711061689185357;-0.030215840503593938;-0.31249055453042374;-0.3245402529018975;-0.06385951895532571
2022-08-06 10:33:58.440;-0.2588728732083767;-1295.3942169954607;-1.4903019275224252;-0.26849180531797856;-0.23581080563346646;0.19313471835253804;-0.2685545727223584;-0.2745775180965424;-0.029301333463724433;-0.31012299390630105;-0.32188762306373064;-0.06226139927504981
2022-08-06 10:33:58.460;-0.2672773165240594;-1294.7994149275983;-1.4896176302972253;-0.27025858233554345;-0.23840679131635412;0.18839682393787438;-0.2661883624411061;-0.2720443011890197;-0.028386662849506195;-0.30775534612461897;-0.31923483194384517;-0.060662876147146605
2022-08-06 10:33:58.480;-0.27398358070729634;-1294.205308815457;-1.4889341337426936;-0.26885359962261646;-0.2388417444151152;0.17777801480849043;-0.25858100290539454;-0.26389254373136595;-0.02540304822762085;-0.30841762524567784;-0.31991795594086625;-0.06077142583811401
2022-08-06 10:33:58.500;-0.2790878095577912;-1293.6110328072318;-1.488250441729159;-0.2674486195498389;-0.23927372368425281;0.16717666525401498;-0.25097367439766316;-0.255740554563225;-0.022418058801276786;-0.30907989754643594;-0.32060107239868785;-0.06087997198697703
2022-08-06 10:33:58.520;-0.2827473002416221;-1293.0165869501434;-1.487566554310948;-0.2660436421175518;-0.23970273325815938;0.15659275013093943;-0.2433663769175709;-0.2475883335737521;-0.019431694013739786;-0.30974216302712065;-0.3212841813175942;-0.06098851459390087
2022-08-06 10:33:58.540;-0.28517288723948164;-1292.4220571397673;-1.486882570307663;-0.2645798324091402;-0.24005488167748368;0.14611176470624976;-0.235700310425635;-0.2393618020438666;-0.016357129130765813;-0.31034559265452444;-0.32189549862874856;-0.06102359942857216
2022-08-06 10:33:58.560;-0.2866152892877959;-1291.8275292465914;-1.486198588510044;-0.263116025658519;-0.24040412482603202;0.13564784191819257;-0.22803427275581356;-0.2311350208564349;-0.013281103834948738;-0.3109490166198121;-0.3225068101485249;-0.06105868376004153
2022-08-06 10:33:58.580;-0.2873542777523904;-1291.2331580780665;-1.485514787018193;-0.26523276686373265;-0.2438872158657297;0.12782565822937375;-0.23531951699580844;-0.23895234120893605;-0.01619964406261154;-0.31048168990031044;-0.3220114687062505;-0.06090561685737583
2022-08-06 10:33:58.600;-0.28767704129976546;-1290.6390985203107;-1.4848313440227163;-0.2673495130180754;-0.24736866251950929;0.12001297439782821;-0.2426047828771729;-0.2467694305252266;-0.019116858492465028;-0.3100143597850966;-0.3215161228430361;-0.060752544567875155
2022-08-06 10:33:58.620;-0.28787292670792186;-1290.0453507277925;-1.4841482597013238;-0.2694662641216041;-0.2508484664844879;0.11220978042184182;-0.24989007040019118;-0.2545862889120585;-0.022032747661881125;-0.3095470262741138;-0.3210207725588816;-0.06059946689132634
2022-08-06 10:33:58.640;-0.28819972609434397;-1289.4517551555546;-1.483465350503592;-0.27279312757895013;-0.25558027061058297;0.10418925414950486;-0.2583847090991398;-0.2636566537322764;-0.025178894084394443;-0.31028971034197284;-0.3217731659211154;-0.060642655135691115
2022-08-06 10:33:58.660;-0.2888754138246413;-1288.8581697512927;-1.4827824530037308;-0.27146856565519784;-0.25315208683153756;0.1105149228864688;-0.25912696020397874;-0.2643858104288128;-0.025088602244752067;-0.3110323858328421;-0.3225255505105338;-0.06068584261762844
2022-08-06 10:33:58.680;-0.29009985926321735;-1288.2644896883503;-1.4820994466026471;-0.26968293130994425;-0.25027004265578867;0.11679004173536267;-0.2594084312491063;-0.2646626437786139;-0.025056250939282876;-0.31131401781049917;-0.32282406620339543;-0.06077809206986551
2022-08-06 10:33:58.700;-0.2920001449390438;-1287.670620902245;-1.4814162230827206;-0.2678972997547362;-0.24738693318684923;0.12307130875674144;-0.259689901061698;-0.2649394764387907;-0.025023902721148517;-0.3115956485549951;-0.3231225802907147;-0.06087033956568888
2022-08-06 10:33:58.720;-0.2946453701743559;-1287.0765634481577;-1.4807327825074348;-0.26611167098946;-0.24450275753568818;0.12935872918310753;-0.25997136964181067;-0.2652163084096273;-0.024991557590332114;-0.31187727806621623;-0.3234210927724348;-0.060962585105123424
2022-08-06 10:33:58.740;-0.2980441962613908;-1286.4825287883796;-1.4800493681561373;-0.2642903728097963;-0.24154653966124684;0.13585478933052997;-0.2602171889887117;-0.2654216625515673;-0.02475354230293636;-0.3121232379615968;-0.3236535122331361;-0.06088059083961639
2022-08-06 10:33:58.760;-0.30212675154916235;-1285.8887219748212;-1.479366215933276;-0.25006539171829445;-0.22600694424940926;0.14314011711778551;-0.26253028830986835;-0.26781205943049;-0.025152478300057624;-0.3123691969166167;-0.3238859307335815;-0.060798596324699083
2022-08-06 10:33:58.780;-0.30679812102487647;-1285.2950186732269;-1.4786831827970044;-0.23605867964380423;-0.21070686983839337;0.1503068437803865;-0.2650614555374986;-0.2704436083824575;-0.02568002767099742;-0.3128333550941953;-0.3243561566999915;-0.06082558686314421
2022-08-06 10:33:58.800;-0.31190413229213976;-1284.7013009316215;-1.4780001330480477;-0.22205201063405866;-0.19540533523732861;0.15748163095358247;-0.2675926127862098;-0.273075141853802;-0.02620755423007637;-0.3132975099216502;-0.32482637923976654;-0.060852577103805316
2022-08-06 10:33:58.820;-0.31725791385140933;-1284.107568748972;-1.4773170666852173;-0.20804538468877354;-0.18010233891428484;0.16466448664198996;-0.27012376005605887;-0.2757066598442961;-0.02673505797358633;-0.3137616613989813;-0.3252965983529066;-0.060879567046671745
2022-08-06 10:33:58.840;-0.32265390537919103;-1283.5124620303468;-1.4766324189708668;-0.19771194181276996;-0.1687534192714999;0.17030323240181566;-0.27632449666062797;-0.28229240701571;-0.02882880244965591;-0.31789763816436434;-0.3296804854651896;-0.062234122788458635
2022-08-06 10:33:58.860;-0.3278836393094692;-1282.9146283398804;-1.4759446339788154;-0.1915130702288934;-0.16036033916467218;0.18280677452661642;-0.277873681636855;-0.2838637551830274;-0.02892547016997149;-0.32203334896348323;-0.3340640263289174;-0.06358825670621737
2022-08-06 10:33:58.880;-0.33273072513220525;-1282.314744047566;-1.4752544898470927;-0.18372153332256858;-0.15023303216768014;0.19609297809364623;-0.2778316004465964;-0.28370592197259015;-0.028259508530586785;-0.32457678143719804;-0.33661883055697217;-0.06361044796282034
2022-08-06 10:33:58.900;-0.3370207698298705;-1281.7135008276164;-1.4745627823206544;-0.17593007745546174;-0.1401010508971332;0.20940618388716725;-0.27778946414516525;-0.2835480249838369;-0.027593497378227028;-0.32712011332307256;-0.3391735471299171;-0.06363271564520367
2022-08-06 10:33:58.920;-0.34063047848532135;-1281.1108945376109;-1.473869506633802;-0.16813870262365072;-0.12996438715842729;0.22274643903184366;-0.27774727273705224;-0.2833900642201783;-0.026927436706295715;-0.3296633446280417;-0.34172817604991224;-0.06365505972672825
2022-08-06 10:33:58.940;-0.3435058221114975;-1280.5076162937403;-1.4731754578895069;-0.18467596170000888;-0.14697790508003905;0.22033675149805365;-0.27981443012154017;-0.2855994377465194;-0.027705311164157642;-0.3296633446280417;-0.34172817604991224;-0.06365505972672825
2022-08-06 10:33:58.960;-0.34559928098890713;-1279.9043557131445;-1.4724814294661397;-0.2012132207763102;-0.16399122009861244;0.2179279679632753;-0.28188158750608494;-0.28780879324695974;-0.02848309169597396;-0.3296633446280417;-0.34172817604991224;-0.06365505972672825
2022-08-06 10:33:58.980;-0.3469635077022353;-1279.3009742898794;-1.4717872620178638;-0.21867580929114183;-0.18196760787705912;0.21532019655196333;-0.2848732219842631;-0.2909805432500647;-0.02946081313977622;-0.3305883701296999;-0.34268543162784226;-0.06382460015448821
2022-08-06 10:33:59.000;-0.34771309910083403;-1278.6973335917646;-1.4710927962837046;-0.23613827877920812;-0.19994364000669762;0.21271348360639752;-0.2878648299497044;-0.29415223651093214;-0.030438379293484807;-0.3315133823252232;-0.34364267224538025;-0.06399413232609064
2022-08-06 10:33:59.020;-0.3480278058530618;-1278.0934337665167;-1.4703980324336041;-0.2536006292427828;-0.21791931658745867;0.21010782874175682;-0.2908564114029204;-0.2973238730348484;-0.03141579018033713;-0.3324383812148959;-0.34459989790286727;-0.06416365624208265
2022-08-06 10:33:59.040;-0.3481138754988595;-1277.489402357991;-1.4697031172019321;-0.2461210912512115;-0.21197238987784672;0.2011368172527801;-0.28957762123675224;-0.2958661211896114;-0.030410405875087143;-0.33322720190397703;-0.3453990164230163;-0.06420945640738829
2022-08-06 10:33:59.060;-0.3482728644324099;-1276.8853668352313;-1.46900819723699;-0.23864158865603713;-0.20602346414151285;0.19217813939639505;-0.28829883266867995;-0.2944083434354283;-0.02940486995440761;-0.334016012916603;-0.34619812504627134;-0.06425525571466029
2022-08-06 10:33:59.080;-0.3487986693345352;-1276.2820619606427;-1.4683141178550638;-0.22810154389594572;-0.19684060064023257;0.18415715978335445;-0.28396217812248636;-0.2897203430626618;-0.027467644133195357;-0.3317451545902905;-0.3437912091881685;-0.06351180956526115
2022-08-06 10:33:59.100;-0.3500059753747585;-1275.6802243297352;-1.4676217264813574;-0.21756128915728823;-0.18765600053317044;0.1761456737085556;-0.27962541099284266;-0.28503211123861405;-0.02552978643460513;-0.3294742160749671;-0.3413841889404807;-0.06276823625395167
2022-08-06 10:33:59.120;-0.35219935053376916;-1275.0798576202724;-1.466931027346998;-0.20702082442801384;-0.17846966512363238;0.1681436721452476;-0.2752885312730413;-0.280343647917185;-0.023591296655341765;-0.3272031973655736;-0.33897706429337404;-0.06202453575632649
2022-08-06 10:33:59.140;-0.3556548520810483;-1274.4816235578837;-1.4662427817422312;-0.20352460954603657;-0.1773060193249627;0.15465146068491364;-0.26662756191458215;-0.271067044979155;-0.02021845008945089;-0.3237082306860053;-0.33523561505614907;-0.060667259519787464
2022-08-06 10:33:59.160;-0.3605945608844696;-1273.8862100376355;-1.4655577810642468;-0.20002820466555704;-0.1761375646226817;0.14118651163977347;-0.2579662779069949;-0.261789771908262;-0.01684374148051937;-0.3202130740758058;-0.3314939006188524;-0.05930958303216016
2022-08-06 10:33:59.180;-0.3672119591902908;-1273.2922078667398;-1.4648744040901767;-0.20002820466555704;-0.17874650483671317;0.12617425827655904;-0.2527982156908237;-0.25629616500432206;-0.015072159725875167;-0.3202130740758058;-0.3314939006188524;-0.05930958303216016
2022-08-06 10:33:59.200;-0.37562083939618207;-1272.6982083600378;-1.4641910301811605;-0.20002820466555704;-0.18134942187899483;0.11119710982487518;-0.2476301534747094;-0.2508024669985147;-0.013300110268990473;-0.3202130740758058;-0.3314939006188524;-0.05930958303216016
2022-08-06 10:33:59.220;-0.3858908304136953;-1272.1042178169082;-1.4635076665843942;-0.21449877887090452;-0.19628135593021412;0.1088264898922855;-0.251764603247544;-0.25514835384276324;-0.014435080059895355;-0.3202130740758058;-0.3314939006188524;-0.05930958303216016
2022-08-06 10:33:59.240;-0.3979964933339274;-1271.510242539931;-1.4628243205507574;-0.2289693530761383;-0.2112130955321483;0.10645676307835039;-0.2558990530204923;-0.2594942103072171;-0.015569904736363327;-0.3202130740758058;-0.3314939006188524;-0.05930958303216016
2022-08-06 10:33:59.260;-0.41186332379180635;-1270.9162825292806;-1.462140992080451;-0.24343992728148578;-0.22614464075835272;0.10408792908277054;-0.26003350279349746;-0.26384003639216047;-0.016704584293815827;-0.3202130740758058;-0.3314939006188524;-0.05930958303216016
2022-08-06 10:33:59.280;-0.4273595789635638;-1270.322337785161;-1.461457681173709;-0.25791050148671957;-0.24107599168135962;0.10171998760534784;-0.2641679525663889;-0.2681858320973092;-0.017839118727588144;-0.3202130740758058;-0.3314939006188524;-0.05930958303216016
2022-08-06 10:33:59.300;-0.4443051762185203;-1269.7284083077611;-1.4607743878307495;-0.27238107569206704;-0.2560071483743265;0.09935293834603343;-0.2683024023393372;-0.2725315974230611;-0.01897350803318698;-0.3202130740758058;-0.3314939006188524;-0.05930958303216016
2022-08-06 10:33:59.320;-0.4624471526520104;-1269.134478405591;-1.4600910939991076;-0.25791050148671957;-0.24024511972587348;0.10650163069186647;-0.2683024023393372;-0.2725561088870663;-0.019114707387734242;-0.3202130740758058;-0.3314939006188524;-0.05930958303216016
2022-08-06 10:33:59.340;-0.4815779220358297;-1268.5405323865052;-1.4594077816255657;-0.24343992728148578;-0.2244815785460652;0.11365841423937173;-0.2683024023393372;-0.2725806203605643;-0.019255906758065322;-0.3202130740758058;-0.3314939006188524;-0.05930958303216016
2022-08-06 10:33:59.360;-0.5014458559217009;-1267.946570249398;-1.4587244507088513;-0.2289693530761383;-0.20871652327875623;0.12082329708731088;-0.2683024023393372;-0.27260513184378254;-0.01939710614421486;-0.3202130740758058;-0.3314939006188524;-0.05930958303216016
2022-08-06 10:33:59.380;-0.521781449539261;-1267.3525849123762;-1.4580410931015146;-0.21449877887090452;-0.19294995236706214;0.1279962873416931;-0.2683024023393372;-0.2726296433366642;-0.019538305546153545;-0.3202130740758058;-0.3314939006188524;-0.05930958303216016
2022-08-06 10:33:59.400;-0.5423378408673645;-1266.7585905358937;-1.4573577250946212;-0.20002820466555704;-0.17718186425176796;0.13517739311576982;-0.2683024023393372;-0.27265415483903865;-0.019679504963910688;-0.3202130740758058;-0.3314939006188524;-0.05930958303216016
2022-08-06 10:33:59.420;-0.5629071620542573;-1266.1645852744768;-1.4566743445650236;-0.19382653000610617;-0.1716562868810776;0.131164831491982;-0.2641679525663889;-0.26825938747682443;-0.018262832472119683;-0.3202130740758058;-0.3314939006188524;-0.05930958303216016
2022-08-06 10:33:59.440;-0.5832695343792277;-1265.5705743638027;-1.4559909575361698;-0.18762485534676898;-0.16613031314901505;0.1271547543825191;-0.26003350279349746;-0.26386456183043805;-0.016845860746784957;-0.3202130740758058;-0.3314939006188524;-0.05930958303216016
2022-08-06 10:33:59.460;-0.6032536220014195;-1264.9765578035222;-1.455307564007658;-0.1814231806873181;-0.16060394324708582;0.12314716046794771;-0.2558990530204923;-0.25946967788879505;-0.015428589735777543;-0.3202130740758058;-0.3314939006188524;-0.05930958303216016
2022-08-06 10:33:59.480;-0.6227239142308816;-1264.3825355932859;-1.4546241639790862;-0.17522150602792408;-0.1550771773671933;0.11914204842941434;-0.251764603247544;-0.25507473564120886;-0.014011019387088375;-0.3202130740758058;-0.3314939006188524;-0.05930958303216016
2022-08-06 10:33:59.500;-0.6415825933165195;-1263.7885077327446;-1.4539407574500531;-0.1690198313684732;-0.14955001570044502;0.11513941694878316;-0.2476301534747094;-0.25067973507704977;-0.012593149648624014;-0.3202130740758058;-0.3314939006188524;-0.05930958303216016
2022-08-06 10:33:59.520;-0.6598176112347744;-1263.1944958659224;-1.453257369321187;-0.20261223577364262;-0.18636551553320047;0.09725406725523733;-0.2476301534747094;-0.2505570033964304;-0.01188618942207409;-0.3202130740758058;-0.3314939006188524;-0.05930958303216016
2022-08-06 10:33:59.540;-0.6773567251300103;-1262.6005216334088;-1.452574024489166;-0.23620464017881204;-0.2231716279542617;0.07941922051698302;-0.2476301534747094;-0.25043427195677026;-0.011179229589134643;-0.3202130740758058;-0.3314939006188524;-0.05930958303216016
2022-08-06 10:33:59.560;-0.6942083580055144;-1262.0065850280153;-1.45189072294572;-0.26979704458398146;-0.2599683769597938;0.06163475066594959;-0.2476301534747094;-0.250311540757842;-0.010472270149683105;-0.3202130740758058;-0.3314939006188524;-0.05930958303216016
2022-08-06 10:33:59.580;-0.7104086188868382;-1261.412686042553;-1.4512074646825786;-0.3033894489891509;-0.2967557864925858;0.04390053191426002;-0.2476301534747094;-0.2501888097997593;-0.009765311103587138;-0.3202130740758058;-0.3314939006188524;-0.05930958303216016
2022-08-06 10:33:59.600;-0.725970198933135;-1260.8188044351773;-1.4505242264122664;-0.29718777432975685;-0.29395874572171365;0.024186695551003723;-0.24556292858820683;-0.24795439341882997;-0.00884376181184976;-0.3202130740758058;-0.3314939006188524;-0.05930958303216016
2022-08-06 10:33:59.620;-0.7410150755725416;-1260.2249199623402;-1.4498409848453497;-0.290986099670306;-0.29115130177897086;0.004534341840696676;-0.24349570370170426;-0.24571995200286523;-0.00792207979698567;-0.3202130740758058;-0.3314939006188524;-0.05930958303216016
2022-08-06 10:33:59.640;-0.7556140704914742;-1259.6310255337376;-1.4491577318247024;-0.28478442501091195;-0.28833348172733864;-0.015056696006424453;-0.24142847881525853;-0.24348548554868188;-0.007000265041781084;-0.30987694964346346;-0.32038846293295364;-0.055063846816671536
2022-08-06 10:33:59.660;-0.7698471449980852;-1259.037135298182;-1.4484744836279966;-0.2785827503514611;-0.28550531257176104;-0.03458658438676565;-0.23936125392875596;-0.24125099405281247;-0.006078317529064847;-0.2995408252110643;-0.30928240574593246;-0.05081481773608498
2022-08-06 10:33:59.680;-0.783796663715141;-1258.4432421654128;-1.4477912320981565;-0.27238107569206704;-0.28266682126011133;-0.05405548930425752;-0.23729402904225338;-0.23901647751178956;-0.005156237241568995;-0.2995408252110643;-0.30928240574593246;-0.05081481773608498
2022-08-06 10:33:59.700;-0.7975058111086901;-1257.8493405748522;-1.447107970837948;-0.25791050148671957;-0.2689624728762148;-0.058739502076391226;-0.24556292858820683;-0.24780709574738324;-0.007995295942713199;-0.2995408252110643;-0.30928240574593246;-0.05081481773608498
2022-08-06 10:33:59.720;-0.8110292830663209;-1257.255424971103;-1.4464246934560971;-0.24343992728148578;-0.25525761193401664;-0.06342005428244946;-0.2538318281340466;-0.25659748045531927;-0.010833155730945343;-0.2995408252110643;-0.30928240574593246;-0.05081481773608498
2022-08-06 10:33:59.740;-0.8243876241349255;-1256.6614953539756;-1.4457413999523865;-0.2289693530761383;-0.24155223870022624;-0.0680971480656023;-0.26210072767988635;-0.26538763172217017;-0.013669817023227004;-0.2995408252110643;-0.30928240574593246;-0.05081481773608498
2022-08-06 10:33:59.760;-0.8375774517225065;-1256.0675517232812;-1.4450580903265982;-0.21449877887090452;-0.22784635344160975;-0.07277078556804284;-0.2703696272258398;-0.2741775496345653;-0.016505280236662756;-0.2995408252110643;-0.30928240574593246;-0.05081481773608498
2022-08-06 10:33:59.780;-0.8505708380240574;-1255.473594078816;-1.444374764578498;-0.20002820466555704;-0.21413995642459227;-0.0774409689307447;-0.27863852677167955;-0.28296723427873616;-0.0193395457879717;-0.2995408252110643;-0.30928240574593246;-0.05081481773608498
2022-08-06 10:33:59.800;-0.8633379745073078;-1254.879631905329;-1.4436914336199298;-0.2051962668817282;-0.21898706911557397;-0.0754968479560656;-0.2683024023393372;-0.27191881395221884;-0.015443529300974035;-0.2995408252110643;-0.30928240574593246;-0.05081481773608498
2022-08-06 10:33:59.820;-0.8757851160942481;-1254.2856746876278;-1.4430081083628052;-0.21036432909789937;-0.22383409071560223;-0.07355212609740835;-0.2579662779069949;-0.26086994206686853;-0.011545159898997959;-0.2995408252110643;-0.30928240574593246;-0.05081481773608498
2022-08-06 10:33:59.840;-0.8878235806910186;-1253.691722425654;-1.4423247888070574;-0.21553239131412738;-0.2286810212042134;-0.07160680319795532;-0.2476301534747094;-0.2498206183703573;-0.007644436323774428;-0.2995408252110643;-0.30928240574593246;-0.05081481773608498
2022-08-06 10:33:59.860;-0.8993583402843764;-1253.0977751193495;-1.441641474952619;-0.22070045353029855;-0.23352786056060282;-0.06966087910083196;-0.23729402904225338;-0.2387708426103572;-0.003741357316424221;-0.2995408252110643;-0.30928240574593246;-0.05081481773608498
2022-08-06 10:33:59.880;-0.9102834548836237;-1252.5038281911475;-1.4409581615331732;-0.23310380284914345;-0.24327021997905618;-0.054117609185910354;-0.24349570370170426;-0.24542531532218703;-0.006224917530020413;-0.2995408252110643;-0.30928240574593246;-0.05081481773608498
2022-08-06 10:33:59.900;-0.9204940854635927;-1251.909898301259;-1.4402748677156612;-0.24550715216798835;-0.25300613820425966;-0.03853546986202083;-0.2496973783610983;-0.25207960436718935;-0.008707513994980154;-0.2995408252110643;-0.30928240574593246;-0.05081481773608498
2022-08-06 10:33:59.920;-0.9299118841960795;-1251.3159783629453;-1.4395915853470582;-0.25791050148671957;-0.26273560210623614;-0.022914377059155555;-0.2558990530204923;-0.2587337098115299;-0.011189147047399928;-0.2995408252110643;-0.30928240574593246;-0.05081481773608498
2022-08-06 10:33:59.940;-0.9384649842430242;-1250.722068369745;-1.4389083144199315;-0.27031385080556447;-0.27245859853369225;-0.007254246550735921;-0.26210072767988635;-0.26538763172217017;-0.013669817023227004;-0.2995408252110643;-0.30943179963281864;-0.05167337503049829
2022-08-06 10:33:59.960;-0.9461119271720655;-1250.1281683152265;-1.4382250549268811;-0.2827172001244094;-0.28217511431367726;0.008445006046994052;-0.2683024023393372;-0.27204137016527596;-0.016149524258404213;-0.2995408252110643;-0.3095811933658865;-0.052531929974170666
2022-08-06 10:33:59.980;-0.952808651820233;-1249.5342636302012;-1.4375417901066083;-0.26617940103261617;-0.2634015109573262;0.02099123180872553;-0.26003350279349746;-0.26310427772065026;-0.012466298037305812;-0.2995408252110643;-0.3095811933658865;-0.052531929974170666
2022-08-06 10:34:00.000;-0.9586118945307192;-1248.9403397466886;-1.4368585031992038;-0.24964160194093665;-0.24462332383470553;0.03356271199268068;-0.251764603247544;-0.2541667849498239;-0.00878094940971863;-0.2995408252110643;-0.3095811933658865;-0.052531929974170666
2022-08-06 10:34:00.020;-0.9635785981488503;-1248.3463966606287;-1.436175194199997;-0.23310380284914345;-0.22584054475132476;0.04615949135567643;-0.24349570370170426;-0.245228891638952;-0.005093477274808578;-0.2995408252110643;-0.3095811933658865;-0.052531929974170666
2022-08-06 10:34:00.040;-0.9677964722507032;-1247.752434367947;-1.4354918631042999;-0.2165660037572934;-0.20705316550035846;0.05878161472496046;-0.2352268041558645;-0.23629059757339377;-0.0014038805311447078;-0.2995408252110643;-0.3095811933658865;-0.052531929974170666
2022-08-06 10:34:00.060;-0.971384748844211;-1247.1584528645399;-1.4348085099073915;-0.20002820466555704;-0.18826117786247565;0.07142912699801052;-0.22695790460991105;-0.22735190253873583;0.002287841923337197;-0.2995408252110643;-0.3095811933658865;-0.052531929974170666
2022-08-06 10:34:00.080;-0.9744965196907;-1246.5644583997855;-1.434125141798945;-0.19486014244938588;-0.1816980384445266;0.0793547978729583;-0.23212596682608222;-0.23296934898692;-0.00019665370211097155;-0.2995408252110643;-0.30948159756098903;-0.05195956027291526
2022-08-06 10:34:00.100;-0.9772698985460754;-1245.9704572242117;-1.4334417659699548;-0.18969208023327155;-0.175133144564402;0.08729040488526163;-0.23729402904225338;-0.23858661706636752;-0.0026801984016806557;-0.2995408252110643;-0.3093820016875952;-0.0513871895268867
2022-08-06 10:34:00.120;-0.9798670496840031;-1245.376449336116;-1.4327583824184627;-0.1845240180171004;-0.16856649431386828;0.09523595895588155;-0.2424620912584814;-0.2442037068399472;-0.005162792500578384;-0.2995408252110643;-0.30928240574593246;-0.05081481773608498
2022-08-06 10:34:00.140;-0.982435252445683;-1244.782427652557;-1.4320749829958135;-0.17935595580087238;-0.1619980857827592;0.10319147101634485;-0.2476301534747094;-0.2498206183703573;-0.007644436323774428;-0.2995408252110643;-0.30928240574593246;-0.05081481773608498
2022-08-06 10:34:00.160;-0.9851245812204413;-1244.1884087006547;-1.4313915867158313;-0.17935595580087238;-0.16005739097861138;0.11435718454856314;-0.24556292858820683;-0.24758614989038819;-0.006722598199645269;-0.2995408252110643;-0.30928240574593246;-0.05081481773608498
2022-08-06 10:34:00.180;-0.988096394752034;-1243.59440130875;-1.4307082037351884;-0.18684626095807744;-0.165717054270349;0.12503735427534224;-0.25097916351366933;-0.25295065076922896;-0.006315780940494342;-0.3070284564053587;-0.3168681142072387;-0.051251075118209144
2022-08-06 10:34:00.200;-0.9914195777274851;-1243.0004190175896;-1.4300248496319998;-0.19433569411040708;-0.17137291155362178;0.13573516875400937;-0.256394634183458;-0.2583143772913772;-0.005908905287057564;-0.3145152159059954;-0.3244529310248936;-0.051687254865976584
2022-08-06 10:34:00.220;-0.9951720521835785;-1242.4064618205666;-1.429341524398665;-0.20182425543845284;-0.17702495908017468;0.1464506529702927;-0.2618093407592923;-0.2636773296191208;-0.005501971238399683;-0.3220011038935091;-0.3320368563850593;-0.052123357000108506
2022-08-06 10:34:00.240;-0.999387885453039;-1241.8084066307856;-1.4286534845800507;-0.2143935649854143;-0.1885177636640698;0.15289388108123347;-0.27230036804873947;-0.2748906388769896;-0.009452038375144411;-0.3345659263244407;-0.34550510799266476;-0.057102150078025105
2022-08-06 10:34:00.260;-1.004089747596875;-1241.2021798097194;-1.4279560436094971;-0.21455910922111343;-0.1881250577177731;0.15610970944715685;-0.2848560066871286;-0.288334969494791;-0.014319603544155513;-0.34712829432208636;-0.3589698998358699;-0.06207558943556446
2022-08-06 10:34:00.280;-1.0092685130050263;-1240.59296126775;-1.4272551607774855;-0.1993949690634622;-0.17129952988821984;0.16536997953025523;-0.2820958787678691;-0.28534703228191205;-0.01306260493213074;-0.34436668707609996;-0.35601521777499556;-0.06101273756951375
2022-08-06 10:34:00.300;-1.0149127691699678;-1239.9858853572587;-1.4265567429617443;-0.1842304735625362;-0.1544711188343264;0.17464398927274694;-0.27933563231876946;-0.28235892180796185;-0.011805314250031174;-0.34160496123672246;-0.35306037080579245;-0.059949639551943434
2022-08-06 10:34:00.320;-1.02097317525245;-1239.380959893846;-1.425860799153826;-0.1690656226942906;-0.13763982105789196;0.18393175725344957;-0.2765752673310189;-0.27937063804997564;-0.010547731424395579;-0.3388431167950863;-0.3501053589075127;-0.05888629532125833
2022-08-06 10:34:00.340;-1.0273907541985063;-1238.7771063023465;-1.4251660884939;-0.1576850088092101;-0.1248321592318895;0.19191659658389248;-0.2775951887779442;-0.28040628318924377;-0.010617834550562755;-0.33986358488237656;-0.35113916353884633;-0.05894561270867715
2022-08-06 10:34:00.360;-1.034131887253606;-1238.1732616897425;-1.4244713881638529;-0.1835091989626676;-0.14976821946297392;0.1975416461659858;-0.28068202363802897;-0.2836759491194343;-0.011609124231674706;-0.34088403677514734;-0.3521729516062351;-0.05900492865837226
2022-08-06 10:34:00.380;-1.0410541093784826;-1237.5698075773325;-1.423777137089472;-0.20716760428786074;-0.17244166591953913;0.20368180285152704;-0.2816052903752606;-0.28468535582450016;-0.012086832710086703;-0.33973974459768996;-0.35086057621936106;-0.05805828438134952
2022-08-06 10:34:00.400;-1.0480752813636502;-1236.9671278863752;-1.4230837769576077;-0.23082618539535815;-0.19511446088168682;0.20982780317176708;-0.28252855310793024;-0.2856947518043498;-0.012564505147768301;-0.3385954320584652;-0.3495481582484672;-0.05711151842650519
2022-08-06 10:34:00.420;-1.0551138224733259;-1236.3652162841681;-1.4223913004827258;-0.25448494228976415;-0.21778660378234704;0.21597965205555525;-0.283451811835981;-0.28670413705955156;-0.013042141547378705;-0.3374510991570183;-0.348235697690086;-0.05616463077869582
2022-08-06 10:34:00.440;-1.0620846263606847;-1235.7633036247062;-1.4216988227915124;-0.2814921763138045;-0.24398899658453743;0.22115321497235652;-0.28772097676581865;-0.29124228090110904;-0.014506043193567741;-0.3396545690043773;-0.3505256693823071;-0.056624360341326785
2022-08-06 10:34:00.460;-1.0688274263763446;-1235.160592349719;-1.4210054263234193;-0.2526920457652295;-0.21519090494584603;0.22056485663317815;-0.28475580551130264;-0.28783884954699346;-0.012040750497956054;-0.3418579633494083;-0.35281555419203414;-0.05708403235765047
2022-08-06 10:34:00.480;-1.0753175889071849;-1234.5574516312263;-1.4203115357968568;-0.2216882061233605;-0.1840873389735158;0.2205182260859102;-0.27958849890429605;-0.28213112060554835;-0.009031174925544505;-0.3418579633494083;-0.35281555419203414;-0.05708403235765047
2022-08-06 10:34:00.500;-1.0814775532413923;-1233.9542786230086;-1.41961760812219;-0.1906843664815483;-0.1529837891534136;0.22047151257432596;-0.2744211922973463;-0.2764231487297124;-0.006020289375952004;-0.3418579633494083;-0.35281555419203414;-0.05708403235765047
2022-08-06 10:34:00.520;-1.0872252613109863;-1233.3510733268267;-1.418923643301445;-0.15968052683979295;-0.12188025548701731;0.2204247161169679;-0.2692538856903397;-0.2707149338258077;-0.0030080933553504607;-0.3418579633494083;-0.35281555419203414;-0.05708403235765047
2022-08-06 10:34:00.540;-1.0925419530770424;-1232.746844113346;-1.4182285005026727;-0.17615228887001422;-0.14059961031520984;0.20782036678153926;-0.2774537150302976;-0.2794615317678435;-0.0059931138713373855;-0.3459260394077397;-0.3569409597128015;-0.05734441182384753
2022-08-06 10:34:00.560;-1.097283551386745;-1232.1406028413694;-1.4175310429068946;-0.19262344476703674;-0.15931380009422824;0.1952411224013817;-0.2856531709429291;-0.28820746518939444;-0.00897661643308112;-0.34999385812511363;-0.36106611881996287;-0.0576048656572139
2022-08-06 10:34:00.580;-1.1013629317084583;-1231.5333658988748;-1.4168324398299397;-0.20561233443226;-0.1743157306755485;0.18391509256550442;-0.29037402346565244;-0.29324710895777883;-0.010718384189601693;-0.35058130045552716;-0.3616612387235705;-0.05763901254580439
2022-08-06 10:34:00.600;-1.104703841085139;-1230.9261461830683;-1.4161338565716366;-0.21860116837990518;-0.1893140109239404;0.17260898732526542;-0.2950948538416682;-0.29828663866535265;-0.012459673686850081;-0.35116873741912613;-0.36225635313797966;-0.05767315895808789
2022-08-06 10:34:00.620;-1.107228514769581;-1230.3189436904577;-1.4154352931279668;-0.23158994661088173;-0.204308646438367;0.16132277578414644;-0.29981566207137433;-0.30332605433638804;-0.014200485044156608;-0.3517561690159674;-0.3628514620633041;-0.05770730489406439
2022-08-06 10:34:00.640;-1.1088410824438997;-1229.7117692674;-1.4147367619772537;-0.23565405366207415;-0.21242481669085933;0.13808346597472987;-0.29767927639155545;-0.3010667314842621;-0.01353509166728184;-0.3516865960263509;-0.3627777156213483;-0.05768449859996139
2022-08-06 10:34:00.660;-1.109476656326259;-1229.1046554695276;-1.414038300573517;-0.2397181626256497;-0.220526482942919;0.11492805532287242;-0.2955428896426824;-0.29880739536221057;-0.012869636970791909;-0.35161702296136;-0.362703969081565;-0.05766169218634243
2022-08-06 10:34:00.680;-1.1090781402832357;-1228.497295853209;-1.4133395563649793;-0.2453024445305232;-0.23020704358694744;0.09146489191244545;-0.2949253594982437;-0.29814189540322644;-0.012605670572225947;-0.3530671432663972;-0.3642135153750701;-0.05797862537191634
2022-08-06 10:34:00.700;-1.1075816447024742;-1227.8893914768923;-1.4126401854307202;-0.25088665229441176;-0.23987251074195015;0.06808834424785282;-0.2943078173839453;-0.29747638157268597;-0.012341694446110552;-0.3545172308691882;-0.3657230236799478;-0.05829553170424706
2022-08-06 10:34:00.720;-1.1049453986456936;-1227.2809428551045;-1.4119401883626834;-0.25647078591981654;-0.24952293206630216;0.04479813106799124;-0.29369026330012815;-0.2968108538708165;-0.012077708592600267;-0.3559672857709266;-0.36723249399824454;-0.05861241118611016
2022-08-06 10:34:00.740;-1.1011235875465921;-1226.6722179856079;-1.4112398734821323;-0.24872020391069327;-0.24140525909209387;0.04676001537926755;-0.29369026330012815;-0.29674957601078944;-0.01172467881388961;-0.3559672857709266;-0.36723249399824454;-0.05861241118611016
2022-08-06 10:34:00.760;-1.0961410341262523;-1226.0634846092653;-1.4105395488147776;-0.24096962190151316;-0.2332874617254994;0.0487225180405888;-0.29369026330012815;-0.2966882982110164;-0.011371649133573136;-0.3559672857709266;-0.36723249399824454;-0.05861241118611016
2022-08-06 10:34:00.780;-1.090026969721695;-1225.4553694568967;-1.409839935390663;-0.23186109596491633;-0.22368709854621116;0.051375600805289245;-0.29233354341160833;-0.29514173493824813;-0.010305177527293985;-0.35460983873064933;-0.365766071581902;-0.058009089884883736
2022-08-06 10:34:00.800;-1.082841640739316;-1224.8485005726034;-1.4091417557507124;-0.22275246864938936;-0.21408640789221423;0.05402982953356261;-0.29097679488599937;-0.2935951107015953;-0.009238528002315505;-0.3532523630378215;-0.36429960637974546;-0.05740569276906626
2022-08-06 10:34:00.820;-1.074687473245129;-1224.2428843933085;-1.4084450173003624;-0.22346128199160376;-0.2117876263037921;0.071348738917;-0.28755316676639353;-0.28982665300994626;-0.007320706431905855;-0.3518948586914199;-0.36283309838893274;-0.05680221982871547
2022-08-06 10:34:00.840;-1.065685280308162;-1223.637898408917;-1.4077490038653526;-0.22645599469825584;-0.211905808946117;0.08795886589750257;-0.2864133428614295;-0.28848486892669456;-0.006180104096541683;-0.3528223693382948;-0.36377273489136996;-0.05685615378570397
2022-08-06 10:34:00.860;-1.055996040131658;-1223.0329149818353;-1.407052993372431;-0.22945068077166297;-0.2120165771036433;0.1046123974797748;-0.28527351883357;-0.28714305163853027;-0.005039317579685232;-0.3537498666061616;-0.36471235770949306;-0.05691008655462948
2022-08-06 10:34:00.880;-1.045798607559128;-1222.4285567610132;-1.4063577021556042;-0.22956570389038689;-0.20909086884470085;0.12211257947173237;-0.2812565666651139;-0.28277154183839315;-0.003077452840029693;-0.35179876272661303;-0.36264418928931264;-0.056270371173488876
2022-08-06 10:34:00.900;-1.0353172173400225;-1221.8254693433628;-1.4056638729496396;-0.22968069565860105;-0.20615680392981872;0.1396612944320621;-0.277239527455059;-0.2783998278241242;-0.0011149616685175445;-0.3498475996469175;-0.3605759437788265;-0.055630561779765664
2022-08-06 10:34:00.920;-1.0247961399965653;-1221.2236482042717;-1.4049715005491425;-0.2277287765601841;-0.203233221898504;0.1452145070843951;-0.27528928071338754;-0.27633583287163077;-0.0004988923123088185;-0.34789637736383483;-0.35850762117166823;-0.054990658357939814
2022-08-06 10:34:00.940;-1.0144967119131003;-1220.6209598011264;-1.4042781303942364;-0.23338007658981041;-0.20838631336508584;0.14819332318131728;-0.2809357388467433;-0.2823506255666288;-0.0025072952803917303;-0.35354565993668174;-0.36444802612754756;-0.05656796252490093
2022-08-06 10:34:00.960;-1.0046609771831059;-1220.01527674331;-1.4035813150026832;-0.23903088017613072;-0.21353872549068242;0.15117331601606931;-0.2865817009620386;-0.28836476761764374;-0.004514887803528822;-0.3591944462434036;-0.37038781821956945;-0.05814466154873177
2022-08-06 10:34:00.980;-0.9955281179688886;-1219.4080996711782;-1.4028827808043105;-0.23903088017613072;-0.2127016030305846;0.1559910903364834;-0.2865817009620386;-0.28838929803313107;-0.004656209322652316;-0.3591944462434036;-0.3702884245588507;-0.057573342185859744
2022-08-06 10:34:01.000;-0.9873431694424064;-1218.8009217237923;-1.4021842455989912;-0.23903088017613072;-0.21186386173738825;0.16081247235158802;-0.2865817009620386;-0.28841382845811125;-0.004797530857451271;-0.3591944462434036;-0.37018903083031773;-0.05700202178203995
2022-08-06 10:34:01.020;-0.9803148556873807;-1218.193742790936;-1.4014857092599258;-0.23903088017613072;-0.21081581429033136;0.16684427678107738;-0.2917486980110411;-0.29406019360353497;-0.007455393027209212;-0.3591944462434036;-0.3700896370336295;-0.05643070033726527
2022-08-06 10:34:01.040;-0.974627718613744;-1217.5850171027778;-1.4007853934375354;-0.24463482830230987;-0.21571974315722642;0.1709843344095674;-0.3025146418045992;-0.3056580311718662;-0.012031912547639578;-0.36479639381695605;-0.37599067285185583;-0.05805468306718886
2022-08-06 10:34:01.060;-0.9704039394713567;-1216.973206867544;-1.4000815289606956;-0.2502382882536267;-0.22062280910475707;0.17512673362097075;-0.3132798978124569;-0.31725451590235565;-0.0166049132720838;-0.37039785338981446;-0.3818910991088842;-0.05967803295695795
2022-08-06 10:34:01.080;-0.9677201638201174;-1216.359858893753;-1.3993758953739541;-0.2508566730131747;-0.22020041845954452;0.18112938202516027;-0.31906450560600064;-0.3235270751584025;-0.019300239322863177;-0.371016017392261;-0.38251733541630983;-0.05971393345394649
2022-08-06 10:34:01.100;-0.9666386690424842;-1215.7465221570383;-1.3986702747150428;-0.2700754415640745;-0.23878746107786597;0.18514779546679616;-0.31554889051576396;-0.3196382292506641;-0.01722036183349296;-0.37163417545144384;-0.38314356564512764;-0.059749833424245224
2022-08-06 10:34:01.120;-0.9671174194199975;-1215.1332066927062;-1.397964678529201;-0.2892941246986993;-0.25737410068453315;0.18916860125598944;-0.31203328714601497;-0.3157492745185877;-0.015139831559551453;-0.37225232756753357;-0.3837697897953376;-0.05978573286785149
2022-08-06 10:34:01.140;-0.9690760409326178;-1214.5200046246828;-1.3972592128015127;-0.30757912526843256;-0.27499512453121966;0.1933552058951813;-0.30758474504371947;-0.31089544425750404;-0.01289406835104323;-0.366770260412121;-0.3779589423548373;-0.05798896765498274
2022-08-06 10:34:01.160;-0.9723989353281641;-1213.9070300335807;-1.3965540087773967;-0.3258641648272942;-0.29261582517395723;0.19754446052117203;-0.30313619238832956;-0.3060414589138176;-0.010647531731242665;-0.361288180450682;-0.3721479681754545;-0.0561916094169046
2022-08-06 10:34:01.180;-0.9769367706463525;-1213.294219755182;-1.3958489937888157;-0.34503944006638676;-0.3111499101973756;0.20161876256405797;-0.29957734903043587;-0.30210068065851914;-0.008518559802706882;-0.3618630651530417;-0.3727239815150938;-0.05618832427758491
2022-08-06 10:34:01.200;-0.9824501580055991;-1212.6814980209092;-1.395144080666894;-0.32494730114962067;-0.29197574950135063;0.19593260547559677;-0.3022186225025152;-0.3049104117343049;-0.009436044806449218;-0.3624379447154489;-0.3732999897667355;-0.05618503951169984
2022-08-06 10:34:01.220;-0.9887778315352154;-1212.068844952526;-1.3944392465424744;-0.3048552392091324;-0.2728009754929168;0.19025127763394334;-0.3048598826258271;-0.30772010389951987;-0.010353397890251692;-0.3630128191379036;-0.37387599293066387;-0.05618175511925916
2022-08-06 10:34:01.240;-0.9957065379965009;-1211.4562177091793;-1.3937344421287803;-0.2852084373944308;-0.25408503733101284;0.18450151388241576;-0.30794596923461626;-0.3109889785427171;-0.011344545799274464;-0.3640327762054163;-0.37490927922038964;-0.05624103484155807
2022-08-06 10:34:01.260;-1.003024129985269;-1210.8435734412415;-1.3930296181289394;-0.2655617650881936;-0.23536851091026634;0.1787567304327906;-0.31103202510373507;-0.31425779177325097;-0.012335536803051106;-0.365052717093473;-0.3759425489614614;-0.056300313128846646
2022-08-06 10:34:01.280;-1.0105314404248342;-1210.230742473992;-1.39232457933862;-0.24542060678874122;-0.2161780149089374;0.17288489307542498;-0.3136238938081064;-0.3170538540878951;-0.01345997107401331;-0.36902266857014965;-0.3800314408754275;-0.05691652637942379
2022-08-06 10:34:01.300;-1.018085695520372;-1209.6175658748034;-1.3916191429118603;-0.24387960025632083;-0.21718288001679653;0.1582018066025359;-0.31208239938094806;-0.31538250604219087;-0.012742760225182614;-0.3729926032424338;-0.3841203220930538;-0.057532791179653486
2022-08-06 10:34:01.320;-1.0255246587476212;-1209.0040544753792;-1.3909133213101248;-0.2423385969342462;-0.21818202913093288;0.1435522199043362;-0.31054090816800084;-0.31371114640810305;-0.01202547064990167;-0.3769625211106664;-0.3882091926030853;-0.05814910746519786
2022-08-06 10:34:01.340;-1.0327522142494605;-1208.390377855474;-1.3902073096284906;-0.2412922107862414;-0.21964901620302513;0.1290670714835045;-0.30949357507173403;-0.31251245487978707;-0.011174452349933084;-0.37798238439188125;-0.3892423776153464;-0.05820835527945434
2022-08-06 10:34:01.360;-1.0397082984525752;-1207.776705502336;-1.3895013028556102;-0.24024582302246245;-0.22111041262033737;0.11461460846703186;-0.3084462403746997;-0.3113137415311016;-0.010323322311171168;-0.37900223149580015;-0.3902755460813978;-0.05826760165963929
2022-08-06 10:34:01.380;-1.0463680984551127;-1207.1628341005053;-1.3887950670847564;-0.2387883155071222;-0.22218184250604978;0.10003288113430475;-0.3069881675029009;-0.30973165641184863;-0.009638115740937536;-0.3796111203922088;-0.3909209567473795;-0.05846719813051848
2022-08-06 10:34:01.400;-1.052776037726453;-1206.54859050706;-1.388088403121563;-0.2548973244273043;-0.23855460323207822;0.09883073878400506;-0.31276336783312075;-0.3158451399674149;-0.011471154807333406;-0.3802200035227621;-0.3915663599055961;-0.05866678544710613
2022-08-06 10:34:01.420;-1.0589761329574323;-1205.9339757541384;-1.387381312153466;-0.27100626234721403;-0.2549272349284344;0.09762879807520353;-0.3185385406564123;-0.3219585010525279;-0.013303713812665485;-0.38082888088763056;-0.39221175555638865;-0.05886636360987563
2022-08-06 10:34:01.440;-1.0650633351440293;-1205.3195952592432;-1.3866744906903454;-0.28815195182545494;-0.27225035964372424;0.09694349429693716;-0.32534965714418007;-0.3290194397380546;-0.014606411294407096;-0.3773077160513445;-0.3883423341551975;-0.056924271624741785
2022-08-06 10:34:01.460;-1.0711365616799935;-1204.706054810602;-1.385968635668587;-0.3052974229056531;-0.28957323407511026;0.09625828950424253;-0.332160672788369;-0.3360802327945507;-0.015908910741972093;-0.373786567867338;-0.38447280585393173;-0.05498150889309006
2022-08-06 10:34:01.480;-1.0772837240950444;-1204.0929325610705;-1.385263261769047;-0.30138054266086556;-0.2850934981547404;0.09942122735843739;-0.3303102418464263;-0.3340906636433587;-0.015144347232387112;-0.3740028874982464;-0.3846919530460582;-0.05499408440460396
2022-08-06 10:34:01.500;-1.083666327870448;-1203.4798061587426;-1.3845578830918723;-0.2974636678679303;-0.28061348203900494;0.10258574371310569;-0.32845981326695295;-0.3321010797227686;-0.014379693587128983;-0.3742192064012748;-0.38491109949376323;-0.055006659851540185
2022-08-06 10:34:01.520;-1.0904076951570651;-1202.8666756033417;-1.3838524996367445;-0.2935467985270179;-0.2761331856019389;0.1057518392606509;-0.3266093870500626;-0.330111481031075;-0.013614949797016607;-0.37443552457653695;-0.3851302451969332;-0.055019235233902286
2022-08-06 10:34:01.540;-1.0976230368776014;-1202.2524301404555;-1.3831458335228304;-0.2929005514910159;-0.2751612955802081;0.10761346094449387;-0.3280269177450563;-0.33163304705052354;-0.014185928319853325;-0.37792168821027516;-0.38882562260960185;-0.056162608897688315
2022-08-06 10:34:01.560;-1.10540191807251;-1201.635963018729;-1.3824366114746616;-0.2922542150024583;-0.2741892304691511;0.10947557235088645;-0.32944430934568203;-0.33315445431198754;-0.014756801284980803;-0.38140766284459104;-0.3925207539027724;-0.05730568236898392
2022-08-06 10:34:01.580;-1.1138058892980958;-1201.0182439552664;-1.3817259491149971;-0.28473597076487067;-0.2661257244380728;0.11246626150012773;-0.3301916949929691;-0.3339865768191643;-0.015230042075715211;-0.382155475767771;-0.39329892831244706;-0.0574675052782494
2022-08-06 10:34:01.600;-1.1228837449295646;-1200.400238723414;-1.3810149575294515;-0.2772177605544357;-0.2580619842402463;0.11545835732329035;-0.3309390719474763;-0.33481868554834904;-0.015703255741779998;-0.38290327999316887;-0.3940770926395203;-0.05762932115899222
2022-08-06 10:34:01.620;-1.1326483255331667;-1199.7819474414646;-1.3803036368541153;-0.2696995843707555;-0.2499980097594836;0.11845186040149436;-0.33168644020954474;-0.3356507805002238;-0.01617644228490711;-0.3836510755211826;-0.39485524688439;-0.057791130011604075
2022-08-06 10:34:01.640;-1.1430750133320982;-1199.1635010818936;-1.3795921377678562;-0.26143338300357755;-0.2411506246491264;0.12163416107155722;-0.33168644020954474;-0.33569973253209895;-0.01645849593107762;-0.3836510755211826;-0.39485524688439;-0.057791130011604075
2022-08-06 10:34:01.660;-1.1541169415705048;-1198.545052675101;-1.378880636326346;-0.2531671816365133;-0.23230293324784057;0.12481806286480168;-0.33168644020954474;-0.3357486846022866;-0.016740549640355873;-0.3836510755211826;-0.39485524688439;-0.057791130011604075
2022-08-06 10:34:01.680;-1.1657156297064375;-1197.9273126737899;-1.3781699498784807;-0.256460111888714;-0.23355062929906367;0.13665371101639678;-0.3272315621889206;-0.3308710176865688;-0.014393908264649369;-0.38177833212250434;-0.39285275389335084;-0.057077091731174256
2022-08-06 10:34:01.700;-1.177758559922637;-1197.3110005425042;-1.3774609061409373;-0.25975305445444974;-0.23479456216657368;0.14851163723229188;-0.32277659621663446;-0.3259930985265882;-0.012046383397663618;-0.3799055341802351;-0.3908501853920825;-0.05636294208046255
2022-08-06 10:34:01.720;-1.1901306445884594;-1196.696119571534;-1.3767535088990697;-0.26304600933355005;-0.23603472571702255;0.16039187913240038;-0.31832154228830944;-0.3211149270582254;-0.009697974724661051;-0.37803268169136217;-0.38884754137416166;-0.05564868104064136
2022-08-06 10:34:01.740;-1.2027089489507852;-1196.081957944647;-1.3760469392352936;-0.2688616079150279;-0.239955049350133;0.17141609262869473;-0.31638687045929004;-0.3189200960676075;-0.008237893344142933;-0.378681595543636;-0.3895049355778042;-0.05568639698857414
2022-08-06 10:34:01.760;-1.2153659283598235;-1195.4678063806568;-1.3753403811484988;-0.28191021097120483;-0.2517936436431434;0.1786402293044107;-0.31703543017047053;-0.3195051394380002;-0.007858906022605971;-0.3793305028465248;-0.3901623230825635;-0.05572411235567021
2022-08-06 10:34:01.780;-1.2279556829307845;-1194.853855956324;-1.3746340544652529;-0.29371928629308286;-0.2623401146046582;0.18614322613685896;-0.31644547359862685;-0.31879988051044705;-0.007206428500577289;-0.37874023009095126;-0.3895366268531575;-0.05553051774652129
2022-08-06 10:34:01.800;-1.2403539646632806;-1194.2402936708313;-1.3739281743210248;-0.30552840678450366;-0.2728852435753062;0.1936549339402589;-0.3158555116108559;-0.31809460820576163;-0.0065539070326758875;-0.3781499519166651;-0.3889109235669821;-0.05533691452966938
2022-08-06 10:34:01.820;-1.2524431485464815;-1193.627119741046;-1.3732227409653126;-0.3173375724462062;-0.28342902927218816;0.20117536154943938;-0.3152655442071577;-0.31738932252331864;-0.005901341616016076;-0.37755966832349586;-0.3882852132242647;-0.05514330270467038
2022-08-06 10:34:01.840;-1.264116595463662;-1193.0157848861636;-1.3725194233955413;-0.3252675483892631;-0.28978315138366284;0.21040655587661217;-0.3107988297575943;-0.31249657029709255;-0.0035364691968347017;-0.3730905599652452;-0.3835173681176798;-0.05350204695896821
2022-08-06 10:34:01.860;-1.2752762871366627;-1192.4077416829605;-1.3718198927462133;-0.3125310198408897;-0.28298480032370676;0.175965447803887;-0.3104651202211457;-0.31212028137993997;-0.0032978547176973905;-0.3686211409797089;-0.3787490999891929;-0.05186019575632006
2022-08-06 10:34:01.880;-1.285871062716039;-1191.8013370094195;-1.3711222471631315;-0.3042643890930776;-0.2809726463947051;0.13979727857054502;-0.31459843559505174;-0.31656358098839377;-0.005000765768018667;-0.3686211409797089;-0.3786496581960819;-0.05128857395488584
2022-08-06 10:34:01.900;-1.2958485543869205;-1191.1949374459582;-1.3704246074590025;-0.2959977583452087;-0.27892614947925054;0.10383144526768007;-0.31873175096890094;-0.3210067943510566;-0.006703222808240206;-0.3686211409797089;-0.37855021633492925;-0.05071695111141139
2022-08-06 10:34:01.920;-1.3051821785650386;-1190.588535727984;-1.369726965276188;-0.2877311275973966;-0.276845470420799;0.06806696196727469;-0.3228650663428638;-0.3254499214896427;-0.008405225947448969;-0.3686211409797089;-0.3784507744056782;-0.050145327225887826
2022-08-06 10:34:01.940;-1.3138637880465374;-1189.9817967776107;-1.3690289351202858;-0.28120346823550335;-0.27655133232096674;0.03206699360314147;-0.32873586308792113;-0.33171497033057307;-0.010558909699684982;-0.37035967777796586;-0.38026108075035836;-0.05052829241962886
2022-08-06 10:34:01.960;-1.3218993610606837;-1189.3743880895709;-1.3683301344565935;-0.2829423926028767;-0.28042312246609313;0.019826932078720994;-0.3253067153465494;-0.3281057013550921;-0.009589953317652444;-0.3720981675693871;-0.3820713324060421;-0.05091121856232217
2022-08-06 10:34:01.980;-1.3293009513260492;-1188.7666477968087;-1.3676309522942418;-0.2834369729893069;-0.2829725153505116;0.008012181558376241;-0.32063430748129207;-0.32317622669253154;-0.008202654894733818;-0.37259262435497575;-0.38257226005998746;-0.050940000770253846
2022-08-06 10:34:02.000;-1.336101301731536;-1188.158911475497;-1.3669317747008936;-0.2839315495722303;-0.28551808199611983;-0.0037803365257040866;-0.3159619134728686;-0.31824672214380456;-0.006815145163813874;-0.3730870773378534;-0.38307318382447875;-0.05096878264023008
2022-08-06 10:34:02.020;-1.34233960016364;-1187.5511791216195;-1.366232601671928;-0.2844261223517037;-0.28805982850153455;-0.01555065870602057;-0.3112895333210517;-0.31331718770982064;-0.0054274241372986864;-0.3735815265182474;-0.38357410369951594;-0.05099756417227752
2022-08-06 10:34:02.040;-1.3480606872190992;-1186.9422645203958;-1.3655320685122192;-0.28811259226870334;-0.2915882501839384;-0.01457044768315896;-0.31083991588624116;-0.31284318225296914;-0.005295948048306798;-0.37726707514678637;-0.38748100404154684;-0.052207277298630395
2022-08-06 10:34:02.060;-1.3533135640636045;-1186.3309860671216;-1.3648288158303596;-0.2917988508973508;-0.2951164486915765;-0.013590145437594181;-0.31039019261324796;-0.31236906250867236;-0.0051644257805074645;-0.3809524125398376;-0.3913876292602936;-0.05341665466046219
2022-08-06 10:34:02.080;-1.358142700968338;-1185.7193234244987;-1.3641251211532222;-0.2898389870059077;-0.29258819605727027;-0.010357116774739161;-0.3042986448690712;-0.3058241405985527;-0.002674774971291427;-0.3789930384394289;-0.38928593765086816;-0.05263187228992994
2022-08-06 10:34:02.100;-1.3626038415923702;-1185.1092537305012;-1.3634232591030764;-0.2878790633942572;-0.2900595683664484;-0.007122297717575776;-0.2982069814722408;-0.2992789119517383;-0.00018411813625807127;-0.37703360463376256;-0.38718416150027224;-0.05184695756820812
2022-08-06 10:34:02.120;-1.3667466542469764;-1184.5007811682663;-1.3627232344924627;-0.2859190800595002;-0.2875305654507976;-0.003885687318621045;-0.29211520241695865;-0.2927333764870568;0.0023075451084704213;-0.37507411111988276;-0.3850823008006614;-0.051061910471440264
2022-08-06 10:34:02.140;-1.3706269272738039;-1183.8931047457227;-1.3620241258103758;-0.2941855264565447;-0.29473301891815495;0.002396081741252054;-0.29624842561550935;-0.29710322442550563;0.0010274494614943563;-0.37507411111988276;-0.3850823008006614;-0.051061910471440264
2022-08-06 10:34:02.160;-1.3742799155128913;-1183.2854431025262;-1.3613250341313674;-0.3024519728534756;-0.30193446194144613;0.008684103011716182;-0.3003816488140032;-0.30147302786016184;-0.00025242311151441044;-0.37507411111988276;-0.3850823008006614;-0.051061910471440264
2022-08-06 10:34:02.180;-1.3777538835632106;-1182.6777909611483;-1.360625953383841;-0.3112407503324448;-0.30966480786546313;0.014944824906957699;-0.30503685248154255;-0.30637265350943466;-0.0015670110843517548;-0.37559635641354916;-0.38561123525306584;-0.05109147515082135
2022-08-06 10:34:02.200;-1.3810897974581455;-1182.0701502880038;-1.3599268858300824;-0.32002949372935063;-0.31739412424818525;0.021211733505285046;-0.3096920369896665;-0.31127221167869124;-0.0028813599241264143;-0.3761185974652186;-0.386140165370648;-0.0511210394741779
2022-08-06 10:34:02.220;-1.3843325233460504;-1181.4625210820304;-1.359227831468869;-0.3288182030446478;-0.3251224103148367;0.027484834051077378;-0.3143472023383751;-0.31617170237429804;-0.00419546965915174;-0.3766408342748342;-0.3866690911535784;-0.051150603441517895
2022-08-06 10:34:02.240;-1.3875147864103619;-1180.854896211451;-1.3585287820953622;-0.32556579543194175;-0.32022789986527656;0.03687300974543728;-0.3152274168700373;-0.31696742563737956;-0.0036909653321499647;-0.37752152055218957;-0.3875613022887592;-0.051201866517113004
2022-08-06 10:34:02.260;-1.3907007877615767;-1180.2472685438333;-1.357829729503969;-0.32231340091396987;-0.3153309619594076;0.046275196775783733;-0.3161076193448693;-0.3177631393196165;-0.0031864719358125626;-0.3784021947662346;-0.38845350108510956;-0.05125312852063946
2022-08-06 10:34:02.280;-1.3939428565423833;-1179.6390977064511;-1.3571300520163576;-0.3198554859673095;-0.3113277689630287;0.05512146325419476;-0.31778173160292766;-0.31945785447097563;-0.0032715186805196694;-0.38007720425468605;-0.39022911164397556;-0.05180293239418621
2022-08-06 10:34:02.300;-1.397300706722855;-1179.0298442745625;-1.3564291290448167;-0.31739757523286016;-0.30732246171041666;0.06397992844437361;-0.3194558002512835;-0.3211525337119596;-0.003356611633848594;-0.38175217011007234;-0.39200466537221246;-0.05235266690657525
2022-08-06 10:34:02.320;-1.4008362311852989;-1178.4195101365694;-1.3557269627618813;-0.31493966871062185;-0.30331503777305;0.07285060665731624;-0.3211298252920969;-0.32284717704239796;-0.0034417507829260785;-0.3834270923345535;-0.39378016227385615;-0.052902332067677804
2022-08-06 10:34:02.340;-1.4046143266342535;-1177.8082834510205;-1.3550237696368268;-0.31184089430576023;-0.29718672486004394;0.09022752588515992;-0.31802957447447255;-0.31957447058046995;-0.0025104436599665547;-0.38549429176987005;-0.39592577114785854;-0.05331791069563874
2022-08-06 10:34:02.360;-1.4086999590568179;-1177.1963518279008;-1.354319765507827;-0.30874212724404515;-0.2910502389533782;0.10765175985916642;-0.31492933104734533;-0.3163017580721075;-0.0015790772105281903;-0.38756142474192856;-0.3980713040882051;-0.05373344160718929
2022-08-06 10:34:02.380;-1.4131531587546011;-1176.584057813372;-1.3536153444612524;-0.30441020780460804;-0.2835943491927857;0.12554841988669452;-0.31059681581964327;-0.31171708207616433;-0.00021336491350609776;-0.3883956177056085;-0.3989164043355231;-0.05378195480368664
2022-08-06 10:34:02.400;-1.4180324587374855;-1175.9717654530323;-1.3529109253177594;-0.3000783073281923;-0.27612977687303797;0.14349526971925552;-0.30626431956263644;-0.30713238382806907;0.0011525480628096219;-0.3892297998455625;-0.39976149351230106;-0.053830467039554186
2022-08-06 10:34:02.420;-1.423403422754374;-1175.3594755342856;-1.3522065089832267;-0.30917870532636016;-0.284015094322033;0.15066962888490743;-0.31329761724767735;-0.31455795015917687;-0.0009660482517945823;-0.3900639711620748;-0.4006065716184821;-0.05387897831482302
2022-08-06 10:34:02.440;-1.4292727762522377;-1174.7476926114105;-1.3515026759282198;-0.31588709311563434;-0.28938567362147083;0.15850368179991214;-0.31794059051090784;-0.31946985596695043;-0.0024221735979610415;-0.3885066411002036;-0.3989557461065374;-0.05336799182136609
2022-08-06 10:34:02.460;-1.4356573211314183;-1174.1369139533854;-1.350799998241843;-0.3225955321590277;-0.29475469938623533;0.16634745971046438;-0.3225835928092451;-0.32438173389643765;-0.0038780129759601323;-0.38694927331794915;-0.3973048714682932;-0.05285694538164609
2022-08-06 10:34:02.480;-1.4425560864097449;-1173.5266460651692;-1.350097908176764;-0.3333027500779622;-0.30426719045422956;0.17343815269798313;-0.33122261044436385;-0.33343748279033747;-0.006105510530487912;-0.3893900528807386;-0.3997775745902459;-0.052998940356633106
2022-08-06 10:34:02.500;-1.4499146737158206;-1172.9163946451372;-1.349395837057706;-0.3440097358694061;-0.3137782219858174;0.1805365326793611;-0.3398614308793739;-0.3424928826136906;-0.008332260180795359;-0.3918307397840941;-0.40225018293762105;-0.05314092710351037
2022-08-06 10:34:02.520;-1.4576387294592021;-1172.3061506832382;-1.3486937745189476;-0.3381846936201214;-0.30614222390474666;0.19084727669545476;-0.3361012071808531;-0.3383423151913334;-0.006158631819619842;-0.3942713340342685;-0.4047226965165578;-0.0532829056229982
2022-08-06 10:34:02.540;-1.4656279994596386;-1171.696645928845;-1.347992562410395;-0.32759646203794546;-0.2935393466439429;0.2022354976420493;-0.32758105869836385;-0.32922956002729364;-0.002915328294653463;-0.3919493818384545;-0.4022613257382659;-0.052520921966060286
2022-08-06 10:34:02.560;-1.4737542188344046;-1171.0886230068645;-1.3472930550938444;-0.317008013915256;-0.28093259739748433;0.21364418466879886;-0.31906072690136256;-0.3201162970406344;0.0003296710957272353;-0.38962734578711533;-0.39979984574438276;-0.051758805022693366
2022-08-06 10:34:02.580;-1.4818421611771138;-1170.482343799922;-1.3465955538553267;-0.3056512967667686;-0.26749795851415925;0.22538015457098393;-0.3097727022505623;-0.31017883684628345;0.0038846037910262865;-0.38653734341499657;-0.39652279815186375;-0.05073612512852499
2022-08-06 10:34:02.600;-1.4896888314551964;-1169.8780717429981;-1.3459003617667975;-0.2942942545242886;-0.25405909986594466;0.2371378932409547;-0.30048439675001504;-0.30024070217270804;0.007441595517643229;-0.38344719253853654;-0.3932455565436044;-0.0497132058957126
2022-08-06 10:34:02.620;-1.4970671624259364;-1169.2758143788305;-1.3452074875058908;-0.28345353062951517;-0.2419125246781597;0.24443805642043603;-0.3025619666576276;-0.3023626254983114;0.007227900508979701;-0.3803568931452297;-0.38996812089476407;-0.0486900472615126
2022-08-06 10:34:02.640;-1.5037345167095397;-1168.6745551921704;-1.3445157616103574;-0.27598205971884227;-0.2333589799193625;0.2505173123054938;-0.30800635898238937;-0.308076687626361;0.005783827832143373;-0.3703021304158902;-0.37929587860236325;-0.0453117266426748
2022-08-06 10:34:02.660;-1.5094292437797519;-1168.0732950457532;-1.3438240346106596;-0.26851060250118053;-0.22480441977424803;0.25660225243655166;-0.313450740173856;-0.31379068853615166;0.004339993282027166;-0.360247386345403;-0.368623257276397;-0.041931331731174915
2022-08-06 10:34:02.680;-1.5138921138576558;-1167.4720906300572;-1.3431323717270436;-0.2605631125080663;-0.21575442159801028;0.2627890647226634;-0.31841948860786573;-0.3190106844899887;0.002992391704262687;-0.3600495899682947;-0.368413559483713;-0.04186629170484313
2022-08-06 10:34:02.700;-1.5168684851560121;-1166.8710028839923;-1.342440843067414;-0.24589924996575974;-0.20102959164299605;0.26284430706340967;-0.31822181169197705;-0.3188725729219968;0.0026452098353333398;-0.3598517929828482;-0.3682038608982907;-0.04180125070968099
2022-08-06 10:34:02.720;-1.5181334657649146;-1166.2700289053537;-1.3417494452928946;-0.2312353670386642;-0.18630474497954097;0.26289952224046065;-0.3180241341679775;-0.31873446266504146;0.002298017611074954;-0.35965399538889287;-0.36799416152007325;-0.04173620874563877
2022-08-06 10:34:02.740;-1.517487454314843;-1165.668223290042;-1.3410570907519173;-0.21989980569242107;-0.17512155896944037;0.2617938632490029;-0.3211513291473338;-0.32213395160939484;0.0007920442362197022;-0.3627830898363946;-0.37129189490525505;-0.04265224479777974
2022-08-06 10:34:02.760;-1.5147541686050878;-1165.0646431675923;-1.3403626947077636;-0.20856440486329575;-0.1639384872879397;0.2606885623592765;-0.32427837195674414;-0.32553321406114577;-0.0007135320227842357;-0.36591203202146616;-0.37458943758258556;-0.04356808058786754
2022-08-06 10:34:02.780;-1.5097984556539095;-1164.4601695182719;-1.3396672706948263;-0.19409869876767516;-0.14942588765595488;0.26066689283037725;-0.32427837195674414;-0.32560677838480245;-0.001137399807852546;-0.36591203202146616;-0.37458943758258556;-0.04356808058786754
2022-08-06 10:34:02.800;-1.5025720314546376;-1163.85569361745;-1.338971844091622;-0.2002982870943697;-0.15960996957173634;0.2378591524311764;-0.32427837195674414;-0.32553321406114577;-0.0007135320227842357;-0.36591203202146616;-0.37458943758258556;-0.04356808058786754
2022-08-06 10:34:02.820;-1.4930099322550843;-1163.2512283040342;-1.3382764296688268;-0.20649787542106424;-0.16978024834790872;0.21513090971821747;-0.32427837195674414;-0.3254596498236637;-0.00028966437860677985;-0.36591203202146616;-0.37458943758258556;-0.04356808058786754
2022-08-06 10:34:02.840;-1.481132270595321;-1162.646078817248;-1.3375802281305118;-0.2152666010191524;-0.1826633558290247;0.19162693146620757;-0.3268447400300474;-0.3281113303635479;-0.0007295989250080126;-0.3684799589148575;-0.37729219546997683;-0.0442993744935265
2022-08-06 10:34:02.860;-1.4669990550953247;-1162.0395520277307;-1.3368824420576295;-0.22403511398664477;-0.1955312651640817;0.16820886582766992;-0.3294110056155759;-0.33076290244886053;-0.001169508576126077;-0.37104778325828747;-0.37999482599718704;-0.04503053944180646
2022-08-06 10:34:02.880;-1.4507211027924127;-1161.432336081889;-1.3361838631365277;-0.23057459793614044;-0.20600420711506118;0.1457013999325838;-0.3297506593354669;-0.3310342594098401;-0.0007691523268897882;-0.37138764328500073;-0.3803391392407889;-0.04505034763583993
2022-08-06 10:34:02.900;-1.432451068513552;-1160.8251362866795;-1.3354853027961158;-0.23091460179387013;-0.21086916779788467;0.11966807547034275;-0.32492409148360224;-0.3257945653730516;0.0015141462909964432;-0.3717275015151209;-0.3806834506469272;-0.04507015566999861
2022-08-06 10:34:02.920;-1.4123899885973672;-1160.2179424635178;-1.3347867493263186;-0.23125460385432461;-0.2157160106168341;0.09374028324893935;-0.3200975339718397;-0.32055472942416685;0.003798256520849641;-0.37206735794887535;-0.38102776021548834;-0.04508996354430117
2022-08-06 10:34:02.940;-1.3907660487874622;-1159.610271891659;-1.3340876473752228;-0.23275233077742996;-0.22180031002486444;0.06737754411602648;-0.3164275770970093;-0.3165723106311802;0.005524710591664039;-0.37356444337842376;-0.3824715389370681;-0.04475802245906557
2022-08-06 10:34:02.960;-1.3678302975339274;-1159.0016426257425;-1.3333874424829655;-0.2342500228304516;-0.22786567683684567;0.04112464701897878;-0.3127576388435145;-0.3125898251349426;0.007251618764819945;-0.37506149395295196;-0.38391530227858084;-0.04442619026679395
2022-08-06 10:34:02.980;-1.343862274824786;-1158.3924639423567;-1.3326866055067428;-0.24929942789793813;-0.24243324145206557;0.04418904628753584;-0.31334126141845076;-0.3132696478499142;0.006709094631999868;-0.375645429294476;-0.3845183708381228;-0.0445262270890181
2022-08-06 10:34:03.000;-1.3191247494594618;-1157.7831443766408;-1.3319856064507414;-0.2643487692772055;-0.2570005568702278;0.04725484915462275;-0.3139248786928519;-0.3139494613495444;0.006166591344252126;-0.3762293593327364;-0.38512143349908;-0.044626260962670194
2022-08-06 10:34:03.020;-1.2938903101408203;-1157.1736839774603;-1.331284445371179;-0.27939804696939063;-0.2715676230480746;0.05032205611565299;-0.31450849066700215;-0.31462926563428795;0.0056241089005002465;-0.37681328406784687;-0.38572449026128197;-0.04472629188786392
2022-08-06 10:34:03.040;-1.2684186443489485;-1156.5641604993361;-1.3305832117216838;-0.2938632080997081;-0.2855285792452129;0.053504821064387365;-0.31450849066700215;-0.3147028891379122;0.0051999091142356235;-0.37681328406784687;-0.38572449026128197;-0.04472629188786392
2022-08-06 10:34:03.060;-1.242953758679852;-1155.9546516723858;-1.3298819949278087;-0.3083283692300256;-0.2994893259404172;0.05668913010048193;-0.31450849066700215;-0.3147765127280522;0.00477570918743897;-0.37681328406784687;-0.38572449026128197;-0.04472629188786392
2022-08-06 10:34:03.080;-1.217687401501659;-1155.3448331531908;-1.3291804218447492;-0.30351034989655545;-0.29417547641006436;0.0594490940260739;-0.32002169367424216;-0.32060213213051014;0.003086624341190891;-0.37819434334198476;-0.38726523956506753;-0.045620747314350396
2022-08-06 10:34:03.100;-1.1928252305440017;-1154.734380917951;-1.3284781196954094;-0.2986923600705609;-0.28886143592601243;0.06221025060297514;-0.3255348275827359;-0.3264275977311044;0.0013979674273203457;-0.37957537295244137;-0.388805938937935;-0.0465150936847607
2022-08-06 10:34:03.120;-1.1685108168400988;-1154.1232956050735;-1.3277750892142526;-0.2938743997511324;-0.28354720440373526;0.06497260027509455;-0.3310478923948139;-0.3322529095515492;-0.0002902616435243033;-0.3809563729002967;-0.3903465883837498;-0.04740933101303746
2022-08-06 10:34:03.140;-1.144850050688853;-1153.51188409725;-1.327071683458179;-0.28823132862777356;-0.27734264632542605;0.06809412048495389;-0.3357364547532242;-0.3371866175876548;-0.0016084885670863969;-0.38151242085313797;-0.3909099166444321;-0.047441712505009725
2022-08-06 10:34:03.160;-1.1219068815512894;-1152.9004748239313;-1.3263682802728187;-0.28258827652035734;-0.27113782070020775;0.07121718791613318;-0.3404249964211985;-0.34212025624716347;-0.002926474659273204;-0.3820684639969123;-0.3914732399861123;-0.04747409356951682
2022-08-06 10:34:03.180;-1.0996889674913461;-1152.288847801603;-1.3256646265754797;-0.2687693002264382;-0.25538830102638954;0.08205776134527731;-0.34107030984633724;-0.3427868152551454;-0.0030359186070310074;-0.3827141693874374;-0.3921577551878954;-0.04768619983808886
2022-08-06 10:34:03.200;-1.0781986870780809;-1151.6767904625376;-1.3249604778150512;-0.2549503820048358;-0.23963547459780798;0.09291689838309392;-0.341715616791042;-0.34345336770390844;-0.0031453626947390845;-0.3833598682936632;-0.3928422619426897;-0.04789829579133009
2022-08-06 10:34:03.220;-1.0573917621469826;-1151.0643030607534;-1.3242558342837722;-0.24113152185458375;-0.2238793363324909;0.10379462684686569;-0.3423609172556539;-0.34411991359350935;-0.003254806922305953;-0.38400556071581704;-0.3935267602507224;-0.04811038142986224
2022-08-06 10:34:03.240;-1.0371998953202024;-1150.4516595821551;-1.3235510111920366;-0.2269680184912204;-0.20772368232437444;0.11498054337319896;-0.34266188641569073;-0.3443894704530166;-0.003067750752564713;-0.38430671268548267;-0.3938220513993542;-0.048071561294880105
2022-08-06 10:34:03.260;-1.0175348630511944;-1149.83913390214;-1.3228463236231043;-0.2128045438263939;-0.19156447835056056;0.1261862075625162;-0.3429628541660108;-0.3446590256381441;-0.002880692627045711;-0.384607863244522;-0.3941173411907357;-0.048032741407039836
2022-08-06 10:34:03.280;-0.9983267750805832;-1149.2266702111592;-1.3221417073702055;-0.22089348979505985;-0.19655284677853402;0.14418801315662577;-0.34330243625773704;-0.34491198238693954;-0.002374708949226978;-0.3849476515995285;-0.3944615775270677;-0.04805252505908797
2022-08-06 10:34:03.300;-0.9794518013381452;-1148.614212678869;-1.3214370982026467;-0.22898241576740475;-0.20153271953811114;0.16224024692594252;-0.343642016554746;-0.34516493838420814;-0.0018687296199360048;-0.38528743815873767;-0.39480581202639087;-0.048072308551548204
2022-08-06 10:34:03.320;-0.9608203749582822;-1148.0017612963202;-1.320732496110132;-0.23707132174348544;-0.20650407698920858;0.18034303147505248;-0.3439815950570946;-0.3454178936296657;-0.001362754638999597;-0.3856272229220927;-0.39515004468893267;-0.04809209188442143
2022-08-06 10:34:03.340;-0.9423659114640515;-1147.387233159774;-1.3200255047908904;-0.2513613448837191;-0.21812250428732582;0.19600428093087885;-0.35051589021562535;-0.3523236117719293;-0.0033715916598557882;-0.3921654870322264;-0.4020811683442389;-0.050239220520841066
2022-08-06 10:34:03.360;-0.9240119665982256;-1146.7685527814683;-1.3193137364749505;-0.25170285973592854;-0.21721829922225666;0.20318137684697213;-0.34878433992948743;-0.3505332345380552;-0.0030674301654576297;-0.3987030863430583;-0.4090114260675364;-0.05238529204353881
2022-08-06 10:34:03.380;-0.9057484904815942;-1146.147559536541;-1.3185993072936621;-0.2467276062876067;-0.21059429462647827;0.21257218308372483;-0.3417415421777932;-0.3430276127832812;-0.0005421674935268683;-0.3999261422008509;-0.41008992537649647;-0.051533437389298165
2022-08-06 10:34:03.400;-0.8875899437348428;-1145.5261077617688;-1.3178843505911741;-0.24175238196841065;-0.2039679443268234;0.22197651199139834;-0.3346987910479342;-0.3355218573620036;0.001984024634473336;-0.40114917479200685;-0.41116842029850886;-0.05068168302454801
2022-08-06 10:34:03.420;-0.8695769253411181;-1144.9041903840043;-1.3171688582300982;-0.2367771867777151;-0.19733924540284775;0.23139438044530003;-0.32765608653877365;-0.3280159682171515;0.004511146489288187;-0.402372184117322;-0.4122469108324367;-0.0498300289388256
2022-08-06 10:34:03.440;-0.8517863955322276;-1144.2820360496626;-1.3164530932594654;-0.23057837960050165;-0.18942529538648856;0.24114231504838735;-0.31939101030248906;-0.3192281679484026;0.007356593799712208;-0.402372184117322;-0.4122469108324367;-0.0498300289388256
2022-08-06 10:34:03.460;-0.834377188870439;-1143.6598911756228;-1.3157373391725509;-0.25537360830929856;-0.21500735224177348;0.2371111392184595;-0.3235235484205745;-0.3236466299258822;0.005792364869810385;-0.402372184117322;-0.4122469108324367;-0.0498300289388256
2022-08-06 10:34:03.480;-0.8174478748054715;-1143.038942874984;-1.3150229616979625;-0.27695544176702924;-0.2371208305625352;0.23448387608050858;-0.3244454441320599;-0.3245990556780711;0.005635018255507163;-0.39915995882506294;-0.4088184424161909;-0.048641544664445036
2022-08-06 10:34:03.500;-0.8011723884369646;-1142.4203646689057;-1.314311310927296;-0.2985376652620175;-0.2592344221094187;0.23185783633354973;-0.32536727119943265;-0.3255514069480441;0.0054777029450256975;-0.3959475730458699;-0.40538975479529427;-0.04745274913999786
2022-08-06 10:34:03.520;-0.7857428669843481;-1141.804165294052;-1.3136023969117518;-0.3201202788213209;-0.28134812704198353;0.22923301945662278;-0.32628902961536;-0.3265036837280135;0.005320418939500193;-0.39273502676564576;-0.4019608479385397;-0.046263642276517025
2022-08-06 10:34:03.540;-0.7713716496298659;-1141.189172551698;-1.3128948710811454;-0.34570400667064405;-0.30772910857664115;0.22515544313652747;-0.3312088724118425;-0.33172152084895146;0.003702429307211652;-0.3935226156421514;-0.4029079135772804;-0.04716703392169386
2022-08-06 10:34:03.560;-0.758231891011682;-1140.5741964470144;-1.312187364391548;-0.34132585368132595;-0.3087960583139058;0.19371569901423058;-0.3397447546771204;-0.3406827486571373;0.0014233453891456804;-0.3943101948703962;-0.4038549655981001;-0.048070406203237326
2022-08-06 10:34:03.580;-0.7465580536440541;-1139.9597236993213;-1.3114804367950816;-0.33458444011642996;-0.30735181886828755;0.16308367792930856;-0.34591903576878025;-0.3471584376639143;-0.00018920503595420968;-0.3927348229045684;-0.40218490937837714;-0.047552910613835486
2022-08-06 10:34:03.600;-0.7365505181117529;-1139.3462552440833;-1.310774664599004;-0.3278429316920892;-0.30588306072681704;0.1325955482597605;-0.3520933626640712;-0.3536341193478947;-0.001801512096100133;-0.39115941233870544;-0.4005148028744543;-0.04703535361308386
2022-08-06 10:34:03.620;-0.728378906278387;-1138.73379271241;-1.3100700496798443;-0.3211013284045521;-0.3043898790390678;0.10225072638445543;-0.3582677353643575;-0.3601097937024278;-0.0034135757324831317;-0.38958396317104516;-0.3988446460827504;-0.04651773519278812
2022-08-06 10:34:03.640;-0.722160045374427;-1138.1236350187028;-1.3093680863893693;-0.2933978104638868;-0.28037851072307163;0.08045722877177042;-0.34296667644613166;-0.3437527312222173;0.002363700652717071;-0.3846116878464123;-0.39354071215910835;-0.0446958324903548
2022-08-06 10:34:03.660;-0.718017223661122;-1137.5171131756288;-1.3086703060071825;-0.2656931266469087;-0.2563544336109409;0.058735249473580886;-0.3276648781193998;-0.32739389969619737;0.008146349950885146;-0.37963902799253546;-0.38823625523656347;-0.04287319634379472
2022-08-06 10:34:03.680;-0.7159992403763149;-1136.9124014429763;-1.3079746080883994;-0.2429623811395345;-0.23766972687187504;0.03501209142749939;-0.31733272107057786;-0.3163955577076294;0.01177665193396571;-0.37963902799253546;-0.38823625523656347;-0.04287319634379472
2022-08-06 10:34:03.700;-0.7160965635707394;-1136.30767025159;-1.3072788877830808;-0.2202316356321603;-0.21897048935810304;0.011377375683786717;-0.3070005640217559;-0.3053968321448437;0.015408930773149976;-0.37963902799253546;-0.38823625523656347;-0.04287319634379472
2022-08-06 10:34:03.720;-0.7182434440958059;-1135.7029195870055;-1.3065831450745862;-0.19750089012472927;-0.20025676486872968;-0.012169182669773626;-0.29666840697293395;-0.294397722821337;0.01904318737580546;-0.37963902799253546;-0.38823625523656347;-0.04287319634379472
2022-08-06 10:34:03.740;-0.7223348849259841;-1135.0976599601636;-1.3058868168243134;-0.19151654406863372;-0.19667132834590362;-0.026083197851873408;-0.3030801906588394;-0.3012168492104692;0.016825629881680904;-0.3819190398125407;-0.39061854375518124;-0.0434222835143121
2022-08-06 10:34:03.760;-0.7281654238980504;-1134.4914027021514;-1.3051893408372075;-0.1855322473753631;-0.1930806630816484;-0.039965892828645266;-0.3094918284035302;-0.3080356743195338;0.014608875919032371;-0.384198970783185;-0.39300073631147825;-0.0439712932358276
2022-08-06 10:34:03.780;-0.7354933812908627;-1133.8846448770855;-1.304491288966687;-0.17779212706153658;-0.18762229711805745;-0.05323762010281463;-0.31414948986488156;-0.312987738039304;0.013006518829929092;-0.3847241008237994;-0.3935327488740654;-0.04400190889105016
2022-08-06 10:34:03.800;-0.7440358546214482;-1133.2778827337388;-1.3037932321281485;-0.17005203245770417;-0.1821592285388398;-0.06648109312588257;-0.31880713203812405;-0.3179397052101862;0.01140456001307033;-0.3852492265751799;-0.394064757049307;-0.044032524164442144
2022-08-06 10:34:03.820;-0.7534698074375787;-1132.6711162672946;-1.3030951703160498;-0.162311963563468;-0.1766914656464884;-0.07969636410626091;-0.32346475492376925;-0.32289157585082506;0.009802999379834532;-0.3857743480374971;-0.39459676083731665;-0.04406313905600889
2022-08-06 10:34:03.840;-0.7634693593044597;-1132.0648375595265;-1.3023976696518134;-0.17889971558554407;-0.19087685805087418;-0.06556488517915682;-0.3193903893184924;-0.3184710485624791;0.011715440804262123;-0.37911618538685943;-0.3873886959385686;-0.041015434975485654
2022-08-06 10:34:03.860;-0.7736513751134567;-1131.459539438445;-1.3017012971153774;-0.19548761944543003;-0.2050570977985764;-0.051400875569264315;-0.31531596246079374;-0.31405034933177234;0.013628472157183324;-0.37245793482349754;-0.38018023038642923;-0.03796605636388506
2022-08-06 10:34:03.880;-0.7836766720104893;-1130.8532302746244;-1.3010037614126073;-0.21875529864428245;-0.22633421933071318;-0.03950657990448647;-0.31791418453914133;-0.3167473609373914;0.013111651407907488;-0.37764199088979566;-0.38565168040281605;-0.0395297181458405
2022-08-06 10:34:03.900;-0.7932013025271913;-1130.243946921728;-1.3003028040180815;-0.2420219118685054;-0.2476069408946593;-0.027590930111034417;-0.3205120814665392;-0.3194440213208267;0.012594965567470418;-0.38282562902866957;-0.3911226019882861;-0.04109280296628803
2022-08-06 10:34:03.920;-0.801912951144804;-1129.631693040159;-1.2995984291429554;-0.2554725444555288;-0.26113405919065613;-0.027773368390406006;-0.32569252560781337;-0.3249388688600092;0.010887811967460692;-0.38800884930020274;-0.39659299525118286;-0.04265531106894915
2022-08-06 10:34:03.940;-0.8095686006298448;-1129.0179613624423;-1.2988923541193966;-0.2645719199292671;-0.26999979618583225;-0.026254828297628485;-0.326525953389158;-0.32576064331779975;0.010971758127685582;-0.3888427237042684;-0.3974377963732536;-0.04270391062648837
2022-08-06 10:34:03.960;-0.8159821492275526;-1128.4042412768395;-1.2981862924321255;-0.27367123694421025;-0.278865431154518;-0.02473593857909151;-0.32735937036076024;-0.3265824073103758;0.011055702581389326;-0.38967658729290733;-0.39828258643279923;-0.042752509222144575
2022-08-06 10:34:03.980;-0.8210233890012621;-1127.791140436755;-1.2974809431633427;-0.28002689683989956;-0.28484601689971;-0.022455979528931636;-0.3254515086885803;-0.3245144356934233;0.01193980395225136;-0.387767703223286;-0.3962588535187024;-0.04212480958281706
2022-08-06 10:34:04.000;-0.8246437867506871;-1127.179267701671;-1.296777006782795;-0.28638260910224744;-0.2908265113413542;-0.020175082306603365;-0.32354359037375247;-0.3224463805440436;0.012824049007945426;-0.38585876248071926;-0.3942350467593201;-0.04149701968768227
2022-08-06 10:34:04.020;-0.8268355835851979;-1126.5686158548997;-1.2960744749879571;-0.2762077590126637;-0.27845865057176766;-0.0077516932643160175;-0.3216356154134914;-0.3204027922774557;0.013566978722059808;-0.38394976506230805;-0.39221116614874063;-0.04086913952216875
2022-08-06 10:34:04.040;-0.8277018262723846;-1125.9590957243563;-1.2953732451897266;-0.26703386066571966;-0.2671158799659885;0.004551521003775427;-0.3207278222443719;-0.3193892691932305;0.014157884496377449;-0.38304148541908134;-0.3912133259055395;-0.04036977084727944
2022-08-06 10:34:04.060;-0.8273708781223232;-1125.3506275015461;-1.2946732255714568;-0.2578598975957789;-0.25576869673986735;0.016879272878786544;-0.3198200162546172;-0.31837572266228875;0.014748848223663735;-0.38213319294834136;-0.3902154638498132;-0.0398703533773066
2022-08-06 10:34:04.080;-0.8260152167248529;-1124.7426802912887;-1.293973805358373;-0.2495945383446383;-0.24542730683774394;0.0286649047013805;-0.3198200162546172;-0.31837572266228875;0.014748848223663735;-0.38213319294834136;-0.3902154638498132;-0.0398703533773066
2022-08-06 10:34:04.100;-0.8238361595474905;-1124.134722255556;-1.2932743726909903;-0.24132917909338403;-0.23508199166585442;0.04047272539454294;-0.3198200162546172;-0.31837572266228875;0.014748848223663735;-0.38213319294834136;-0.3902154638498132;-0.0398703533773066
2022-08-06 10:34:04.120;-0.8210291936315515;-1123.5267479672257;-1.2925749213256104;-0.2227321207781756;-0.21436890786552354;0.052286942210157505;-0.3115546570034198;-0.3096112892904088;0.017457711433710443;-0.38213319294834136;-0.3902154638498132;-0.0398703533773066
2022-08-06 10:34:04.140;-0.8178164079954597;-1122.9195912729265;-1.2918764105711615;-0.20211353916090502;-0.1914591129092038;0.06506848821915057;-0.3012698665567868;-0.2986499995915537;0.021147929679633748;-0.38527868065829907;-0.3933427188774772;-0.03971188303212525
2022-08-06 10:34:04.160;-0.8143819472191881;-1122.3141155904377;-1.2911798337570595;-0.18149463431268487;-0.16854414991982836;0.07787640522017547;-0.2909848972304516;-0.28768812932784016;0.024840223246704873;-0.38842417703034116;-0.39647002384305097;-0.03955364633160485
2022-08-06 10:34:04.180;-0.81087096628628;-1121.7094677393688;-1.290484209331616;-0.16317550908513567;-0.1481001737321641;0.08974286447311908;-0.2829973076302039;-0.2792049949706197;0.02753386265812008;-0.388702169316101;-0.3967516633886703;-0.03956987157591829
2022-08-06 10:34:04.200;-0.8073874373810693;-1121.1047993428147;-1.2897885612693707;-0.14485641839002028;-0.12765213841661094;0.10163165256154638;-0.2750097327107355;-0.2707216726849069;0.030228535298903125;-0.38898016039984995;-0.3970333017045391;-0.039586096713091656
2022-08-06 10:34:04.220;-0.8040441240019838;-1120.5001366413126;-1.289092919759067;-0.17613006736365833;-0.15764205912993035;0.10963033388023291;-0.27787057672068016;-0.2736738507249683;0.02976018193016916;-0.3892581502816448;-0.3973149387911121;-0.03960232174310985
2022-08-06 10:34:04.240;-0.8007792101562548;-1119.8945215133062;-1.2883961825181844;-0.21017155179782776;-0.1906052753155656;0.11650302593559925;-0.2834966931348717;-0.27960382927002314;0.02812327022552985;-0.39230245471372527;-0.40054249098494665;-0.04060386319795306
2022-08-06 10:34:04.260;-0.7975342434978716;-1119.2869728988953;-1.2876972208745079;-0.24421223979692286;-0.22356687173905598;0.12338215091270399;-0.28912261111783977;-0.2855335293710013;0.02648675714683435;-0.39534661501204127;-0.40376985535738186;-0.041605175030909436
2022-08-06 10:34:04.280;-0.7941996123438497;-1118.6797115472364;-1.286998589715735;-0.2716472369262988;-0.24944796675280045;0.13286562046197226;-0.28814838721100244;-0.2843774404629116;0.027514878501668782;-0.391788094323541;-0.39998408632123983;-0.04035943009170584
2022-08-06 10:34:04.300;-0.7905983686598858;-1118.0749399175038;-1.2863028228876325;-0.2598217682957511;-0.23691648469898396;0.13669585875284262;-0.2887238075086529;-0.2849708624586569;0.027422792549936403;-0.3882293766810072;-0.3961980544328867;-0.03911333722727939
2022-08-06 10:34:04.320;-0.7866172151998612;-1117.4726482198093;-1.285609909127305;-0.24799589929091326;-0.22438412998278423;0.14052852347081135;-0.28929913257510265;-0.2855641818098533;0.02733074703591054;-0.38467046206477207;-0.39241175965133834;-0.03786689633006901
2022-08-06 10:34:04.340;-0.7820912350912361;-1116.8715945805816;-1.2849184197062984;-0.23973031738142936;-0.21567459664587219;0.14292032723366965;-0.2934319235298162;-0.2899838444427232;0.025761448335545722;-0.38467046206477207;-0.39241175965133834;-0.03786689633006901
2022-08-06 10:34:04.360;-0.7768575166282117;-1116.2705319300658;-1.2842269199181466;-0.2314647354720023;-0.20696488465714324;0.14531303391334927;-0.2975647144845297;-0.29440343440719374;0.02419252837042407;-0.38467046206477207;-0.39241175965133834;-0.03786689633006901
2022-08-06 10:34:04.380;-0.7707928816038238;-1115.66939516602;-1.2835353348651888;-0.22359476394456124;-0.19866637887654193;0.14762368310184648;-0.30209273459862374;-0.29923428176388;0.02253920076759197;-0.3850658747757585;-0.3928208011596439;-0.037938497809450134
2022-08-06 10:34:04.400;-0.7638286833532955;-1115.0681498435224;-1.2828436249198485;-0.23432232104187278;-0.2080476430684577;0.15558367262512007;-0.304554351156888;-0.3018553304427414;0.02167030941997794;-0.3854612850549266;-0.3932298399400338;-0.03801009781342746
2022-08-06 10:34:04.420;-0.7559026234031733;-1114.4667979683363;-1.2821517923896806;-0.24504984746766922;-0.21742730936475496;0.16355339753810938;-0.30701595963679296;-0.30447634818383307;0.020801536330803394;-0.3858566929023901;-0.393638875992508;-0.03808169634205516
2022-08-06 10:34:04.440;-0.7470481464966684;-1113.8653981436437;-1.2814599046954234;-0.2557525990076783;-0.22677044915772981;0.17159098653893423;-0.3094528375508716;-0.3070622620281469;0.01999201987573329;-0.38106140292211066;-0.38839389136131786;-0.03557835274095211
2022-08-06 10:34:04.460;-0.7373647705944845;-1113.2640089592678;-1.280768029242447;-0.26645532193816734;-0.23611196134945445;0.17963850166262318;-0.3118897080346059;-0.30964814860143264;0.019182605250314566;-0.3762661240405656;-0.38314871770006675;-0.03307392897645567
2022-08-06 10:34:04.480;-0.7270233266844466;-1112.6623434039138;-1.28007583583514;-0.2776679571347245;-0.24601790400962287;0.1873830671153751;-0.31483609329293216;-0.31280038770128016;0.018055968062391514;-0.37714659916940363;-0.3840822624365501;-0.03336397007746861
2022-08-06 10:34:04.500;-0.716266002987826;-1112.0601157494602;-1.2793829957541327;-0.2888805173943183;-0.25785091597075294;0.18403462111775593;-0.31571608478983393;-0.3136508419491051;0.01824391829355765;-0.3780270622419799;-0.38501579145747655;-0.03365399194611651
2022-08-06 10:34:04.520;-0.7053900790282989;-1111.4573275621588;-1.2786895108013385;-0.3000930027185973;-0.26968350408700204;0.1806879450385379;-0.3165960642371246;-0.31450129138467986;0.01843182779446817;-0.37890751325846495;-0.38594930476335776;-0.033943994583813364
2022-08-06 10:34:04.540;-0.6947425279997987;-1110.85426490385;-1.2779957100800576;-0.3104248169609036;-0.2805733896201765;0.17768063719259963;-0.3165960642371246;-0.3144091657654471;0.01896264989040297;-0.37890751325846495;-0.38594930476335776;-0.033943994583813364
2022-08-06 10:34:04.560;-0.6847058169004051;-1110.251213552452;-1.2773019223669493;-0.32075663120303943;-0.29146299474459525;0.17467474692315843;-0.3165960642371246;-0.3143170402811606;0.019493471768307735;-0.37890751325846495;-0.38594930476335776;-0.033943994583813364
2022-08-06 10:34:04.580;-0.6756560029659033;-1109.6481649283596;-1.2766081377915022;-0.31249117980922847;-0.285826724897138;0.15937496313430444;-0.3145297013887429;-0.3121073950510649;0.020277340417201195;-0.38235145133915793;-0.3896007710741287;-0.03507821109496767
2022-08-06 10:34:04.600;-0.6680056685762519;-1109.0451104488966;-1.2759143464796734;-0.30422572841547435;-0.2801844112408709;0.1441113089862478;-0.31246333854024755;-0.30989773166734125;0.021061303685013577;-0.38579538941990776;-0.3932521925299284;-0.03621219418239274
2022-08-06 10:34:04.620;-0.6621189716020929;-1108.4420501078348;-1.2752205484242973;-0.2959602770217771;-0.27453606554306376;0.128883710422258;-0.310396975691809;-0.30768805012800016;0.02184536158184258;-0.3892393275006576;-0.3969035691391696;-0.03734594388840762
2022-08-06 10:34:04.640;-0.6583268061433122;-1107.8389767098633;-1.2745267353474419;-0.2876948256279661;-0.2688816995521712;0.11369209351732668;-0.30833061284342733;-0.3054783504312226;0.022629514117774363;-0.3892393275006576;-0.3969035691391696;-0.03734594388840762
2022-08-06 10:34:04.660;-0.656891802032769;-1107.2359046270358;-1.2738329237836097;-0.279429374234212;-0.2632213249985149;0.09853638447786572;-0.3062642499949888;-0.30326863257467807;0.023413761302909286;-0.3892393275006576;-0.3969035691391696;-0.03734594388840762
2022-08-06 10:34:04.680;-0.6579990236831047;-1106.632828673166;-1.2731391077662901;-0.27736301138577346;-0.2614250782067735;0.09694130012046553;-0.3062642499949888;-0.3033178010063793;0.023130463397230905;-0.3892393275006576;-0.3969035691391696;-0.03734594388840762
2022-08-06 10:34:04.700;-0.6617486877042986;-1106.029750854279;-1.272445289603339;-0.2752966485373918;-0.25962876746584485;0.09534661163950364;-0.3062642499949888;-0.30336696947662034;0.022847165429661587;-0.3892393275006576;-0.3969035691391696;-0.03734594388840762
2022-08-06 10:34:04.720;-0.6681509002621294;-1105.4266711702876;-1.2717514692946559;-0.27323028568895324;-0.257832392788405;0.09375231895042013;-0.3062642499949888;-0.3034161379852307;0.02256386740018712;-0.3892393275006576;-0.3969035691391696;-0.03734594388840762
2022-08-06 10:34:04.740;-0.6771238416292891;-1104.8235896211481;-1.2710576468401908;-0.2711639228405147;-0.25603595418695946;0.09215842196874213;-0.3062642499949888;-0.3034653065322104;0.022280569308834153;-0.3892393275006576;-0.39675424157383077;-0.036487477219314
2022-08-06 10:34:04.760;-0.6884983874078526;-1104.2205062068024;-1.2703638222398765;-0.26909755999201934;-0.2542394516740707;0.09056492060993371;-0.3062642499949888;-0.30351447511778673;0.02199727115553518;-0.3892393275006576;-0.39660491385478736;-0.03562900820001769
2022-08-06 10:34:04.780;-0.702020144080096;-1103.617417645255;-1.269669991717902;-0.26134869931047433;-0.24612086968759073;0.0925410146061676;-0.3088472035555796;-0.30618440129605773;0.021548311712259682;-0.3892393275006576;-0.39660491385478736;-0.03562900820001769
2022-08-06 10:34:04.800;-0.7173859277493336;-1103.0143206545545;-1.2689761514985063;-0.25359983862881563;-0.23800216253639306;0.0945177308616092;-0.31143015711611355;-0.3088543319239747;0.021099319012964912;-0.3892393275006576;-0.39660491385478736;-0.03562900820001769
2022-08-06 10:34:04.820;-0.7342384982719231;-1102.4112152346715;-1.268282301581656;-0.24585097794715693;-0.2298833301831884;0.09649506955073672;-0.31401311067659066;-0.3115242669972744;0.02065029307937838;-0.3892393275006576;-0.39660491385478736;-0.03562900820001769
2022-08-06 10:34:04.840;-0.7521939806891904;-1101.8081013856063;-1.2675884419673509;-0.23810211726549824;-0.2217643725901759;0.09847303084802572;-0.3165960642371246;-0.3141942065123189;0.020201233933195617;-0.3892393275006576;-0.39660491385478736;-0.03562900820001769
2022-08-06 10:34:04.860;-0.7708633533636631;-1101.2049810238605;-1.2668945748604539;-0.2360357544170597;-0.217337300144127;0.11201736334319268;-0.310396975691809;-0.30766347289928575;0.021986971918108722;-0.3892393275006576;-0.39660491385478736;-0.03562900820001769
2022-08-06 10:34:04.880;-0.7898756577886041;-1100.60184887355;-1.26620069419126;-0.23396939156862118;-0.21290525305389352;0.12559049509477305;-0.30419788714655027;-0.30113265967960245;0.023773098364967993;-0.3892393275006576;-0.396704465684536;-0.0362013211406822
2022-08-06 10:34:04.900;-0.8088910321546942;-1099.9987193091729;-1.2655068164970849;-0.23190302872018265;-0.20846822232497075;0.13919247957259628;-0.2979987986012347;-0.29460176684639094;0.025559613291281202;-0.3892393275006576;-0.3968040174460157;-0.03677363303681158
2022-08-06 10:34:04.920;-0.8276131420808638;-1099.3955851357678;-1.2648129335003975;-0.22983666587174412;-0.20402619894943896;0.15282337033322513;-0.29179971005586225;-0.28807079439328476;0.02734651671440691;-0.3892393275006576;-0.3969035691391696;-0.03734594388840762
2022-08-06 10:34:04.940;-0.8458206545541646;-1098.7924463481831;-1.2641190451952715;-0.22777030302324874;-0.1995791739060202;0.16648322102046542;-0.28560062151054666;-0.28153974231357637;0.02913380865174009;-0.3892393275006576;-0.3969035691391696;-0.03734594388840762
2022-08-06 10:34:04.960;-0.8633801322811538;-1098.1893119857195;-1.2634251619810795;-0.2422348429623753;-0.21255097347600227;0.17536140412061751;-0.283534258662165;-0.27928063149416715;0.03020253096010528;-0.3892393275006576;-0.3969035691391696;-0.03734594388840762
2022-08-06 10:34:04.980;-0.8801925309939718;-1097.586191089409;-1.2627312942591862;-0.256699382901445;-0.22552085499754426;0.18425167132387;-0.28146789581372644;-0.2770214885680602;0.031271425247109796;-0.3892393275006576;-0.3969035691391696;-0.03734594388840762
2022-08-06 10:34:05.000;-0.8962511140088449;-1096.9830836575638;-1.2620374420276494;-0.2711639228405147;-0.23848881644486042;0.1931540367160851;-0.2794015329652879;-0.27476231353065117;0.03234049153731178;-0.3892393275006576;-0.3969035691391696;-0.03734594388840762
2022-08-06 10:34:05.020;-0.9116141237983041;-1096.3799896884957;-1.2613436052845273;-0.28562846277964127;-0.25145485579080074;0.20206851439714413;-0.2773351701168494;-0.27250310637733577;0.03340972985510682;-0.3892393275006576;-0.3969035691391696;-0.03734594388840762
2022-08-06 10:34:05.040;-0.926393269236805;-1095.7769091805021;-1.260649784027861;-0.3000930027185973;-0.26441897100588463;0.2109951184808585;-0.275268807268354;-0.27024386710333914;0.03447914022505216;-0.3892393275006576;-0.3970469234574239;-0.038170069679678065
2022-08-06 10:34:05.060;-0.9407050117960956;-1095.1738268663976;-1.2599559606933326;-0.2835620999311459;-0.24797570695730897;0.2101601867570757;-0.283534258662165;-0.27903440484421793;0.031621145901728376;-0.3892393275006576;-0.3971902776339107;-0.03899419330502152
2022-08-06 10:34:05.080;-0.9547548522001393;-1094.5707274800734;-1.2592621177178627;-0.26703119714363766;-0.23153244728817768;0.2093253265777344;-0.29179971005586225;-0.28782470756836886;0.028764358530941614;-0.3892393275006576;-0.3971902776339107;-0.03899419330502152
2022-08-06 10:34:05.100;-0.9687177363370556;-1093.9676110220098;-1.258568255102004;-0.25050029435618626;-0.21508919199564858;0.20849053794835637;-0.30006516144961637;-0.29661477536310343;0.025908777692616347;-0.3892393275006576;-0.3971902776339107;-0.03899419330502152
2022-08-06 10:34:05.120;-0.9827498220185961;-1093.3644774927016;-1.2578743728463258;-0.23396939156862118;-0.19864594107642475;0.20765582087437373;-0.30833061284342733;-0.3054046083153352;0.02305440296663619;-0.3892393275006576;-0.3971902776339107;-0.03899419330502152
2022-08-06 10:34:05.140;-0.9969885844907964;-1092.7613197024984;-1.2571804626794076;-0.2174384887810561;-0.1822026945273798;0.20682117536131717;-0.3165960642371246;-0.3141942065123189;0.020201233933195617;-0.3892393275006576;-0.3971902776339107;-0.03899419330502152
2022-08-06 10:34:05.160;-1.011536101731164;-1092.1581610447538;-1.2564865515144161;-0.21485553522057899;-0.18312278497538514;0.1866089708340226;-0.3088472035555796;-0.30590787793746443;0.02314159099437685;-0.3892393275006576;-0.3971902776339107;-0.03899419330502152
2022-08-06 10:34:05.180;-1.026395681933903;-1091.5550033366235;-1.2557926414419198;-0.21227258166004503;-0.1840321546176007;0.16645963516684592;-0.3010983428739209;-0.2976212939684828;0.02608327919188369;-0.38579538941990776;-0.39344337787855466;-0.03731128359753466
2022-08-06 10:34:05.200;-1.0415391723611742;-1090.9518465669898;-1.2550987324491283;-0.20968962809945424;-0.18493083148277734;0.14637299789967084;-0.29334948219220536;-0.28933445449850836;0.029026299059443872;-0.38235145133915793;-0.3896963869295291;-0.035627884065107196
2022-08-06 10:34:05.220;-1.0568709504048002;-1090.3486907247789;-1.2544048245233015;-0.2071066745389203;-0.18581884353918454;0.12634888897609464;-0.28560062151054666;-0.2810473594205618;0.03197065113084019;-0.37890751325846495;-0.38594930476335776;-0.033943994583813364
2022-08-06 10:34:05.240;-1.0722311769560335;-1089.7455342754183;-1.253710915898972;-0.2009075859936047;-0.1837611433409485;0.10239749314028934;-0.28973334720748056;-0.2854425632156321;0.030541967529359226;-0.37890751325846495;-0.38594930476335776;-0.033943994583813364
2022-08-06 10:34:05.260;-1.0874125429660668;-1089.1423756820077;-1.2530170048079943;-0.1947084974482891;-0.18168826876123845;0.07853556834821962;-0.2938660729043576;-0.2898377082593342;0.02911358565845923;-0.37890751325846495;-0.38594930476335776;-0.033943994583813364
2022-08-06 10:34:05.280;-1.1021602781893174;-1088.539214928831;-1.2523230912322876;-0.18850940890297352;-0.17960026718552413;0.05476282366131535;-0.2979987986012347;-0.2942327945629799;0.027685505465521842;-0.37890751325846495;-0.38594930476335776;-0.033943994583813364
2022-08-06 10:34:05.300;-1.1161883759744604;-1087.936052000201;-1.2516291751538045;-0.18231032035765793;-0.1774971858772325;0.03107896896488338;-0.3021315242980549;-0.2986278221369716;0.026257726898024636;-0.37890751325846495;-0.38594930476335776;-0.033943994583813364
2022-08-06 10:34:05.320;-1.1291941974587356;-1087.3328868805183;-1.2509352565545981;-0.17611123181234234;-0.17537907197894143;0.007483714965930588;-0.3062642499949888;-0.3030227909926211;0.024830249903501134;-0.37890751325846495;-0.38594930476335776;-0.033943994583813364
2022-08-06 10:34:05.340;-1.140880256332029;-1086.7297224449212;-1.2502413387424063;-0.17817759466072403;-0.1788151315185793;-0.00035528322588618266;-0.3021315242980549;-0.29857863996769396;0.02654110166956869;-0.37890751325846495;-0.3857998686838755;-0.03308492893845827
2022-08-06 10:34:05.360;-1.1509454730094446;-1086.1265615755037;-1.249547425032969;-0.1802439575092194;-0.1822494865854516;-0.008184466717067629;-0.2979987986012347;-0.29413440231925136;0.028252409458633387;-0.37890751325846495;-0.3856504324506318;-0.03222586093963642
2022-08-06 10:34:05.380;-1.1591359474548337;-1085.523397080331;-1.248853507152238;-0.18231032035765793;-0.18568213900349306;-0.0160038462481511;-0.2938660729043576;-0.2896900780255791;0.029964173380228054;-0.37890751325846495;-0.3856504324506318;-0.03222586093963642
2022-08-06 10:34:05.400;-1.1652281559370485;-1084.9202433380487;-1.2481596016422993;-0.18437668320609646;-0.18911309059521741;-0.023813432549388835;-0.28973334720748056;-0.2852456670653609;0.03167639354395124;-0.37890751325846495;-0.3856504324506318;-0.03222586093963642
2022-08-06 10:34:05.420;-1.169038489075862;-1084.3170931567074;-1.2474657002290883;-0.186443046054535;-0.19254234318160357;-0.03161323634073998;-0.28560062151054666;-0.28080116941671207;0.03338907005941305;-0.37890751325846495;-0.3856504324506318;-0.03222586093963642
2022-08-06 10:34:05.440;-1.1704604598091133;-1083.7139504231527;-1.2467718073842735;-0.1993578138572616;-0.20346117320818635;-0.01988483743243119;-0.2830176679500127;-0.27810026224832285;0.034016393465663874;-0.37890751325846495;-0.3856504324506318;-0.03222586093963642
2022-08-06 10:34:05.460;-1.1694242064405316;-1083.1108190233426;-1.246077927578502;-0.21227258166004503;-0.21437641975430566;-0.008134503501085355;-0.28043471438947876;-0.2753993485418036;0.034643744118649344;-0.37890751325846495;-0.3856504324506318;-0.03222586093963642
2022-08-06 10:34:05.480;-1.1659408785911687;-1082.5077045155704;-1.2453840672063796;-0.2282158136949306;-0.22836138481384083;0.003438136028471206;-0.28087757697547744;-0.27577126332359825;0.03506146565109525;-0.381934545362693;-0.38871724164181387;-0.03240281668159373
2022-08-06 10:34:05.500;-1.160053648487952;-1081.904612457649;-1.244690232661959;-0.24415863294410656;-0.2423425252277731;0.015031939532960337;-0.2813203511481319;-0.27614309026082395;0.03547918374380998;-0.384961434955013;-0.391783905050886;-0.032579759698371014
2022-08-06 10:34:05.520;-1.1518438542138938;-1081.301530882898;-1.2439964101780292;-0.23685518693355334;-0.2332756598839616;0.025036969607555193;-0.2905448034171272;-0.28574688952189575;0.033480242770612456;-0.38798818204719154;-0.39485042268984216;-0.03275668999130854
2022-08-06 10:34:05.540;-1.141472071946818;-1080.7010515390502;-1.2433055814620808;-0.21851291130900563;-0.2125749163261368;0.03825144368709399;-0.28874040225203856;-0.2837040290462127;0.03481763171273666;-0.379981398958531;-0.3863608693314404;-0.030118132860768476
2022-08-06 10:34:05.560;-1.1291575448368052;-1080.1058013773072;-1.2426207687218624;-0.20016906620702457;-0.19186727026468375;0.05149524218978474;-0.286935347464258;-0.28166042255789847;0.03615552660154897;-0.371973618717103;-0.37787001598502457;-0.02747798405585833
2022-08-06 10:34:05.580;-1.1151398863595916;-1079.5128758622086;-1.241938630399462;-0.19091895389857427;-0.18086210359851762;0.06141255154913239;-0.2942153989258358;-0.28933966288357027;0.034002896828283724;-0.373054950465356;-0.3790078497786453;-0.02778430450152758
2022-08-06 10:34:05.600;-1.0996558043356401;-1078.9193475027205;-1.24125579852745;-0.18166890061593222;-0.1698542220769106;0.07134538233090737;-0.3014953858792282;-0.2970187131738484;0.03185088985309914;-0.37413626402911504;-0.38014566103231573;-0.02809060232291749
2022-08-06 10:34:05.620;-1.0829752515231372;-1078.325222164065;-1.2405722798535426;-0.1806844631560125;-0.16920327591239825;0.06940760075855579;-0.2963769731280408;-0.29163472550563796;0.0332775161817489;-0.3752175594086644;-0.38128344974677475;-0.02839687752190212
2022-08-06 10:34:05.640;-1.0653587783226202;-1077.730793121249;-1.2398884117795144;-0.17861807395638607;-0.1674059363319067;0.06781949532640486;-0.29017780552921835;-0.2851031818731471;0.035067105416183075;-0.3752175594086644;-0.38128344974677475;-0.02839687752190212
2022-08-06 10:34:05.660;-1.0470703180625829;-1077.136369325708;-1.239204549742277;-0.17655168475675964;-0.16560853299560918;0.06623178436079513;-0.2839786379303959;-0.27857155845983783;0.03685708396146126;-0.3752175594086644;-0.38128344974677475;-0.02839687752190212
2022-08-06 10:34:05.680;-1.0283515156892444;-1076.5422329801586;-1.2385210184053554;-0.17376187886645766;-0.1630297107594494;0.06496369446720252;-0.27705681258336057;-0.2712570023055818;0.038979625247821836;-0.3744946022136979;-0.3805095894015267;-0.02811661163213408
2022-08-06 10:34:05.700;-1.0094430616516616;-1075.9486736580948;-1.2378381509120742;-0.17097205451705122;-0.16045083560945628;0.0636958300590571;-0.27013494813396477;-0.2639422871245287;0.04110276402805191;-0.3737716368905204;-0.37973571773068215;-0.027836328745959982
2022-08-06 10:34:05.720;-0.9905596213414625;-1075.3556914410365;-1.237155947356219;-0.17283162225692195;-0.1569137969870873;0.09477867490611214;-0.2719952645074031;-0.2659837381410952;0.040096880296451864;-0.37304866343907506;-0.37896183473435485;-0.027556028862305126
2022-08-06 10:34:05.740;-0.9718978117187456;-1074.7629966747845;-1.236474074501617;-0.17564645965882164;-0.15436795301545558;0.1256759461087089;-0.27480986199937973;-0.26904324446686445;0.03874288688266514;-0.3732803502072066;-0.3791965710661884;-0.027569597967056936
2022-08-06 10:34:05.760;-0.953627361522469;-1074.1702998952169;-1.2357921993307714;-0.17846129208885486;-0.15179652327944737;0.15672290834118563;-0.2776244545203994;-0.2721026938542863;0.03738917006456077;-0.37351203614042205;-0.3794313065438928;-0.02758316699703922
2022-08-06 10:34:05.780;-0.9358988092203101;-1073.5769942906118;-1.235109623729806;-0.18288365958500208;-0.15093238893283356;0.18723031729555917;-0.2820449185226934;-0.27689543710456377;0.03533379893800337;-0.3753502860712352;-0.381284750118823;-0.027639076817098207
2022-08-06 10:34:05.800;-0.918849044085882;-1072.9824787917387;-1.2344256561913625;-0.190922098147837;-0.1588390190542306;0.18814877633346327;-0.28388232827236237;-0.27876535826995763;0.03518367297572844;-0.37718848345098976;-0.3831381498521296;-0.02769503830845821
2022-08-06 10:34:05.820;-0.9025774682297855;-1072.3867603766776;-1.233740304743457;-0.1989604053696894;-0.16674551754849531;0.18906728708256892;-0.2857196854962112;-0.280635233680151;0.035033505077204374;-0.3790266282824142;-0.38499150574381247;-0.027751051456131215
2022-08-06 10:34:05.840;-0.8871864263568839;-1071.7891442913024;-1.2330527700978116;-0.2094572739688374;-0.17726528291322907;0.18914447179055216;-0.29001329627183026;-0.2851184765114212;0.034027819652785674;-0.3833220795713679;-0.38953080611287305;-0.029079454629038715
2022-08-06 10:34:05.860;-0.8727522210728851;-1071.1889402255838;-1.2323622580789129;-0.21995367142699251;-0.1877845921360155;0.18922156640643983;-0.2943066202302802;-0.2896013955059047;0.03302231387128085;-0.38761724392020014;-0.39406974074387335;-0.030407445632514296
2022-08-06 10:34:05.880;-0.8593577760786185;-1070.5874414289356;-1.2316702565211737;-0.2264306733554804;-0.194005043622699;0.19082704337001388;-0.2945844621592286;-0.2897850778808433;0.0335704511046897;-0.38789520494969665;-0.3943513561672489;-0.030423703887031195
2022-08-06 10:34:05.900;-0.8470750855289317;-1069.985953241172;-1.2309782671685539;-0.22670877213340646;-0.19302380631100746;0.1980805436104207;-0.2948623028868482;-0.2900426164884138;0.033693047129649045;-0.3881731647775233;-0.3946329703613287;-0.03043996203418864
2022-08-06 10:34:05.920;-0.8359791158705133;-1069.3844647633014;-1.230286277482177;-0.22698686970898052;-0.19204117844745738;0.2053421588112485;-0.29514014241330955;-0.2903001540813861;0.03381564231923129;-0.38845112340356636;-0.39491458332599905;-0.030456220073949325
2022-08-06 10:34:05.940;-0.8261487199846104;-1068.7838617363814;-1.229595306473544;-0.2242657447301326;-0.18786194964716074;0.21367996019029878;-0.2924215423898531;-0.28736303419375275;0.035019664659276195;-0.38056557272323843;-0.3866968942780886;-0.028681591415120167
2022-08-06 10:34:05.960;-0.8176724311311795;-1068.185032550049;-1.2289063762012462;-0.22154450464512365;-0.18368067701593205;0.22202884172327408;-0.28970282736704434;-0.2844257485225725;0.036223957518339844;-0.37267980987649807;-0.37847890383085314;-0.026906543871183075
2022-08-06 10:34:05.980;-0.8106448211043453;-1067.5870915735504;-1.2282184677806827;-0.22188442880832326;-0.18275615897247022;0.22931332824789408;-0.29004243611168334;-0.28474600930510263;0.03634230756494805;-0.3730195763304742;-0.37882314147498164;-0.026926436525918973
2022-08-06 10:34:06.000;-0.8051552158798829;-1066.9891501875318;-1.2275305588889818;-0.22015802248728278;-0.1811694863177742;0.22847445993886506;-0.29658102912619455;-0.29179464212315764;0.03353596304264084;-0.37335934098899415;-0.3791673772823856;-0.02694632902001093
2022-08-06 10:34:06.020;-0.8013041257034286;-1066.39120805126;-1.2268426491341433;-0.21843161922237186;-0.17958280013042227;0.2276356985739154;-0.3031196057882184;-0.29884302682327046;0.030730842344996567;-0.37369910385205785;-0.37951161125300814;-0.026966221353480258
2022-08-06 10:34:06.040;-0.7991861466543878;-1065.794804838697;-1.2261565098526783;-0.21166888672649975;-0.1726228306573354;0.22863535579853345;-0.3046269383355238;-0.30052034304744524;0.029781910138621193;-0.36900497705260804;-0.37453416941252726;-0.02541783359287919
2022-08-06 10:34:06.060;-0.7989107194360862;-1065.2014883059674;-1.2254739216793198;-0.2049057443177844;-0.16566240853834202;0.22963520603443932;-0.30613412949590924;-0.3021974849094917;0.02883315697183253;-0.3643105075513482;-0.36955628070398916;-0.02386889835837458
2022-08-06 10:34:06.080;-0.8005815331528985;-1064.6103273709377;-1.2247938134393788;-0.2013709946598965;-0.162137976201425;0.22950496369572182;-0.3108665251238776;-0.3073089325886471;0.026744767610903608;-0.3662868911393353;-0.37163449633567325;-0.024420466571753785
2022-08-06 10:34:06.100;-0.8042964425188592;-1064.020388930272;-1.2241151116328486;-0.2024856226312295;-0.16806795223445548;0.20181428347767483;-0.3016506538534358;-0.29749135450813213;0.030025395058610016;-0.3682632761679052;-0.37371270295153636;-0.024971981579153812
2022-08-06 10:34:06.120;-0.8101212315139565;-1063.4316802890025;-1.2234378246638917;-0.20360024329164617;-0.1739778342349929;0.17424050751856068;-0.29243467049914074;-0.2876733482515519;0.033307653770887846;-0.37023966263677366;-0.3757909005519764;-0.02552344338480861
2022-08-06 10:34:06.140;-0.8181398214092425;-1062.8435851069735;-1.2227612434565298;-0.20683235351282292;-0.18211749601167426;0.14606370164949123;-0.28533403153280545;-0.2801057872413466;0.035854161438305;-0.3708884118261686;-0.37644819492504666;-0.025561468533029874
2022-08-06 10:34:06.160;-0.828404855984536;-1062.2555068208676;-1.2220846816872866;-0.21006444560248383;-0.19023591069791124;0.11801000031659203;-0.2782334207702988;-0.27253807347951664;0.03840160009586846;-0.3715371544697028;-0.37710548260150745;-0.025599493094424552
2022-08-06 10:34:06.180;-0.8409560345626614;-1061.6664133245868;-1.2214069519572324;-0.22349060855270864;-0.20751086699224075;0.09612675482165933;-0.2751255654137239;-0.2691210526440031;0.04011987761309932;-0.37462980444137983;-0.3803847927264883;-0.02661964377594117
2022-08-06 10:34:06.200;-0.855814976620945;-1061.0752831630016;-1.2207268791209722;-0.23691640184421203;-0.2247720390888368;0.07431961476548832;-0.2720176938894596;-0.26570393407714477;0.04183859366184883;-0.377722305674407;-0.3836639089128653;-0.02763955689242259
2022-08-06 10:34:06.220;-0.8729917037468764;-1060.4821235581694;-1.2200444714872094;-0.25034182550558626;-0.24201946823157883;0.05258834368409815;-0.268909806200746;-0.2622867177633097;0.043557748341553904;-0.38081465818134674;-0.38694283118525163;-0.028659232505931165
2022-08-06 10:34:06.240;-0.8924815579236347;-1059.887704705332;-1.2193606151363652;-0.26214289877282226;-0.25748129824657795;0.03175241381653926;-0.2641790576951948;-0.2570917861663915;0.04613612029004699;-0.3822834608441177;-0.3883239070158311;-0.02812979316818165
2022-08-06 10:34:06.260;-0.9142663759571718;-1059.2927934351246;-1.2186761922780085;-0.2739438335833029;-0.27293082350584896;0.01098565335526569;-0.25944833858178384;-0.2518966967965284;0.04871549999973457;-0.3837522299529006;-0.3897049630449487;-0.027600427531498717
2022-08-06 10:34:06.280;-0.938289557045824;-1058.6976330940015;-1.2179914828730074;-0.26774484883111427;-0.26712204251427707;0.008620820096395754;-0.25944833858178384;-0.2518966967965284;0.04871549999973457;-0.3837522299529006;-0.3897049630449487;-0.027600427531498717
2022-08-06 10:34:06.300;-0.9645360882883157;-1058.1024668007376;-1.2173067666202941;-0.2615458640788688;-0.26131312899301307;0.006256861816631876;-0.25944833858178384;-0.2518966967965284;0.04871549999973457;-0.3837522299529006;-0.3897049630449487;-0.027600427531498717
2022-08-06 10:34:06.320;-0.9929544844875487;-1057.507294555231;-1.2166220435197515;-0.2553468793266802;-0.25550408297781146;0.0038937782426096135;-0.25944833858178384;-0.2518966967965284;0.04871549999973457;-0.3837522299529006;-0.3897049630449487;-0.027600427531498717
2022-08-06 10:34:06.340;-1.0234845214068318;-1056.9129524143718;-1.2159382754231294;-0.24753925066175952;-0.2479278738948416;0.002411889319712479;-0.2578408659531064;-0.25012251692802323;0.04964331349706619;-0.3821442405812796;-0.3879562204732565;-0.026818755291296625
2022-08-06 10:34:06.360;-1.0560501784233582;-1056.3202788106064;-1.2152564269151656;-0.23973151287293604;-0.24035153408673082;0.0009302068833196842;-0.2562333531298222;-0.24834826971552815;0.05057127398954542;-0.3805362110021484;-0.38620741480445986;-0.02603695962219721
2022-08-06 10:34:06.380;-1.0905661545619698;-1055.7284242987153;-1.2145755207413444;-0.2242338787426661;-0.22207759358346735;0.016604541105212256;-0.2613992311733213;-0.25393578568948527;0.04824695807730173;-0.37709229230648234;-0.3825556056845585;-0.02490075492271515
2022-08-06 10:34:06.400;-1.1269569148993002;-1055.1365582207582;-1.2138946012612033;-0.2087362446123393;-0.2037965961123156;0.03231828572394413;-0.2665651092167636;-0.2595231440577308;0.04592347789049267;-0.3736483736108731;-0.3789037516270355;-0.023764316366213123
2022-08-06 10:34:06.420;-1.1651107848830162;-1054.5446735147489;-1.2132136603501942;-0.19323861048206936;-0.18550852609408608;0.04807152778867341;-0.271730987260149;-0.2651103448731291;0.04360083315848495;-0.3702044549152639;-0.3752518526235349;-0.02262764391025396
2022-08-06 10:34:06.440;-1.204916665837343;-1053.9527701740517;-1.2125326980006834;-0.17774097635174257;-0.16721336792042862;0.06386435451845784;-0.27689686530359126;-0.27069738818808986;0.04127902361078206;-0.3702044549152639;-0.3752518526235349;-0.02262764391025396
2022-08-06 10:34:06.460;-1.2462529866389311;-1053.3608531538557;-1.211851719913428;-0.17154192269958912;-0.15865257935681498;0.07733043241604687;-0.27689686530359126;-0.27079602463717123;0.04071073932934066;-0.3702044549152639;-0.3752518526235349;-0.02262764391025396
2022-08-06 10:34:06.480;-1.288959698537044;-1052.7689274101504;-1.2111707317901057;-0.16534286904743567;-0.15008676621343753;0.09082520064261512;-0.27689686530359126;-0.2708946612402414;0.04014245480257639;-0.3702044549152639;-0.3752518526235349;-0.02262764391025396
2022-08-06 10:34:06.500;-1.3328686172634159;-1052.1769929379443;-1.2104897336249743;-0.15914381539528222;-0.14151591927228324;0.10434871270336554;-0.27689686530359126;-0.2709932979975278;0.039574170030439504;-0.3702044549152639;-0.3752518526235349;-0.02262764391025396
2022-08-06 10:34:06.520;-1.3777921481722508;-1051.5850497322317;-1.209808725412275;-0.1529447617431856;-0.13294002930192406;0.11790102219117582;-0.27689686530359126;-0.2710919349086325;0.03900588501281099;-0.3702044549152639;-0.3752518526235349;-0.02262764391025396
2022-08-06 10:34:06.540;-1.4235234836878474;-1050.9930977880067;-1.2091277071462483;-0.146745708091089;-0.12435908705609577;0.13148218278674495;-0.27689686530359126;-0.2711905719738965;0.038437599749671314;-0.3702044549152639;-0.3752518526235349;-0.02262764391025396
2022-08-06 10:34:06.560;-1.4698532047911883;-1050.4011445697179;-1.2084466874144595;-0.1529447617431856;-0.1304385657934155;0.13229225150568968;-0.27896321652101363;-0.27325268512262113;0.038503860127102385;-0.3702044549152639;-0.3752518526235349;-0.02262764391025396
2022-08-06 10:34:06.580;-1.5165254641432586;-1049.8091975443313;-1.20776567480737;-0.15914381539528222;-0.13651803433757337;0.13310241485910357;-0.28102956773837917;-0.2753148223701132;0.0385699826164041;-0.3702044549152639;-0.3752518526235349;-0.02262764391025396
2022-08-06 10:34:06.600;-1.5632878425237822;-1049.217256711905;-1.2070846693250465;-0.16534286904743567;-0.14259749268868305;0.13391267285497843;-0.2830959189557447;-0.2773769837101199;0.038635967249852854;-0.3702044549152639;-0.3752518526235349;-0.02262764391025396
2022-08-06 10:34:06.620;-1.6098750311884968;-1048.6253220724975;-1.206403670967556;-0.17154192269958912;-0.1486769408458919;0.1347230255013585;-0.28516227017311024;-0.27943916913650213;0.038701814059770356;-0.3702044549152639;-0.3752518526235349;-0.02262764391025396
2022-08-06 10:34:06.640;-1.6560359426154625;-1048.0333865698267;-1.2057226716169143;-0.17774097635174257;-0.15475637880948412;0.13553347280624362;-0.2872286213904758;-0.2815013786431777;0.03876752307848719;-0.3702044549152639;-0.3752518526235349;-0.02262764391025396
2022-08-06 10:34:06.660;-1.7015124686154657;-1047.4414642038246;-1.2050416873795113;-0.18548979341687755;-0.16061434794076845;0.14656611411431797;-0.2872286213904758;-0.2815629824735524;0.038412587636410755;-0.3702044549152639;-0.3752518526235349;-0.02262764391025396
2022-08-06 10:34:06.680;-1.7460466356621247;-1046.8495478038021;-1.204360710005742;-0.19323861048206936;-0.16646917957573137;0.1576176421524318;-0.2872286213904758;-0.28162458636412424;0.03805765209838885;-0.3702044549152639;-0.3752518526235349;-0.02262764391025396
2022-08-06 10:34:06.700;-1.789413066011054;-1046.2576373666307;-1.2036797394920067;-0.2009874275471475;-0.172320869323503;0.16868808492330523;-0.2872286213904758;-0.2816861903148933;0.03770271646442147;-0.3702044549152639;-0.3752518526235349;-0.02262764391025396
2022-08-06 10:34:06.720;-1.8314033089040724;-1045.6657328891524;-1.2029987758346723;-0.2087362446123393;-0.17816941278815435;0.17977747046549464;-0.2872286213904758;-0.2817477943255753;0.03734778073450862;-0.3702044549152639;-0.3752518526235349;-0.02262764391025396
2022-08-06 10:34:06.740;-1.8718216026114296;-1045.0738273660318;-1.202317810974366;-0.20253719096018585;-0.17026801515519097;0.18945090526952413;-0.28516227017311024;-0.2795623946182886;0.037991845914347344;-0.3702044549152639;-0.3752518526235349;-0.02262764391025396
2022-08-06 10:34:06.760;-1.910531169371615;-1044.481913792224;-1.2016368368520496;-0.1963381373080324;-0.1623640545346099;0.1991388614687164;-0.2830959189557447;-0.2773769837101199;0.038635967249852854;-0.3702044549152639;-0.3752518526235349;-0.02262764391025396
2022-08-06 10:34:06.780;-1.9474130729894892;-1043.8899921652264;-1.2009558534648435;-0.19013908365599264;-0.15445752758941822;0.20884135818004967;-0.28102956773837917;-0.27519156160038705;0.039280144744068046;-0.3702044549152639;-0.3752518526235349;-0.02262764391025396
2022-08-06 10:34:06.800;-1.9823803448848385;-1043.298062482536;-1.2002748608098681;-0.18394003000383918;-0.14654843097887138;0.21855841454279457;-0.27896321652101363;-0.273006128288408;0.0399243783999772;-0.3702044549152639;-0.3752518526235349;-0.02262764391025396
2022-08-06 10:34:06.820;-2.0153758840499783;-1042.706124741635;-1.1995938588842272;-0.17774097635174257;-0.1386367613587005;0.22829004971834;-0.27689686530359126;-0.2708206837735574;0.04056866822066141;-0.3702044549152639;-0.3752518526235349;-0.02262764391025396
2022-08-06 10:34:06.840;-2.046386901858452;-1042.1141877467962;-1.1989128578169026;-0.18807273243857026;-0.14801318655904439;0.2339950828140145;-0.27896321652101363;-0.27305543957830736;0.039640274868150804;-0.3702044549152639;-0.3752518526235349;-0.02262764391025396
2022-08-06 10:34:06.860;-2.0753785408333463;-1041.522260303238;-1.1982318677379642;-0.19840448852545478;-0.15738883729486375;0.239705045127244;-0.28102956773837917;-0.27529017019681845;0.038712015072621675;-0.3702044549152639;-0.3752518526235349;-0.02262764391025396
2022-08-06 10:34:06.880;-2.1023637295219317;-1040.9303353540963;-1.1975508805287574;-0.2087362446123393;-0.16676371305326043;0.24541994029631997;-0.2830959189557447;-0.2775248756327855;0.03778388881674388;-0.3702044549152639;-0.3752518526235349;-0.02262764391025396
2022-08-06 10:34:06.900;-2.1273492610675655;-1040.3384270111783;-1.1968699124243811;-0.21906800069922383;-0.1761378133213931;0.2511397719616877;-0.28516227017311024;-0.2797595558895054;0.036855896083238804;-0.3702044549152639;-0.3752518526235349;-0.02262764391025396
2022-08-06 10:34:06.920;-2.1503252222340876;-1039.74652821762;-1.196188955306181;-0.2293997567860515;-0.18551113758613624;0.2568645437662278;-0.2872286213904758;-0.2819942109701614;0.03592803685474788;-0.3702044549152639;-0.3752518526235349;-0.02262764391025396
2022-08-06 10:34:06.940;-2.1712756644998628;-1039.1546324965093;-1.1955080017227155;-0.22113435191658937;-0.18216963404004005;0.22835694034803478;-0.28516227017311024;-0.2797595558895054;0.036855896083238804;-0.3702044549152639;-0.3752518526235349;-0.02262764391025396
2022-08-06 10:34:06.960;-2.190187482835577;-1038.562733360559;-1.1948270442106066;-0.21286894704712722;-0.1788071684048056;0.19997322095551073;-0.2830959189557447;-0.2775248756327855;0.03778388881674388;-0.3702044549152639;-0.3752518526235349;-0.02262764391025396
2022-08-06 10:34:06.980;-2.2070075616656535;-1037.9708307884794;-1.1941460827453612;-0.2046035421775514;-0.1754238166816755;0.17171291691447355;-0.28102956773837917;-0.27529017019681845;0.038712015072621675;-0.3702044549152639;-0.3752518526235349;-0.02262764391025396
2022-08-06 10:34:07.000;-2.2216536546388417;-1037.378924759054;-1.1934651173025703;-0.1963381373080324;-0.17201965464593982;0.143575561096128;-0.27896321652101363;-0.27305543957830736;0.039640274868150804;-0.3702044549152639;-0.3752518526235349;-0.02262764391025396
2022-08-06 10:34:07.020;-2.2340129629965912;-1036.7870152511387;-1.192784147857909;-0.18807273243857026;-0.16859475784716338;0.11556068791215068;-0.27689686530359126;-0.2708206837735574;0.04056866822066141;-0.3702044549152639;-0.3752518526235349;-0.02262764391025396
2022-08-06 10:34:07.040;-2.243960039585181;-1036.195109701781;-1.192103182967418;-0.19840448852545478;-0.17979112657494412;0.11078880767624;-0.27689686530359126;-0.2708206837735574;0.04056866822066141;-0.3702044549152639;-0.3752518526235349;-0.02262764391025396
2022-08-06 10:34:07.060;-2.251311551287194;-1035.6032155583162;-1.1914222311989742;-0.2087362446123393;-0.19098681875980006;0.10602052497616299;-0.27689686530359126;-0.2708206837735574;0.04056866822066141;-0.3702044549152639;-0.3752518526235349;-0.02262764391025396
2022-08-06 10:34:07.080;-2.2558824478638506;-1035.0113328202933;-1.190741292552059;-0.21906800069922383;-0.20218183486693775;0.10125583741119648;-0.27689686530359126;-0.2708206837735574;0.04056866822066141;-0.3702044549152639;-0.3752518526235349;-0.02262764391025396
2022-08-06 10:34:07.100;-2.257478959348404;-1034.4194614872322;-1.1900603670261198;-0.2293997567860515;-0.21337617536207532;0.09649474258215385;-0.27689686530359126;-0.2708206837735574;0.04056866822066141;-0.3702044549152639;-0.3752518526235349;-0.02262764391025396
2022-08-06 10:34:07.120;-2.255904215201926;-1033.827601558667;-1.189379454620621;-0.23973151287293604;-0.22456984071007824;0.09173723809118606;-0.27689686530359126;-0.2708206837735574;0.04056866822066141;-0.3702044549152639;-0.3752518526235349;-0.02262764391025396
2022-08-06 10:34:07.140;-2.2509798547334645;-1033.2357402767739;-1.1886985406581692;-0.23973151287293604;-0.22456984071007824;0.09173723809118606;-0.27689686530359126;-0.2708206837735574;0.04056866822066141;-0.3702044549152639;-0.37510217051533346;-0.021767170415872172
2022-08-06 10:34:07.160;-2.242569893153963;-1032.6438860503476;-1.1880176348127647;-0.23973151287293604;-0.22456984071007824;0.09173723809118606;-0.27689686530359126;-0.2708206837735574;0.04056866822066141;-0.3702044549152639;-0.374952488252859;-0.020906694560343553
2022-08-06 10:34:07.180;-2.230554168788829;-1032.0520318239214;-1.1873367289673604;-0.23973151287293604;-0.22456984071007824;0.09173723809118606;-0.27689686530359126;-0.2708206837735574;0.04056866822066141;-0.3702044549152639;-0.374952488252859;-0.020906694560343553
2022-08-06 10:34:07.200;-2.2148800244293563;-1031.4601775974952;-1.186655823121956;-0.23973151287293604;-0.22456984071007824;0.09173723809118606;-0.27689686530359126;-0.2708206837735574;0.04056866822066141;-0.3702044549152639;-0.374952488252859;-0.020906694560343553
2022-08-06 10:34:07.220;-2.195541403358847;-1030.8683202021857;-1.1859749136308715;-0.23559881043820496;-0.2183491333881058;0.1036716936882911;-0.27689686530359126;-0.27084534291949325;0.04042659709663532;-0.3702044549152639;-0.374952488252859;-0.020906694560343553
2022-08-06 10:34:07.240;-2.172612985411811;-1030.2764564671452;-1.1852939968461669;-0.23146610800341705;-0.212124521575479;0.11562856047443582;-0.27689686530359126;-0.27087000207514933;0.04028452595727039;-0.3702044549152639;-0.374952488252859;-0.020906694560343553
2022-08-06 10:34:07.260;-2.1462309880765886;-1029.6845863884591;-1.1846130727633386;-0.22733340556874282;-0.20589599898758948;0.12760787525771544;-0.27689686530359126;-0.2708946612402414;0.04014245480257639;-0.3702044549152639;-0.374952488252859;-0.020906694560343553
2022-08-06 10:34:07.280;-2.1166001977555973;-1029.0927099622131;-1.1839321413778832;-0.2232007031339549;-0.19966355933096125;0.1396096748994795;-0.27689686530359126;-0.27091932041522426;0.04000038363254088;-0.3702044549152639;-0.374952488252859;-0.020906694560343553
2022-08-06 10:34:07.300;-2.083990184809576;-1028.5008271844927;-1.1832512026852975;-0.21906800069922383;-0.19342719630381922;0.15163399631410712;-0.27689686530359126;-0.27094397959958627;0.0398583124471914;-0.3702044549152639;-0.374952488252859;-0.020906694560343553
2022-08-06 10:34:07.320;-2.0487332838940153;-1027.908940103087;-1.1825702590414848;-0.21700164948180145;-0.1912147904535324;0.15243363312730285;-0.27689686530359126;-0.27091932041522426;0.04000038363254088;-0.3702044549152639;-0.374952488252859;-0.020906694560343553
2022-08-06 10:34:07.340;-2.01119958590298;-1027.3170507677496;-1.1818893128046095;-0.21493529826449276;-0.1890023653747086;0.1532333704517752;-0.27689686530359126;-0.2708946612402414;0.04014245480257639;-0.3702044549152639;-0.374952488252859;-0.020906694560343553
2022-08-06 10:34:07.360;-1.9717939415682604;-1026.7251591784661;-1.1812083639746545;-0.21286894704712722;-0.18678992106478987;0.15403320829870637;-0.27689686530359126;-0.27087000207514933;0.04028452595727039;-0.3702044549152639;-0.374952488252859;-0.020906694560343553
2022-08-06 10:34:07.380;-1.9309884828011157;-1026.130896875453;-1.180524687728447;-0.22229582809171688;-0.19663786835062425;0.15179655722257568;-0.2883795152342472;-0.28290801315889524;0.037317355662664475;-0.3816920268604882;-0.38693118579885777;-0.02353341798389419
2022-08-06 10:34:07.400;-1.8891924137722564;-1025.5319355469474;-1.1798356054315893;-0.23172082007306471;-0.20648365734772156;0.14956128246276545;-0.2998601139393813;-0.2949435830758702;0.03435217251399347;-0.3931775467010503;-0.39890747756209066;-0.02615833802983758
2022-08-06 10:34:07.420;-1.8468263843069577;-1024.9283066052085;-1.1791411532226947;-0.2452761339202425;-0.21851972463534608;0.15857299017600113;-0.3113386620704759;-0.30707518020803803;0.030821608153664748;-0.4046610150884895;-0.4108813644995166;-0.028781456200939637
2022-08-06 10:34:07.440;-1.8042662306274793;-1024.3223536449295;-1.1784440273185925;-0.24734223908086506;-0.21849630586794788;0.17064005969247376;-0.3113386620704759;-0.3071490308591578;0.03039608294591556;-0.4046610150884895;-0.41070205325968345;-0.027750544207187033
2022-08-06 10:34:07.460;-1.7619122716801625;-1023.7164006582243;-1.177746901384088;-0.24940834424143077;-0.21846904473804685;0.18272970654559018;-0.3113386620704759;-0.3072228815968501;0.029970557599397374;-0.4046610150884895;-0.4105227417982178;-0.026719628824245945
2022-08-06 10:34:07.480;-1.720081528817401;-1023.1116590911479;-1.1770511691419314;-0.24785389141015912;-0.21455628163815632;0.19627263076621748;-0.30772136023173147;-0.3034147398072591;0.030997007876232274;-0.4010421627006586;-0.40667962821908077;-0.025492196067555817
2022-08-06 10:34:07.500;-1.679043080307513;-1022.5093453022928;-1.1763582299665614;-0.24629928647158295;-0.21063833375743357;0.20984473904099765;-0.3041038547825323;-0.2996063566883649;0.03202364778046807;-0.3974231066150047;-0.4028362462487962;-0.024264422567194188
2022-08-06 10:34:07.520;-1.6389765376646879;-1021.90945984875;-1.1756680844988896;-0.22459924815854038;-0.18861851123333295;0.21125169663191912;-0.3030688740679679;-0.29836285016616415;0.03320420092573784;-0.3938038468113483;-0.39899259584626634;-0.02303630821766678
2022-08-06 10:34:07.540;-1.600050329191986;-1021.3107775486787;-1.1749793232136656;-0.20679821286779543;-0.17076376760306644;0.21120506639149284;-0.3059293779488357;-0.30128398416788826;0.03291273436288478;-0.3940817463579229;-0.39927415513318465;-0.02305259176704766
2022-08-06 10:34:07.560;-1.5623359942264932;-1020.7120775739822;-1.1742905415944551;-0.18899721110381051;-0.15290906346271882;0.21115840824163;-0.30878987566776317;-0.3042051269744874;0.03262117584052415;-0.3943596447033393;-0.3995557131912051;-0.023068875208892337
2022-08-06 10:34:07.580;-1.5258581912801887;-1020.112052698656;-1.1736002357273083;-0.1749262160981857;-0.13906226320714055;0.20958711615429237;-0.31537594865172736;-0.311132934835733;0.0307853269915368;-0.39836485337940175;-0.40380278307054596;-0.024390829702729988
2022-08-06 10:34:07.600;-1.490615827037412;-1019.5094142324306;-1.1729069230229348;-0.17893403526056773;-0.15008628425599468;0.16929330587089453;-0.3193790488633894;-0.315421335758991;0.0292223550730073;-0.40236981257168836;-0.40804952761214963;-0.025712385483586786
2022-08-06 10:34:07.620;-1.456504391193392;-1018.9041863383391;-1.172210631279988;-0.18294160478859567;-0.1610665067909487;0.12925217382686416;-0.32338189973457787;-0.3197093977455765;0.027659855971627678;-0.4063745223076545;-0.41229594687052895;-0.027033542686419665
2022-08-06 10:34:07.640;-1.4234373599692707;-1018.297793469661;-1.1715129992779534;-0.18286277337375623;-0.16761784743872354;0.09110361068158213;-0.3233031611387318;-0.31960699356758226;0.02779462948305067;-0.4062957471467108;-0.4121971184931681;-0.02691959736984373
2022-08-06 10:34:07.660;-1.3913129957909165;-1017.6916761712564;-1.1708156843090691;-0.18278394186251035;-0.17413022788000276;0.053182095740059054;-0.3232244224464793;-0.31950458885298616;0.02792940549323486;-0.40621697188947437;-0.4120982896470764;-0.026805649949962707
2022-08-06 10:34:07.680;-1.360014653934564;-1017.0856971156682;-1.170118528383303;-0.18312377362849475;-0.18105016363697146;0.015335438671449708;-0.32356385408237287;-0.3198492874592702;0.02790591823899735;-0.4065565611523958;-0.4124423454696853;-0.026825521205218195
2022-08-06 10:34:07.700;-1.3294703560019285;-1016.4797328970526;-1.1694213895269117;-0.20205840639368944;-0.20086628824182995;0.010629796370736244;-0.3218371947259797;-0.31803364380888155;0.028383753122849242;-0.4068961486213958;-0.4127863994572749;-0.02684539230016636
2022-08-06 10:34:07.720;-1.2995943992032868;-1015.8737902407083;-1.1687242754770957;-0.22099299371348025;-0.22068164547343727;0.0059277350223014835;-0.3201105384264551;-0.3162179999732402;0.028861601498807232;-0.4072357342967017;-0.41313045160990214;-0.026865263234844505
2022-08-06 10:34:07.740;-1.2703485032125426;-1015.2678565519236;-1.1680271717441169;-0.2396248443921536;-0.2401910324275356;0.0012378786609410497;-0.3180814856433116;-0.31409732721905215;0.029348498289835767;-0.4072727846918234;-0.4131697380156538;-0.026877485130540002
2022-08-06 10:34:07.760;-1.2417359539608672;-1014.6619192373109;-1.1673300638397606;-0.25825669028694165;-0.2596996987047966;-0.0034484187285954704;-0.3160524333680641;-0.31197665123661267;0.029835410257499362;-0.4073098350657425;-0.4132090243934954;-0.026889706992148987
2022-08-06 10:34:07.780;-1.2138017904513743;-1014.0559909491494;-1.166632966319994;-0.27722206662059534;-0.2795441435548902;-0.008141800536875188;-0.3143566430237783;-0.3101923421644628;0.030311164729361906;-0.4076802896931859;-0.4135843514492876;-0.026911383974383085
2022-08-06 10:34:07.800;-1.1865977783733972;-1013.4500711262881;-1.1659358785392342;-0.2724274622259486;-0.2740588318422148;-0.004259634389216949;-0.3069791332121312;-0.302313117041102;0.033052797777993526;-0.4080507421858748;-0.41395967632132624;-0.026933060765873762
2022-08-06 10:34:07.820;-1.1602781320371198;-1012.8441465563301;-1.1652387852971198;-0.2676328689229308;-0.2685730932543926;-0.000375046620956887;-0.2996016411072091;-0.2944336924102444;0.035795557802757116;-0.40842119254392273;-0.4143349990096681;-0.026954737366612136
2022-08-06 10:34:07.840;-1.1349960114093869;-1012.2380102053794;-1.1645414484090038;-0.2631070629330452;-0.2633936291076999;0.003298921840850788;-0.2924927294983135;-0.2868624680194998;0.0383153554615463;-0.4090602970830979;-0.4150126724204597;-0.027165553464202574
2022-08-06 10:34:07.860;-1.1109227059133353;-1011.6314551766918;-1.1638436298480268;-0.25858127340677584;-0.2582137937954805;0.006975032945231163;-0.2853838457677611;-0.2792910889671347;0.040836094159215186;-0.40969939526933885;-0.4156903375478578;-0.02737635941363692
2022-08-06 10:34:07.880;-1.0882420323849593;-1011.025108077949;-1.163146050502567;-0.24311790044185955;-0.24043570290317362;0.019995060341511994;-0.28644986921411686;-0.28033650801400967;0.040976404515155274;-0.40869902092225274;-0.4146135671190905;-0.026954238340359815
2022-08-06 10:34:07.900;-1.0671541790315717;-1010.4196177076883;-1.1624494567907404;-0.22765441189136482;-0.22265255311598153;0.033042473256455374;-0.2875158913887148;-0.2813819311563961;0.04111668499380805;-0.40769863101075643;-0.4135367741046707;-0.02653207972983207
2022-08-06 10:34:07.920;-1.0478193241195153;-1009.8149781274042;-1.161753841880521;-0.21219080775256316;-0.204864335145178;0.04611732288499226;-0.2885819122917255;-0.282427358394294;0.04125693559746857;-0.4066982255345657;-0.41245995850363215;-0.02610988357857913
2022-08-06 10:34:07.940;-1.0303896035191857;-1009.2107566013365;-1.161058707925826;-0.19828422893300512;-0.18872334074652386;0.05870246827154535;-0.29120349489013364;-0.2851273515822399;0.04085827271102094;-0.4072539119618419;-0.4130229556550944;-0.026142409447527548
2022-08-06 10:34:07.960;-1.0149671049641313;-1008.6065197454664;-1.1603635563347745;-0.18437770086143246;-0.1725778612514297;0.07131281596685657;-0.2938250647505569;-0.2878273335690764;0.04045959379999875;-0.40780959358584923;-0.41358594789278413;-0.026174934887055912
2022-08-06 10:34:07.980;-1.0016162613804052;-1008.0034085577427;-1.159669699782242;-0.172603262463781;-0.15888145878043147;0.08214028359914316;-0.2944510297945371;-0.2884904648529627;0.04025813214970064;-0.4043020908159143;-0.40986671467237556;-0.02501763218234032
2022-08-06 10:34:08.000;-0.9903431314780046;-1007.4025684279404;-1.1589784559957337;-0.16082843218129028;-0.14518123387219717;0.09298683178921152;-0.2950769037430163;-0.28915349691757086;0.040056714669657545;-0.4007943966873846;-0.4061472319194195;-0.02386002368867768
2022-08-06 10:34:08.020;-0.9810991426815424;-1006.8040081857544;-1.158289835133478;-0.149053209979229;-0.131477180962154;0.10385249123232221;-0.29570268658581966;-0.2898164297526691;0.03985534136038993;-0.3972865111818997;-0.4024274995975361;-0.022702109315415164
2022-08-06 10:34:08.040;-0.973785905441752;-1006.2069537225107;-1.1576029466127993;-0.1403156358422848;-0.12098249919850801;0.11378928742232475;-0.29936264655079725;-0.2936939237287888;0.03867608390515809;-0.396813959779589;-0.4018957833332024;-0.02237004810453147
2022-08-06 10:34:08.060;-0.9682411395803143;-1005.6106269543598;-1.1569168952777318;-0.13157803123471012;-0.11048499280125057;0.12374175365904261;-0.3030226165438066;-0.2975713875184951;0.037497031282224036;-0.39634140490579384;-0.40136405991262336;-0.022037966633354777
2022-08-06 10:34:08.080;-0.9643018381984526;-1005.0146765705213;-1.1562312769585437;-0.15740508837888;-0.13448146675628792;0.13478171926698135;-0.3030226165438066;-0.29763298978868846;0.03714208634333627;-0.39634140490579384;-0.40136405991262336;-0.022037966633354777
2022-08-06 10:34:08.100;-0.9616891327214316;-1004.4187507944662;-1.1555456869496774;-0.18323214552310674;-0.15847507164020058;0.1458404054526481;-0.3030226165438066;-0.2976945921189653;0.03678714130843286;-0.39634140490579384;-0.40136405991262336;-0.022037966633354777
2022-08-06 10:34:08.120;-0.960131434477573;-1003.8228496242446;-1.1548601252488897;-0.2090592026673903;-0.18246580384996847;0.15691783912379975;-0.3030226165438066;-0.2977561945094962;0.036432196177487164;-0.39634140490579384;-0.40136405991262336;-0.022037966633354777
2022-08-06 10:34:08.140;-0.9593625263910053;-1003.2266205353735;-1.1541741862901298;-0.23663794960299356;-0.20828980366255578;0.16756273491322826;-0.30477268098515964;-0.29965396362276664;0.035616565735280936;-0.3980922195087224;-0.40318781866153586;-0.022427363896449393
2022-08-06 10:34:08.160;-0.9590580995677416;-1002.6297176554872;-1.1534874721603559;-0.23425731255991877;-0.20472145985533885;0.17435108624763807;-0.30652269776938823;-0.30146543651735414;0.03529788348363727;-0.39984298643400606;-0.4050115218518613;-0.02281672107633792
2022-08-06 10:34:08.180;-0.958960831566456;-1002.0324650546463;-1.1528003556898845;-0.2305883998964191;-0.19978604540338907;0.18156729626167767;-0.30698562107587435;-0.3019109196697727;0.03540774246514733;-0.40030610817171564;-0.4054807434116583;-0.022843862791378733
2022-08-06 10:34:08.200;-0.9588159819822639;-1001.435208581177;-1.152113234764101;-0.22691949712356063;-0.19484922378441993;0.18879158273547247;-0.3074485410476413;-0.3023563997564551;0.0355176002048978;-0.4007692265732281;-0.40594996155874696;-0.022871004207617673
2022-08-06 10:34:08.220;-0.9583847852652899;-1000.8379482336677;-1.1514261093813813;-0.2232506042414002;-0.1899109936320862;0.19602395357741909;-0.30791145768480277;-0.3028018767774583;0.03562745670292067;-0.40123234163860033;-0.4064191762928431;-0.022898145325044084
2022-08-06 10:34:08.240;-0.9574512360978847;-1000.2418573079267;-1.1507403293740635;-0.21554050473224606;-0.18067139238187124;0.20467291387175734;-0.3043371923692675;-0.29894797616397994;0.03716633700979788;-0.397656544221487;-0.40262739144662874;-0.021717596104720904
2022-08-06 10:34:08.260;-0.9558417891120725;-999.6481128392697;-1.1500572488766474;-0.2036977426548674;-0.1695347414770687;0.20037284403321998;-0.29663036682742216;-0.2906986488393031;0.04013606977121231;-0.39408054792573566;-0.39883534722616787;-0.020536728895852896
2022-08-06 10:34:08.280;-0.9534146381007277;-999.0567240026357;-1.1493768784445522;-0.1922253616014018;-0.15877379826733673;0.19604989084813695;-0.28929364361632537;-0.2828249119158599;0.0430815421238524;-0.3908749042106443;-0.39541848134268776;-0.01937728792800808
2022-08-06 10:34:08.300;-0.950052832930653;-998.4677010561063;-1.1486992298793117;-0.18075263748238513;-0.14801214766717763;0.1917294070570028;-0.2819566690732458;-0.27495065142854713;0.04602844567996023;-0.38766910066879845;-0.3920013994471674;-0.018217549702554514
2022-08-06 10:34:08.320;-0.9456669413107248;-997.8810537021855;-1.148024314343289;-0.16927957026979357;-0.1372497897302516;0.18741139185067368;-0.27461944317715137;-0.26707586722309173;0.04897678111610215;-0.3844631372860441;-0.3885841015095366;-0.017057514135749408
2022-08-06 10:34:08.340;-0.9401907936213614;-997.2955929026139;-1.1473507638930531;-0.16101457268945296;-0.12994019406668045;0.18174959258659662;-0.2704869443869242;-0.2626554463548345;0.050551776159100115;-0.3741318903105899;-0.37762799558208826;-0.013642350398462177
2022-08-06 10:34:08.360;-0.9335672874928944;-996.7101276022076;-1.1466772082647776;-0.15688207389922582;-0.12831514125671006;0.167240190475078;-0.2704869443869242;-0.2626060426909689;0.050836409732033516;-0.3638006433350789;-0.36667148442614916;-0.010225077783147185
2022-08-06 10:34:08.380;-0.925751815663197;-996.1251390370671;-1.1460042011023481;-0.15167078654030774;-0.12551041428568865;0.1532907244729369;-0.26940934130853833;-0.26138125808684975;0.05166250985186327;-0.3627225783773689;-0.3655106087070976;-0.009767525972800506
2022-08-06 10:34:08.400;-0.9166960911667458;-995.5411273086283;-1.1453323177535042;-0.14645945030406438;-0.12270061781194741;0.13937103098968517;-0.2683317201650297;-0.26015643622812235;0.0524887153635305;-0.3616444953467486;-0.3643497067014323;-0.009309930247359155
2022-08-06 10:34:08.420;-0.9063346562022877;-994.958087064173;-1.1446615520601462;-0.141248065189302;-0.11988576056191746;0.12548105577792334;-0.26725408095588676;-0.2589315771120013;0.05331502628022111;-0.3605663942427064;-0.36318877840778896;-0.008852290602349377
2022-08-06 10:34:08.440;-0.8946092095505875;-994.3755327181498;-1.1439913453745099;-0.13744005437808937;-0.11856886477713502;0.1110753859992899;-0.2675782446110233;-0.2592113830346179;0.05357716796975076;-0.36089069684004116;-0.3635173686521398;-0.008871372245378595
2022-08-06 10:34:08.460;-0.8814709454045709;-993.7929919475646;-1.1433211543069002;-0.16101010031189844;-0.14533260083894461;0.09316470668333299;-0.2679024066311726;-0.25963326251345364;0.053020763206235166;-0.36121499780159283;-0.3638459572229067;-0.008890453741102533
2022-08-06 10:34:08.480;-0.8667908742665662;-993.2100292755858;-1.142650477857735;-0.18559386497400965;-0.17318799516997174;0.07482312242127964;-0.2692393446851824;-0.2611584811975476;0.051963146558096085;-0.36255250889052704;-0.36526445992871004;-0.009333090196959049
2022-08-06 10:34:08.500;-0.8504620178358369;-992.6261958813338;-1.141978799675611;-0.2101773869152339;-0.20103342512439681;0.05653502096060947;-0.2705762549315054;-0.2626836447366472;0.05090567929336931;-0.3638899921597236;-0.36668292633385136;-0.009775682076688774
2022-08-06 10:34:08.520;-0.8323634668043088;-992.0414932233762;-1.1413061214385543;-0.23476066614335878;-0.22886891611344495;0.03830026383762242;-0.2719131373711079;-0.2642087531359252;0.049848361390907314;-0.36522744761031944;-0.3681013564402065;-0.01021822938538186
2022-08-06 10:34:08.540;-0.8123371785053618;-991.4566367841544;-1.1406332662819845;-0.23613164023686295;-0.23060251695190814;0.0362403637711024;-0.27121843800212986;-0.26343191565390356;0.050307496527485895;-0.36453245048113203;-0.36735770482761154;-0.009950455542327319
2022-08-06 10:34:08.560;-0.7902875578598636;-990.8723415837958;-1.1399610568094456;-0.23750261674149442;-0.23233600466599924;0.03418111744358754;-0.27052373112498884;-0.2626550644278822;0.05076666565355126;-0.36383744584054156;-0.3666140427848177;-0.009682666192628808
2022-08-06 10:34:08.580;-0.7660997221431013;-990.2883284938216;-1.1392891718942066;-0.23963065771602032;-0.23488221948744936;0.03181624633866065;-0.2705854735679267;-0.262693065530037;0.05090470166009009;-0.36389921474738784;-0.3666766281279479;-0.009686299566670442
2022-08-06 10:34:08.600;-0.7396786878576402;-989.7043181203117;-1.1386172901041571;-0.24175869774916237;-0.23742827421634516;0.029452267292144008;-0.2706472159515769;-0.2627310666279854;0.05104273744616261;-0.36396098359494644;-0.3667392134103693;-0.009689932935382117
2022-08-06 10:34:08.620;-0.7109580523291671;-989.1203104631204;-1.137945411439129;-0.24388673684069317;-0.23997416890492573;0.02708918000841276;-0.2707089582759963;-0.26276906772132946;0.0511807730117777;-0.3640227523831605;-0.36680179863208195;-0.009693566298747847
2022-08-06 10:34:08.640;-0.6799153333860964;-988.5392951226459;-1.13727697532102;-0.2329115109263853;-0.22879568566364483;0.028046355867646255;-0.2659396616795888;-0.25767583527672144;0.052950282720769515;-0.3551170174674745;-0.3573566950302052;-0.006745821421251463
2022-08-06 10:34:08.660;-0.6466074831017888;-987.9643141371271;-1.136615481499475;-0.22193492382820068;-0.21761578806067305;0.029003740589899074;-0.261169386472794;-0.25258146328834385;0.054720647608501594;-0.3462100490099793;-0.3479099816515827;-0.003796099127435504
2022-08-06 10:34:08.680;-0.6111456179338025;-987.3912649470076;-1.135956210135287;-0.2230520623609209;-0.21935582014245725;0.02544160122256578;-0.268482945917377;-0.2604371014444027;0.05174603731956395;-0.34939235820030135;-0.3512866303450437;-0.004858576030385642
2022-08-06 10:34:08.700;-0.5736983350971838;-986.816024453663;-1.1352944177598285;-0.22416908880614983;-0.22109535363049204;0.02188168114387068;-0.2757962570708159;-0.26829221349415633;0.048772889783548656;-0.3525745099169022;-0.35466307291085286;-0.005920797072833217
2022-08-06 10:34:08.720;-0.534521947787177;-986.2386009975526;-1.1346301139684822;-0.22528600317446035;-0.22283438877011363;0.018323978984668088;-0.2831093199536312;-0.2761467995961411;0.04580120429722534;-0.3557565041737085;-0.35803930937674977;-0.006982762323814562
2022-08-06 10:34:08.740;-0.4939515174795624;-985.6600892655042;-1.133964558156935;-0.23045177026136798;-0.22510828448824682;0.03506223075584458;-0.2779435528667804;-0.27055956494032074;0.04812474776190179;-0.3557565041737085;-0.35803930937674977;-0.006982762323814562
2022-08-06 10:34:08.760;-0.4523952742201062;-985.0815797941686;-1.1332990049462521;-0.23561753734833246;-0.22737464786488104;0.05184497774870511;-0.27277778577981593;-0.2649721726777088;0.0504491270070373;-0.3557565041737085;-0.35803930937674977;-0.006982762323814562
2022-08-06 10:34:08.780;-0.4103289197868658;-984.5031790975409;-1.132633576876746;-0.24043719588297563;-0.22926523981070446;0.06879282573033407;-0.2672661819035156;-0.25901577441825197;0.05289989962862229;-0.35541051297360227;-0.35767382091631816;-0.006876622192836912
2022-08-06 10:34:08.800;-0.3682849371637139;-983.9249937282802;-1.131968396533211;-0.2452568649084128;-0.231148143099265;0.08578611439267014;-0.2617545638135752;-0.2530591854711801;0.05535160722087351;-0.3550645199119309;-0.35730833009068874;-0.006770479429933474
2022-08-06 10:34:08.820;-0.32680461684147477;-983.3470115042801;-1.1313034499005952;-0.22631393058941285;-0.20838988303703232;0.10737019281578064;-0.26554134561919085;-0.2570616788875313;0.05418572233738761;-0.35471852498863754;-0.3569428368997478;-0.00666433403505895
2022-08-06 10:34:08.840;-0.28651180307652446;-982.7691133575936;-1.1306385999957407;-0.20757803987117995;-0.18584577812439207;0.12891552938264983;-0.26953503766505804;-0.26129189034721634;0.05290412799615751;-0.3545795250190018;-0.3568019978359871;-0.006656148805368467
2022-08-06 10:34:08.860;-0.24799380585223563;-982.1911924312371;-1.1299737238837397;-0.18884213098669989;-0.1632886395122206;0.15053389316416332;-0.27352873338085004;-0.26552206159387737;0.0516227544347192;-0.3544405247489486;-0.35666115846493085;-0.006647963548605418
2022-08-06 10:34:08.880;-0.21183392442003757;-981.612090636343;-1.1293074892272625;-0.17365466080786973;-0.14450739994586925;0.17091198470017055;-0.2810671164624168;-0.27354254119850197;0.04899810960531603;-0.357847929860835;-0.3602749698289358;-0.007775998311334575
2022-08-06 10:34:08.900;-0.17854609742442618;-981.0306750863892;-1.128638592683323;-0.15846744792315803;-0.12571508302963608;0.19135398882671772;-0.28860522176707804;-0.28156252691561434;0.04637458118902149;-0.36125515442875766;-0.36388854559248784;-0.008903743706440537
2022-08-06 10:34:08.920;-0.14860980253621625;-980.446965283154;-1.1279670566879771;-0.17427414096175653;-0.14166007670874947;0.19087290762833398;-0.29201056283343263;-0.2852111816038345;0.04504172197137635;-0.3646621984698264;-0.36750188578923826;-0.010031199817309044
2022-08-06 10:34:08.940;-0.12233067299672706;-979.8633621698318;-1.1272956434353307;-0.18293505071585514;-0.14996043302145168;0.19312015405667182;-0.2882779597283829;-0.28121446610921197;0.04648778099609263;-0.36092772872978784;-0.36354348500384503;-0.00880798709713737
2022-08-06 10:34:08.960;-0.09996103837460824;-979.2822500281691;-1.1266270959511253;-0.19159606345914426;-0.15826073618845626;0.19536844553991628;-0.2845451398378245;-0.27721745697910904;0.047934245238969275;-0.3571930420959539;-0.35958480225713174;-0.007584432650951101
2022-08-06 10:34:08.980;-0.08162597891601475;-978.702392136991;-1.1259599914345433;-0.20399384292164768;-0.17055756751065942;0.19619646067335061;-0.2845451398378245;-0.27721745697910904;0.047934245238969275;-0.3571930420959539;-0.35958480225713174;-0.007584432650951101
2022-08-06 10:34:09.000;-0.06731167308757768;-978.1225465177631;-1.1252929010363748;-0.21639162238420795;-0.1828543968707983;0.1970245593820552;-0.2845451398378245;-0.27721745697910904;0.047934245238969275;-0.3571930420959539;-0.35958480225713174;-0.007584432650951101
2022-08-06 10:34:09.020;-0.0568669504752044;-977.5427078892171;-1.1246258186807208;-0.2189744931055202;-0.18456710481465066;0.20208408638557085;-0.2793793983950863;-0.27178443144898523;0.0493694362249002;-0.3571930420959539;-0.35958480225713174;-0.007584432650951101
2022-08-06 10:34:09.040;-0.05004998660177884;-976.9639556136171;-1.1239599861329383;-0.21867388246187147;-0.18317489477678706;0.20836062175792502;-0.27133269678770233;-0.26324624084715964;0.05203785479551204;-0.3543107441515154;-0.35651254553334866;-0.006541933772298059
2022-08-06 10:34:09.060;-0.04650350798598335;-976.3873784333045;-1.1232966559498083;-0.2183731940261282;-0.18178150547769079;0.21464356032912946;-0.2632857631385477;-0.25470760806657466;0.05470734500542207;-0.35142831701375243;-0.3534401142644583;-0.005499195012129476
2022-08-06 10:34:09.080;-0.04578620431981473;-975.8118920760244;-1.1226345807172147;-0.22117243376493434;-0.18371154784219712;0.21970223046987503;-0.25833605878809607;-0.24949374356949505;0.05612871897300664;-0.3482006559951252;-0.3500066090895757;-0.0043713502496851575
2022-08-06 10:34:09.100;-0.047378238035836295;-975.236403636045;-1.1219725030885548;-0.21312341199103457;-0.1764849898899321;0.21480755322425082;-0.2626848673666231;-0.2541093996254844;0.05467966105027866;-0.3449729993959032;-0.3465730646054226;-0.0032432766669101554
2022-08-06 10:34:09.120;-0.05074673144657571;-974.6609085783348;-1.1213104178464466;-0.2050744018417845;-0.16925786641300888;0.2099165175833697;-0.26703366904231274;-0.258724988062248;0.053230913399213264;-0.3417453472162002;-0.3431394808033019;-0.002114974223040633
2022-08-06 10:34:09.140;-0.05535528355271735;-974.0857149504955;-1.1206486793879749;-0.19588179593750965;-0.16081802129346912;0.20540078601023204;-0.27023994199421253;-0.262128356187894;0.05216045859952256;-0.34081848406708204;-0.3421564163695052;-0.0018078410656148236
2022-08-06 10:34:09.160;-0.0606837466909429;-973.5111517269615;-1.1199876661857529;-0.18668912372345403;-0.1523776450240213;0.20088805540883836;-0.2734462280665966;-0.26553170581464514;0.05109016478606332;-0.3398916075590215;-0.3411733344984782;-0.0015006864751594406
2022-08-06 10:34:09.180;-0.06625049349306633;-972.9365406677316;-1.1193265979503764;-0.17978070105567667;-0.14636450166236514;0.19559838350174807;-0.278934479244775;-0.27136288027681843;0.049225774213337736;-0.3412478923696618;-0.34259722303801254;-0.0018659819992503657
2022-08-06 10:34:09.200;-0.07166696605155198;-972.3612181442513;-1.1186647112023573;-0.18733661607603835;-0.15584319109249023;0.1846842495839809;-0.27615735519125195;-0.2683527833835555;0.05051170436517083;-0.34260414857510213;-0.34402107665312087;-0.002231244849327574
2022-08-06 10:34:09.220;-0.07659188505660608;-971.7851927200463;-1.1180020157937074;-0.19489244437482967;-0.16531850106625612;0.17378872925270628;-0.2733802412844497;-0.2653426487949204;0.05179788895756943;-0.34396037617659303;-0.3454448953459064;-0.0025964750288567373
2022-08-06 10:34:09.240;-0.08079514031131951;-971.2088207088455;-1.1173389216498606;-0.20146223851463674;-0.17373227148405945;0.16330783611651611;-0.2696181048814523;-0.2612735248152589;0.05349020859643705;-0.34949684360003275;-0.3512994144033996;-0.004329639431617238
2022-08-06 10:34:09.260;-0.08414714366188836;-970.6324579702996;-1.116675838173852;-0.2080320146361032;-0.1821430113163025;0.1528440213253841;-0.2658559769297639;-0.2572043258312746;0.05518297089575519;-0.35503329565278463;-0.3571538130033787;-0.006062260342120318
2022-08-06 10:34:09.280;-0.08661208027042999;-970.0561636334241;-1.1160128333913713;-0.21405478660312838;-0.18998584382152117;0.1424894375904895;-0.26154733978690814;-0.252570146448555;0.056971011388498916;-0.3548572070653755;-0.3569670553506512;-0.006003952781377997
2022-08-06 10:34:09.300;-0.08825744254099577;-969.4800017071466;-1.1153499809422627;-0.22834282368648928;-0.2076460975989427;0.12336541388372257;-0.26137132615982495;-0.25233208606319835;0.057324904602779725;-0.35468111799582047;-0.35678029706861025;-0.005945644447576726
2022-08-06 10:34:09.320;-0.08920328489823293;-968.9039770740274;-1.114687286443727;-0.24263087789086057;-0.22529623705642976;0.10429853312541137;-0.2611953120507664;-0.2520940238346938;0.057678805467686445;-0.3545050284441196;-0.35659353815731265;-0.005887335340707622
2022-08-06 10:34:09.340;-0.08964331098681999;-968.3278559283426;-1.1140244809111441;-0.2579803636299971;-0.24405086169483425;0.0850034777336095;-0.26207996175210013;-0.2529718226031932;0.05773624816637479;-0.3553900573216957;-0.35751463766825964;-0.006079489730611343
2022-08-06 10:34:09.360;-0.089803557389599;-967.7514045733042;-1.1133612954852208;-0.2733297487106938;-0.2627949466060251;0.065767189557973;-0.262964599277403;-0.25384961108542115;0.057793680088354726;-0.35627507401795455;-0.358435723059074;-0.006271634285919703
2022-08-06 10:34:09.380;-0.08994634670337409;-967.174790135592;-1.1126979224388653;-0.28779387063400463;-0.2806026133455113;0.04680680310882934;-0.262964599277403;-0.25380016696666274;0.05807854343090035;-0.35627507401795455;-0.358435723059074;-0.006271634285919703
2022-08-06 10:34:09.400;-0.0903044126188618;-966.5981884035355;-1.1120345640098848;-0.28004523388938196;-0.27454422192190364;0.03692952030742891;-0.262964599277403;-0.2538928747209397;0.05754442461375664;-0.35627507401795455;-0.358435723059074;-0.006271634285919703
2022-08-06 10:34:09.420;-0.09113664132496502;-966.0215806557753;-1.1113711986600652;-0.27229659714481613;-0.26848328369871766;0.027067615611420237;-0.262964599277403;-0.2539855826107882;0.05701030558289766;-0.35627507401795455;-0.358435723059074;-0.006271634285919703
2022-08-06 10:34:09.440;-0.09265670677683646;-965.4454283239684;-1.1107083572490313;-0.2634679571558536;-0.26125149736961717;0.017708307192212835;-0.26188533810474013;-0.25290623244196553;0.05698889472558566;-0.35519535025519744;-0.35727741556360115;-0.005838433328975157
2022-08-06 10:34:09.460;-0.09502925412882768;-964.8701935919162;-1.1100465715017214;-0.2546392412094747;-0.2540173990600785;0.008362608087869816;-0.2608060588111343;-0.2518268723289552;0.05696743655327463;-0.3541156083638235;-0.3561190824225946;-0.005405192332322173
2022-08-06 10:34:09.480;-0.09837247922775205;-964.29541890986;-1.1093853150244877;-0.2589881605882738;-0.25523981083503955;0.02643637158382628;-0.26515482379416966;-0.25646724229076057;0.05537573932755979;-0.3543318319688602;-0.35633816814089414;-0.0054179314410509605
2022-08-06 10:34:09.500;-0.1027244600425321;-963.7206459727386;-1.108724060554735;-0.2633370730640081;-0.25645338925321326;0.04456211871770943;-0.269503581874595;-0.26110753043464996;0.05378443075386752;-0.3545480548467559;-0.35655725311528386;-0.005430670484163791
2022-08-06 10:34:09.520;-0.10806903689741176;-963.1458747718061;-1.1080628080824022;-0.2676859786366208;-0.2576581130933029;0.0627399795111021;-0.27385233305246715;-0.2657477367779606;0.0521935107477427;-0.35476427699762425;-0.3567763373457069;-0.005443409461704185
2022-08-06 10:34:09.540;-0.11433069702452847;-962.5701901465145;-1.1074005047499795;-0.2745114746829813;-0.2615126729312216;0.07997038598082451;-0.2806759066789013;-0.2730517186985466;0.049564099107326065;-0.352290793290873;-0.35415295909882616;-0.004624223034155328
2022-08-06 10:34:09.560;-0.12137320717251221;-961.9926798513116;-1.1067361010535501;-0.2813367810961722;-0.26535929729275054;0.0972467720081518;-0.2874992907525993;-0.28035529491526034;0.04693581869627561;-0.3498172929888561;-0.35152953998743897;-0.003804910049675314
2022-08-06 10:34:09.580;-0.12899190029896535;-961.4146032359786;-1.106071045827285;-0.26391667102461724;-0.24726424237147526;0.10078985091379788;-0.28247750690140805;-0.2749981790102751;0.048766024658328355;-0.34892759633452997;-0.3505785960061303;-0.0034681183381959357
2022-08-06 10:34:09.600;-0.1369942814889934;-960.8372171953306;-1.1054067850810099;-0.24649644699718465;-0.22916865640596384;0.10433492634103647;-0.27745568533665477;-0.26964092609434687;0.050596745066391335;-0.3480378873712162;-0.34962763507013506;-0.0031313019775742745
2022-08-06 10:34:09.620;-0.1451414301230226;-960.2605226423257;-1.1047433198650476;-0.229076109011487;-0.21107253916389723;0.10788199929401365;-0.27243382605760047;-0.2642835361409297;0.05242798004825211;-0.3471481660987443;-0.34867665717877117;-0.0027944609658785424
2022-08-06 10:34:09.640;-0.15320510000510157;-959.6841590159966;-1.104080235367678;-0.21273115967937883;-0.19412414119753763;0.11103358459821333;-0.2684864798172484;-0.2600757113671861;0.05384857115300612;-0.34733349758226595;-0.3488644429173746;-0.002805384209806583
2022-08-06 10:34:09.660;-0.16095532882636743;-959.1077859103461;-1.1034171399647086;-0.1963862309861497;-0.17717543125448643;0.1141867480319041;-0.2645391383361684;-0.25586783390328804;0.055269458577718034;-0.3475188285315731;-0.34905222810925807;-0.0028163074055482795
2022-08-06 10:34:09.680;-0.16820600523710638;-958.5316391901652;-1.1027543050096376;-0.2060377619254723;-0.18403415363789932;0.13044658272147647;-0.26127694553698433;-0.25234598396641417;0.05669916495463578;-0.3502830191147801;-0.35198398597106006;-0.0037320644092604383
2022-08-06 10:34:09.700;-0.1747705480335323;-957.9559617677514;-1.1020920099638527;-0.2156893342072408;-0.19088600263839695;0.14674781984917207;-0.2580147334259877;-0.2488240535098143;0.058129195387728316;-0.35304721869129807;-0.3549157243140826;-0.004647673181846557
2022-08-06 10:34:09.720;-0.18053170319489353;-957.3807539973423;-1.101430255234891;-0.22534094783208047;-0.19773096365642928;0.16309055153573215;-0.2547525020030079;-0.24530204251995968;0.05955954994520951;-0.35581142726129755;-0.3578474431427594;-0.005563133743885729
2022-08-06 10:34:09.740;-0.1854275110384367;-956.8057851287085;-1.1007687753533628;-0.235811526977443;-0.20543768798220086;0.17920486278441317;-0.2523085616676539;-0.2426490921736999;0.060714018983233586;-0.35595042456776227;-0.3579882802575298;-0.005571322652571098
2022-08-06 10:34:09.760;-0.18942659281299057;-956.2308139894376;-1.1001072928595528;-0.22355274686395887;-0.19244088209703492;0.18320870706895231;-0.254513808542832;-0.24497598063933168;0.06005804374682988;-0.3560894215738095;-0.3581291170649479;-0.0055795115341723545
2022-08-06 10:34:09.780;-0.19260295427342922;-955.6545881637066;-1.0994443668965461;-0.21481407002471542;-0.18321811770923446;0.18582086644603457;-0.26023615500437103;-0.2510795512991635;0.05797800658380492;-0.3597469522368293;-0.36200824767303175;-0.006790590503544358
2022-08-06 10:34:09.800;-0.19504855144912991;-955.0758707767745;-1.0987785744868532;-0.2060754984628943;-0.17399524733574268;0.18843409959150925;-0.26595824129494616;-0.25718271844518625;0.05589871628749066;-0.36340427487629867;-0.36588710681058956;-0.008001336003106374
2022-08-06 10:34:09.820;-0.19689794086637158;-954.4946723531975;-1.0981099277385769;-0.19733703217264065;-0.16477227088953228;0.19104840689647506;-0.2716800674399664;-0.2632854821579471;0.053820172582107695;-0.3670613895133066;-0.369765694519117;-0.009211748135960818
2022-08-06 10:34:09.840;-0.19830486245783507;-953.912932447427;-1.0974406580355691;-0.18289530050350322;-0.1494428570198103;0.1958690170332975;-0.2717039611028653;-0.26328001615930674;0.05398981182832596;-0.35985257993251807;-0.3621180806416646;-0.006812951316012672
2022-08-06 10:34:09.860;-0.19947911513408445;-953.3326035340651;-1.0967730116258252;-0.20151341345552964;-0.16699687117219142;0.20236389224106777;-0.2675953084666034;-0.2588785529161086;0.05559338405420533;-0.3526436324771076;-0.35447012094789443;-0.0044130695701403155
2022-08-06 10:34:09.880;-0.20055862895076665;-952.7529920206653;-1.0961061905575349;-0.22211417010942114;-0.18667800047959204;0.20806779430752265;-0.26546730896259163;-0.25660548245965487;0.05638597091463993;-0.3525818604768993;-0.3544075313653252;-0.0044094308891606815
2022-08-06 10:34:09.900;-0.2016813865558389;-952.1734068945734;-1.095439399846842;-0.2427149355253846;-0.20635844461330421;0.21377656735649797;-0.2633393085170823;-0.2543323925397303;0.05717865405441991;-0.3525200884173465;-0.3543449417219904;-0.004405792202846648
2022-08-06 10:34:09.920;-0.20293857706167073;-951.5938412463365;-1.0947726315446824;-0.2633157097035337;-0.22603820318207468;0.21949021483206543;-0.2612113071301323;-0.25205928315411796;0.057971433483941404;-0.35245831629844915;-0.35428235201788993;-0.004402153511157358
2022-08-06 10:34:09.940;-0.2043787790293421;-951.014622255585;-1.0941062620588151;-0.28300969202513215;-0.24474303699233602;0.22557880189271184;-0.25817705444583083;-0.24881155882305706;0.05913964708101194;-0.3514899053436089;-0.35325524603928216;-0.004081381591011457
2022-08-06 10:34:09.960;-0.205928158118316;-950.4360528527686;-1.0934406398992362;-0.2510470369530253;-0.214022610876075;0.21778788294714246;-0.26495755796397447;-0.2560633285626963;0.0565623012591292;-0.35052147980490744;-0.35222812102648504;-0.0037605862813716584
2022-08-06 10:34:09.980;-0.20755340057843658;-949.8581400112816;-1.092775773088571;-0.21896209452069115;-0.18317179686167506;0.21004298359183338;-0.27161614016866764;-0.2631859855865386;0.054023805243724965;-0.3494310222754926;-0.3510730264225117;-0.003407757607175377
2022-08-06 10:34:10.000;-0.20909725959670566;-949.2809154396018;-1.0921116981062207;-0.18687690000155044;-0.15231954312085705;0.2023067494846904;-0.2782747622878432;-0.2703084958835902;0.05148628131630151;-0.34834054625468625;-0.34991790788944854;-0.003054900405308203
2022-08-06 10:34:10.020;-0.21033967190993458;-948.704380111325;-1.0914484160722708;-0.15479145338912303;-0.12146585037593027;0.19457917321331042;-0.2849334243223538;-0.27743085951956203;0.04894972915364271;-0.34725005174180623;-0.34876276542649975;-0.0027020146731553396
2022-08-06 10:34:10.040;-0.21106992000915492;-948.1282002885491;-1.0907855430339195;-0.17338809761730545;-0.14292764190017593;0.1784629471091046;-0.2787345429129786;-0.2708000575490459;0.05131250442123925;-0.34725005174180623;-0.34876276542649975;-0.0027020146731553396
2022-08-06 10:34:10.060;-0.21092445876158594;-947.5520417424923;-1.0901226944736269;-0.19198474184543102;-0.1643821562225618;0.16238704263455173;-0.2725356615036034;-0.26416909146976053;0.05367613501796509;-0.34725005174180623;-0.34876276542649975;-0.0027020146731553396
2022-08-06 10:34:10.080;-0.20958544012183067;-946.9760879563764;-1.089460081481882;-0.209947834966556;-0.1851567917906074;0.1465636622341151;-0.2657037896999199;-0.25686484995255654;0.05625891549032325;-0.3466167629035759;-0.34809547230611315;-0.002517426644918608
2022-08-06 10:34:10.100;-0.2067473411995664;-946.4005225181681;-1.0887979152696794;-0.2279110032425251;-0.20592447422948013;0.13077926310597032;-0.2588718845309117;-0.24956037683059407;0.05884272865020268;-0.3459834678286562;-0.3474281713918117;-0.0023328305126026905
2022-08-06 10:34:10.120;-0.20213351246558792;-945.8253456311431;-1.0881361960708797;-0.24587424667441837;-0.22668521878265224;0.11503376103536578;-0.25203994599629453;-0.2422556720292377;0.06142757486894457;-0.3453501665168197;-0.34676086268336803;-0.0021482262757990256
2022-08-06 10:34:10.140;-0.19550482307903033;-945.2503535941141;-1.0874746895349916;-0.23958262758213777;-0.22162064277793903;0.10784888079463695;-0.25814624125560925;-0.24881787774543085;0.05892509408561608;-0.34525749798353544;-0.3466669667180895;-0.0021427631908075284
2022-08-06 10:34:10.160;-0.18674959211366782;-944.6753631665852;-1.086813184850772;-0.23329100438621708;-0.21655473898264077;0.10067203252297574;-0.2642525403516274;-0.25537990328492555;0.05642358033676853;-0.345164829316726;-0.3465730706163299;-0.0021373000937767728
2022-08-06 10:34:10.180;-0.17581205569648461;-944.0996118760158;-1.0861508048224753;-0.22931715530177144;-0.21396016464152368;0.09265736676614011;-0.2726746693239974;-0.26441806613384955;0.05304538766324285;-0.34738912808245104;-0.3489322276769826;-0.0028742962558157004
2022-08-06 10:34:10.200;-0.16274169787799664;-943.5223460797934;-1.085486682412852;-0.22534332454881678;-0.21136386648331396;0.0846530736431843;-0.2810966261097505;-0.2734557089279619;0.049669021723679485;-0.3496133499150993;-0.3512912843236222;-0.0036111690080957715
2022-08-06 10:34:10.220;-0.14769072998911875;-942.9435697123627;-1.0848208221483318;-0.22136951212672784;-0.2087658464757034;0.07665914091231496;-0.2895184107183226;-0.28249283186018914;0.04629448158918237;-0.3518374948191614;-0.3536502405648889;-0.004347918373732718
2022-08-06 10:34:10.240;-0.13089520060330617;-942.3668330422151;-1.0841573084781941;-0.20772044298178116;-0.19245775005007104;0.09169215656993668;-0.2758772129874032;-0.26789883716784146;0.051507391052762586;-0.3433575598796743;-0.3446671931355354;-0.0016015257523287474
2022-08-06 10:34:10.260;-0.11271576097071812;-941.7957121768195;-1.0835002555784818;-0.19406995225193668;-0.17614152721907672;0.10676275405104185;-0.26223459470977417;-0.2533025234159467;0.056725010596567316;-0.3348765065810504;-0.3356826979476182;0.0011465951602085411
2022-08-06 10:34:10.280;-0.09358283377879084;-941.227409293766;-1.0828464446606012;-0.18874945514187402;-0.16872174369686732;0.11873702966895383;-0.25691424098757665;-0.24761937066320883;0.058707098782251776;-0.3347220337925556;-0.33552617687371367;0.0011557125852315053
2022-08-06 10:34:10.300;-0.07396133996668697;-940.6590987703166;-1.0821926249527347;-0.18342895214573218;-0.16129801389277887;0.1307338224554382;-0.2515938813795273;-0.24193609621121226;0.06068978896273336;-0.3345675606330438;-0.3353696554200951;0.0011648300438160675
2022-08-06 10:34:10.320;-0.05438136075791411;-940.0907880772938;-1.0815388050497805;-0.19153994877274272;-0.16915438837716934;0.1323587075888133;-0.25763863593211767;-0.24833682517103028;0.05876180327216218;-0.3344130871023445;-0.33521313358681937;0.0011739475359631157
2022-08-06 10:34:10.340;-0.03534736391688775;-939.5215897222588;-1.0808839639253398;-0.20241126162153478;-0.1799543806631938;0.13298335001139172;-0.2664411827181752;-0.25768398935340286;0.05580292195990744;-0.33701779798837705;-0.3379758642200841;0.00031040240539237374
2022-08-06 10:34:10.360;-0.017352853448514782;-938.9506115846816;-1.0802270752285705;-0.2132823201488918;-0.19075413565454724;0.13360793712964192;-0.2752435124752637;-0.2670306755176952;0.05284537724380467;-0.3396224033802433;-0.3407384571425496;-0.000552973407958568
2022-08-06 10:34:10.380;-0.0008603171455761061;-938.378685984957;-1.0795690965125269;-0.22164971437752;-0.19887965064876667;0.135164805191061;-0.2815444667009146;-0.27370033354227274;0.050848957482797275;-0.33972436886613977;-0.34084953556850905;-0.0006036044423947118
2022-08-06 10:34:10.400;0.013732142699245053;-937.8066628648448;-1.0789110056029754;-0.23001710262002462;-0.20700511497799212;0.13672202507371356;-0.2878454163965998;-0.2803698789379254;0.048853081404218734;-0.33982633419060093;-0.34096061373787734;-0.0006542349641849299
2022-08-06 10:34:10.420;0.02613480952177827;-937.2345288267461;-1.078252787086486;-0.2259864083802654;-0.20171831155213127;0.14387111390864948;-0.2817482850662927;-0.27397501254213097;0.050444822322605276;-0.33992829935334257;-0.34107169165054074;-0.0007048649732936951
2022-08-06 10:34:10.440;0.036112471848486316;-936.662333373919;-1.07759449791468;-0.22185371621492322;-0.19631763440870387;0.1510864310549742;-0.27554924681819415;-0.2674674448919845;0.052096624355045584;-0.33992829935334257;-0.34107169165054074;-0.0007048649732936951
2022-08-06 10:34:10.460;0.04355387522931986;-936.0901326013045;-1.0769362026226608;-0.21772102404946736;-0.19091552718456128;0.1583098755416703;-0.26935020857015246;-0.26095981841043425;0.05374869996185527;-0.33992829935334257;-0.34107169165054074;-0.0007048649732936951
2022-08-06 10:34:10.480;0.04845283717792015;-935.5172334009767;-1.0762771038160406;-0.21564984382860075;-0.1877158189376793;0.16476330554871943;-0.26521090184106555;-0.2566575224358516;0.05460369558361666;-0.3419890314420364;-0.3432559356353977;-0.0013794274048342103
2022-08-06 10:34:10.500;0.050913376803792376;-934.9429443341287;-1.07561640602069;-0.21357865640521823;-0.18451500731552883;0.17122303421104057;-0.26107161739476936;-0.25235524770791784;0.05545867460958931;-0.34404969749715164;-0.3454400938173876;-0.0020538860328578323
2022-08-06 10:34:10.520;0.051122266733263144;-934.3672735883956;-1.0749541186561733;-0.22183897148693177;-0.19111694951206815;0.18093102383471038;-0.26933016687834055;-0.2611174577325741;0.05272460309229832;-0.34611029752243994;-0.34762416620418435;-0.0027282408753910303
2022-08-06 10:34:10.540;0.049373842951553226;-933.7909175242748;-1.0742910428588375;-0.22808422719066357;-0.1955592574683216;0.19143171069495235;-0.2755753828817191;-0.2677213044265372;0.050785127019633336;-0.34615663119125983;-0.3476711134563857;-0.0027309717640511266
2022-08-06 10:34:10.560;0.046010714134151476;-933.2145659816815;-1.0736279722633475;-0.23432948087611294;-0.1999987292341281;0.20194938230959902;-0.28182059686681527;-0.27432504762307275;0.048846159311803916;-0.34620296482671264;-0.34771806067448097;-0.0027337026496869754
2022-08-06 10:34:10.580;0.04142203193111205;-932.6387583907126;-1.0729655274635759;-0.23893997356037744;-0.20268799597156217;0.21309952545116406;-0.2864324501425344;-0.2791811847337371;0.04753223437190712;-0.34461504121736297;-0.3459337279966803;-0.001631954360038712
2022-08-06 10:34:10.600;0.03600982836284916;-932.0640351933325;-1.0723043302175097;-0.24355049505203397;-0.20537402290202422;0.22426908593842665;-0.29104433225918314;-0.28403730983770714;0.046218506900585155;-0.34302707839685453;-0.3441493217192715;-0.0005300187412276003
2022-08-06 10:34:10.620;0.030202887344465634;-931.4903849257898;-1.071644367336538;-0.21871576739403054;-0.18070536763091027;0.22281580653516198;-0.2791255608554124;-0.27128539664206386;0.05077700288899134;-0.3414390763637094;-0.34236484183475113;0.000572104238237614
2022-08-06 10:34:10.640;0.024324791074619823;-930.9180422741265;-1.0709859088180527;-0.19328107227727287;-0.15538681077399374;0.22163814274179128;-0.26660753085720756;-0.25788295819935314;0.05561836059287639;-0.33925162950896137;-0.3400380899473703;0.001335258919850979
2022-08-06 10:34:10.660;0.01867664583057327;-930.3472771621964;-1.070329265199213;-0.1678459512856989;-0.13006788100338795;0.22046037531679996;-0.25408927029595674;-0.24447958511407109;0.06046339750364638;-0.33706410824708755;-0.3377112390148227;0.002098543571447564
2022-08-06 10:34:10.680;0.013485047196557631;-929.777287292316;-1.0696735134669555;-0.1445993277794173;-0.1070994586158669;0.2183943939914812;-0.24375743762654878;-0.23342643608778957;0.06440890410907851;-0.33706410824708755;-0.3377112390148227;0.002098543571447564
2022-08-06 10:34:10.700;0.008853438686006743;-929.2072853685168;-1.0690177478671214;-0.14046659471165412;-0.1054887986940436;0.20380006799679595;-0.24169107109261034;-0.23121575148265805;0.06519829102382957;-0.33706410824708755;-0.3377112390148227;0.002098543571447564
2022-08-06 10:34:10.720;0.004829366546869329;-928.6372818622549;-1.0683619804467241;-0.13633386164389094;-0.1038726050653942;0.18923842042959738;-0.23962470455872875;-0.22900504860623272;0.06598777316021298;-0.33706410824708755;-0.3377112390148227;0.002098543571447564
2022-08-06 10:34:10.740;0.0013264137138737642;-928.0666905893813;-1.0677055368231274;-0.1340978677600333;-0.10427015570886411;0.174042095342136;-0.23945307410192385;-0.22881451060933244;0.06609320689633957;-0.33895961579105105;-0.33986324051016936;0.000656739141446927
2022-08-06 10:34:10.760;-0.0018403159729397656;-927.4949265728428;-1.0670477440024124;-0.13186187210749267;-0.10466155380303022;0.1588818501048639;-0.2392814148668876;-0.2286239413701523;0.06619865413742332;-0.34085506746532346;-0.3420151340512234;-0.0007847815995054575
2022-08-06 10:34:10.780;-0.004950107010149696;-926.922576197765;-1.0663892765984315;-0.12785284347017978;-0.10315378745949388;0.14441290636363124;-0.23733859334944185;-0.22653869592706855;0.06697962058906448;-0.34097863393975203;-0.3421403379469439;-0.0007920697573489122
2022-08-06 10:34:10.800;-0.008396814456740564;-926.3502392115552;-1.0657308245978359;-0.1507062082332027;-0.13122720560520307;0.11483251338622757;-0.2374621110598909;-0.2266889152566236;0.06682830803461393;-0.34110220017674564;-0.34226554159971556;-0.0007993578937606216
2022-08-06 10:34:10.820;-0.012562882221807292;-925.7779301695773;-1.0650724047460194;-0.1735595533479568;-0.15927631192053937;0.0853889457837651;-0.23758562853296183;-0.22683913425807845;0.0666769959150697;-0.3412257661763043;-0.34239074500948163;-0.0008066460087210459
2022-08-06 10:34:10.840;-0.017890505288906178;-925.2062848498244;-1.0644147484814555;-0.1944300465668789;-0.18518912583991565;0.05678667494061873;-0.23572796927751227;-0.2248730628683333;0.06726375021471487;-0.33936737710007137;-0.3404196397765986;-0.0001906669298330499
2022-08-06 10:34:10.860;-0.02482518971108988;-924.6359403986498;-1.0637585888168641;-0.2153007779892846;-0.2110794034296397;0.028312939759099542;-0.23387025633788738;-0.22290692488169128;0.06785057095876734;-0.33750893431863105;-0.33844846443889764;0.00042539833816590544
2022-08-06 10:34:10.880;-0.03379054375821511;-924.0662731295815;-1.0631032082246086;-0.23803694814665732;-0.23893569010536808;-0.0007060030203458467;-0.23387642537428377;-0.22293484935655528;0.06772536662198281;-0.3375151057786603;-0.33835189204825156;0.0010161054802777514
2022-08-06 10:34:10.900;-0.045113028663754384;-923.4966659026904;-1.0624478967086013;-0.2406260754556797;-0.24135953067477445;0.00029479242730978683;-0.23388259441011172;-0.22303090394878922;0.06720767503777303;-0.33752127723806424;-0.3382553189902069;0.0016068171754568539
2022-08-06 10:34:10.920;-0.05908427497599511;-922.9270994591279;-1.0617926321122668;-0.24321520265397112;-0.24378334707475702;0.0012957461887932453;-0.23388876344525755;-0.22312695922155257;0.0666899800399543;-0.33752744869689977;-0.3381587452645931;0.0021975334236756794
2022-08-06 10:34:10.940;-0.07586766321774302;-922.3575549962043;-1.0611373928038241;-0.2460299155927146;-0.24643902241277615;0.0022649705573742906;-0.23412037138793806;-0.22345509823153265;0.06613859200117567;-0.337759147631683;-0.33839351688118313;0.0021838563217544404
2022-08-06 10:34:10.960;-0.09549664034840494;-921.7880137101092;-1.0604821571502023;-0.24884462356033055;-0.24909467089614523;0.0032343414574382834;-0.2343519784961572;-0.22378323585868287;0.06558720682633101;-0.337990845731607;-0.33862828764341657;0.0021701792953408017
2022-08-06 10:34:10.980;-0.11785330441544001;-921.2183664633412;-1.0598267995928439;-0.23674007100197514;-0.23560785476300694;0.010953985671806166;-0.23464538423834114;-0.2241224454478683;0.06532930647861424;-0.3382843667444;-0.3389396206711126;0.0020728392283348995
2022-08-06 10:34:11.000;-0.14272208281558152;-920.6485041487977;-1.059171194608165;-0.22463554225333837;-0.22211930976331828;0.018683187018730507;-0.2349387886412373;-0.22446165219994185;0.0650714143407729;-0.3385778864175073;-0.3392509519499072;0.001975501312318606
2022-08-06 10:34:11.020;-0.16974495897071196;-920.0784268271746;-1.0585153422659934;-0.2125310373144771;-0.2086290339605945;0.02642195589497831;-0.2352321917050162;-0.22480085611541512;0.06481353041250504;-0.3388714047509289;-0.3395622814798003;0.0018781655472226433
2022-08-06 10:34:11.040;-0.19845722215560113;-919.5083978726107;-1.0578595455682898;-0.19989179013771263;-0.19455339907299063;0.034441041278294726;-0.23499126249597424;-0.2245544606490384;0.06484012041174658;-0.32829860413658807;-0.328336703489299;0.005448565805778571
2022-08-06 10:34:11.060;-0.2283122590826041;-918.9386807283954;-1.0572041075965688;-0.18725252140563953;-0.1804758473240078;0.04247045741629485;-0.23475033238420195;-0.22430806491492916;0.06486670669057126;-0.3177257854092055;-0.31711066528890797;0.009021271420570187
2022-08-06 10:34:11.080;-0.2587206652196798;-918.3691171035243;-1.0565488462430321;-0.1831198072631537;-0.17550679655235868;0.04720159472930163;-0.23681668945530276;-0.22639487129847424;0.06479092882651916;-0.3177257854092055;-0.31711066528890797;0.009021271420570187
2022-08-06 10:34:11.100;-0.2890561009513987;-917.799548607225;-1.055893579285102;-0.1789870931207247;-0.1705371107102316;0.05193629493505103;-0.2388830465265741;-0.2284816947638646;0.06471505148395895;-0.3177257854092055;-0.31711066528890797;0.009021271420570187
2022-08-06 10:34:11.120;-0.3187138322489805;-917.2299752389154;-1.0552383067221087;-0.17485437897835254;-0.16556678937925895;0.05667456038951357;-0.2409494035977886;-0.23056853530638222;0.06463907468830765;-0.3177257854092055;-0.31711066528890797;0.009021271420570187
2022-08-06 10:34:11.140;-0.3471412622070229;-916.6611272066584;-1.0545838686307405;-0.16890391676287209;-0.1586360344836386;0.06219819512148117;-0.24119972496836084;-0.23069103894808762;0.06538051957938684;-0.3159088546047961;-0.3151679203920139;0.009713149998057169
2022-08-06 10:34:11.160;-0.3738579740295548;-916.0937569972957;-1.0539311307185757;-0.16295335130399735;-0.1517042787756715;0.06772682490727622;-0.2414500209800039;-0.23081351462612787;0.06612198133643155;-0.3140918724708932;-0.3132251046352508;0.010405132215733026
2022-08-06 10:34:11.180;-0.3984782874919288;-915.5271224502285;-1.0532792391579866;-0.163107906735263;-0.14962014147014102;0.08060845968819663;-0.24160442750868327;-0.23118702348730125;0.06486287837969851;-0.3211342959204977;-0.3206881313537906;0.00810881636325611
2022-08-06 10:34:11.200;-0.4207249707484528;-914.960486248623;-1.0526273456939144;-0.1632624617953411;-0.14753151544394782;0.09351625956859344;-0.2417588336664025;-0.23156053167772228;0.06360377895005964;-0.3281767116457637;-0.32815096756047524;0.005813449806320037
2022-08-06 10:34:11.220;-0.4404409326018795;-914.3938483881284;-1.0519754503213528;-0.163417016484118;-0.14543839299975403;0.10645027087441505;-0.2419132394532184;-0.23193403919773203;0.06234468304658414;-0.33521911964669115;-0.33561361332527895;0.0035190321982385697
2022-08-06 10:34:11.240;-0.45758201361199835;-913.8281559633106;-1.051324642636688;-0.1606763524437156;-0.1402533157697441;0.12045957505133487;-0.23917521583850743;-0.22921658076207763;0.062170543622469765;-0.3324799225094317;-0.3327081328475856;0.004427735237204189
2022-08-06 10:34:11.260;-0.47222440911055386;-913.2643616456553;-1.050676018652341;-0.16206840931573652;-0.13993911886624133;0.13030355218110934;-0.23643707559684657;-0.2261831832721768;0.0638158100676911;-0.32974060869520017;-0.3298025000335656;0.005336625686096497
2022-08-06 10:34:11.280;-0.48452822980038623;-912.7018989818098;-1.0500289266852079;-0.16523662430796549;-0.14151520183046173;0.13952626104659682;-0.23547335476890652;-0.2250443859596416;0.0648048007490285;-0.3287764748146138;-0.32877395737830284;0.005690263281661778
2022-08-06 10:34:11.300;-0.49472660388718553;-912.1401964516481;-1.049382709223055;-0.16840485237594294;-0.14308903143674812;0.14876238154798127;-0.2345096194933589;-0.2239055534375538;0.06579390609694524;-0.3278123264801671;-0.32774539508818634;0.006043928302328361
2022-08-06 10:34:11.320;-0.5031053454007458;-911.5792550731785;-1.0487373674370624;-0.17157309352012362;-0.14466060488249255;0.15801193098396382;-0.23354586976969216;-0.2227666857034123;0.06678312612423198;-0.32684816369140535;-0.3267168131623066;0.006397620750457911
2022-08-06 10:34:11.340;-0.5099767979235037;-911.01869586268;-1.0480924653208294;-0.1757523415390665;-0.14731576471720942;0.16686427248166158;-0.23359219746392768;-0.22271462307312362;0.06735087947827179;-0.31656231550209313;-0.3158038727317489;0.00982504567651965
2022-08-06 10:34:11.360;-0.5156371171013364;-910.4581331908921;-1.0474475592225143;-0.16753295529872503;-0.13725077513973716;0.17732082533936921;-0.23157208630768622;-0.22055085050921974;0.06813738065472119;-0.3062764705886103;-0.30489052955056195;0.013254584184592133
2022-08-06 10:34:11.380;-0.5203954172917421;-909.8973579409867;-1.0468024085611354;-0.1598299131056251;-0.12773784873425953;0.18758174943397155;-0.23006783448916934;-0.2189425092625683;0.06870640552804108;-0.3068389306649202;-0.3054871931484513;0.013067684478486719
2022-08-06 10:34:11.400;-0.5245026374208193;-909.336187316112;-1.0461568030358466;-0.15212689811812652;-0.1182220618032126;0.1978589533355084;-0.22856358578572866;-0.2173341618232243;0.0692754788105372;-0.30740138582234167;-0.3060838503217269;0.012880792684853759
2022-08-06 10:34:11.420;-0.5281515468809883;-908.7746148907827;-1.04551073525437;-0.14442391033594504;-0.10870341038318898;0.20815245955885509;-0.22705934019759155;-0.2157258081906761;0.06984460050568231;-0.30796383606104527;-0.30668050107072986;0.012693908803302456
2022-08-06 10:34:11.440;-0.5314756106950667;-908.2128367368496;-1.0448644307899357;-0.13615820325770756;-0.09857947992546556;0.2186792549832708;-0.2249929134280464;-0.21351493715146574;0.07063463732703834;-0.30796383606104527;-0.30668050107072986;0.012693908803302456
2022-08-06 10:34:11.460;-0.5345450772748902;-907.6510516177441;-1.0442181183123347;-0.1320253497185604;-0.09429239001415013;0.21948402181136473;-0.2249929134280464;-0.21349014354202467;0.07077746609883917;-0.30796383606104527;-0.30668050107072986;0.012693908803302456
2022-08-06 10:34:11.480;-0.537346681187262;-907.0897546526176;-1.0435723674373765;-0.12647938387164004;-0.08849253544147828;0.2208338596619699;-0.22358125316545596;-0.211952416471739;0.07147495739310994;-0.30655152036132094;-0.3051823054092324;0.013163187185877057
2022-08-06 10:34:11.500;-0.5398132688008715;-906.5294390177078;-1.0429277455456223;-0.1209333466583189;-0.08269254989167862;0.2221839909822405;-0.22216956190353443;-0.21041464227291584;0.07217253513127186;-0.3051391736478841;-0.3036840692407736;0.013632515458236405
2022-08-06 10:34:11.520;-0.5418218605488191;-905.9701064741166;-1.0422842546631532;-0.11538723807620954;-0.07689243334946028;0.22353441583195455;-0.2207578396409744;-0.20887682094203086;0.07287019932494765;-0.3037267959194274;-0.3021857925627387;0.0141018936263837
2022-08-06 10:34:11.540;-0.5432113572238022;-905.4108227321485;-1.0416408199251008;-0.11251603192948778;-0.07395586979655278;0.22385296433804136;-0.22201819710530657;-0.21020281919063422;0.07251773291614416;-0.3049877385706701;-0.3035234244462117;0.013682840269656715
2022-08-06 10:34:11.560;-0.5438281955595651;-904.8506704226093;-1.0409963859329925;-0.13960820278424535;-0.10649968821607914;0.1930276602217118;-0.22586157862988188;-0.2143792089084613;0.07067763159570539;-0.3062486565011646;-0.3048610240411449;0.013263826683072466
2022-08-06 10:34:11.580;-0.5434340808130864;-904.2901076579947;-1.0403514797278837;-0.1653768628683565;-0.1376047501349582;0.1628353602345518;-0.22838285604770903;-0.21714204307217955;0.06933740960359103;-0.3061868553652367;-0.30479840103129163;0.013267485300390014
2022-08-06 10:34:11.600;-0.5418442821926295;-903.7295747361713;-1.0397066078557746;-0.19114553392432754;-0.16868463178193238;0.13278444886227359;-0.23090413450935188;-0.2199048282760927;0.06799745590286488;-0.30612505417007796;-0.3047357779607296;0.013271143923069495
2022-08-06 10:34:11.620;-0.5389005504151314;-903.169071634511;-1.0390617702906324;-0.21691421595210159;-0.1997394363850482;0.10287434419678476;-0.23342541401469674;-0.2226675645292957;0.06665777044614174;-0.306063252915461;-0.3046731548295156;0.013274802551155318
2022-08-06 10:34:11.640;-0.5344356063500401;-902.6083246286216;-1.038416652122923;-0.19280787860043347;-0.17726434307715877;0.0930162294325445;-0.23618221914980353;-0.22556865628288136;0.06588264079537698;-0.30675396785226994;-0.30540587253688045;0.013045285204711377
2022-08-06 10:34:11.660;-0.5284605850867596;-902.0470802471027;-1.0377709617434117;-0.16870165218534794;-0.15478704754130845;0.08317325908085671;-0.23893900700763737;-0.22846971551316386;0.06510758504459346;-0.3074446753712401;-0.3061385805560235;0.01281577979053683
2022-08-06 10:34:11.680;-0.5209921840755479;-901.4865401023053;-1.0371260815615446;-0.14110001804164085;-0.12857348173239203;0.07464948286150097;-0.23820385095475416;-0.2276302805439272;0.06569337343306003;-0.3046416278791604;-0.3031665425570509;0.013738783875656857
2022-08-06 10:34:11.700;-0.5121391003737933;-900.9279157571655;-1.03648340543454;-0.1134977813403566;-0.10235778365310821;0.06613626254648164;-0.23746861282423737;-0.22679074953892808;0.06627923826817828;-0.30183845821852273;-0.3001943455229821;0.014661981570187166
2022-08-06 10:34:11.720;-0.5020851522056987;-900.3712141556971;-1.0358429413512222;-0.08589494204085213;-0.07613995432550169;0.05763358856772882;-0.23673329260937948;-0.22595112248861682;0.06686517956472127;-0.2990351663800048;-0.2972219894355703;0.015585372919779239
2022-08-06 10:34:11.740;-0.4911374679985081;-899.8154824765588;-1.0352035931267676;-0.10036037566993627;-0.09037481912892886;0.059240870815720825;-0.22846733053560087;-0.2171323160651113;0.06988180176446335;-0.2990351663800048;-0.2972219894355703;0.015585372919779239
2022-08-06 10:34:11.760;-0.47958048545188225;-899.2597644086272;-1.03456426056149;-0.11482580929913411;-0.10460964834314623;0.06084852346455616;-0.2202013684617654;-0.20831324520170114;0.07289979301195793;-0.2990351663800048;-0.2972219894355703;0.015585372919779239
2022-08-06 10:34:11.780;-0.4678002721320199;-898.7040598999229;-1.033924943595589;-0.1292603225736002;-0.11881305750151583;0.06245861444408707;-0.21190451626218731;-0.19946253482302012;0.07592131735174235;-0.29900426235326094;-0.2971906741108228;0.015587203959174012
2022-08-06 10:34:11.800;-0.45622185928682774;-898.1483688984663;-1.0332856421692647;-0.14369483892221524;-0.13301643392665952;0.06406907713252163;-0.2036076622825007;-0.19061155747927927;0.07894421407009045;-0.29897335831173777;-0.2971593587709549;0.015589034999916151
2022-08-06 10:34:11.820;-0.4452882049257539;-897.5926914045631;-1.0326463562828683;-0.15812935834514974;-0.1472197776185773;0.06567991158816522;-0.19531080652276245;-0.18176031306077078;0.08196848370576237;-0.2989424542553216;-0.29712804341579613;0.015590866042006546
2022-08-06 10:34:11.840;-0.4354163542873541;-897.0370185976426;-1.0320070757886677;-0.15559262072076763;-0.1427801084950353;0.07657724196481475;-0.20052337152176136;-0.18739743670024467;0.0796292004238408;-0.29898881033431834;-0.2971750164427931;0.015588119479381213
2022-08-06 10:34:11.860;-0.4270343065345238;-896.481341655417;-1.0313677905369554;-0.1530558838903744;-0.1383371869395411;0.08749333241656743;-0.20573593483262442;-0.1930343996815722;0.07729075942530894;-0.2990351663800048;-0.2972219894355703;0.015585372919779239
2022-08-06 10:34:11.880;-0.4204970938021789;-895.9257191603319;-1.0307285679246136;-0.15028723797820476;-0.13364559210706162;0.09850136698573486;-0.2107167955276381;-0.19842546788472504;0.07502927821332595;-0.29884971802487925;-0.2970252586312654;0.015647022657979903
2022-08-06 10:34:11.900;-0.4160810082300883;-895.3702295816402;-1.0300894982275426;-0.14751858822086206;-0.12895067813028405;0.10952850434737904;-0.21569766230859244;-0.2038163942078981;0.07276858178669698;-0.2986642691350845;-0.29682852712852537;0.0157086732566869
2022-08-06 10:34:11.920;-0.41396045334028364;-894.8148658316859;-1.0294505732916628;-0.14320006375049843;-0.12321859556093173;0.11757567107087752;-0.2175787934392801;-0.2057791091321164;0.07233692179166784;-0.2984788197106205;-0.2966317949274071;0.015770324715911777
2022-08-06 10:34:11.940;-0.4141978439019466;-894.2606882008913;-1.0288130129409006;-0.13596845259161228;-0.11436457165220659;0.12676689643363126;-0.2165496730715617;-0.2046175507679422;0.0730788823774775;-0.2902154317970336;-0.28786111868288344;0.01854346910133131
2022-08-06 10:34:11.960;-0.4167361022274938;-893.7087621076862;-1.0281780428987606;-0.12873660376720863;-0.10550788161518554;0.13597179643608293;-0.21552044786201208;-0.20345586579943387;0.07382096200977184;-0.28195178417552924;-0.2790899015038235;0.021318082293926288
2022-08-06 10:34:11.980;-0.42139195441036104;-893.1579614825969;-1.027544367665012;-0.12460352633320326;-0.09996818945856845;0.14398218769503845;-0.21758698657898634;-0.20561731544554362;0.07331631235134495;-0.28195178417552924;-0.2790899015038235;0.021318082293926288
2022-08-06 10:34:12.000;-0.42785412089548375;-892.6071556064198;-1.026910686390086;-0.12047044889925473;-0.09442673656971934;0.152002607026259;-0.21965352529601745;-0.20777876089950809;0.07281168013896977;-0.28195178417552924;-0.2790899015038235;0.021318082293926288
2022-08-06 10:34:12.020;-0.43571718088659195;-892.0563489366541;-1.0262770042021665;-0.12460352633320326;-0.09829353816914832;0.15361617514829717;-0.21965352529601745;-0.2078035641785263;0.0726687977230851;-0.28195178417552924;-0.2790899015038235;0.021318082293926288
2022-08-06 10:34:12.040;-0.44447444224415444;-891.503696766762;-1.0256411988363296;-0.134196491385012;-0.1079880752878104;0.15322154749638095;-0.22510791916763395;-0.2136610916169488;0.07045753991780401;-0.28740910025259936;-0.2848685093144354;0.019565675570214935
2022-08-06 10:34:12.060;-0.45355456969748953;-890.9473622889709;-1.025001157114882;-0.14378883737794013;-0.11768198926356277;0.15282690526124654;-0.23056185029073362;-0.21951797970805131;0.06824721638167652;-0.29286595333320165;-0.2906465199691297;0.017813971981845533
2022-08-06 10:34:12.080;-0.46235689727664336;-890.3891949027675;-1.0243590067018065;-0.14804542605395454;-0.12167421772918274;0.1544320396605423;-0.2306853964696174;-0.21966824704812637;0.06809579553375311;-0.2929895657023245;-0.290675278284823;0.01836128790915481
2022-08-06 10:34:12.100;-0.4702975619252075;-889.8310316505012;-1.0237168610446692;-0.15230201096198925;-0.1256663832992082;0.15603756648833667;-0.2308089424110662;-0.21981851405976016;0.0679443751216855;-0.29311317783384183;-0.2907040366596334;0.01890860319071752
2022-08-06 10:34:12.120;-0.47680465847439096;-889.2728646903779;-1.0230747111217826;-0.14209338507174607;-0.11332981815113286;0.16807831100897896;-0.2309324881150232;-0.21994399596521674;0.0679357351642711;-0.29323678972769684;-0.2907327950934473;0.01945591782653011
2022-08-06 10:34:12.140;-0.4814247988144923;-888.7108179314309;-1.0224280976374651;-0.14285972743459752;-0.11273907124050098;0.17590146539777418;-0.2420196372749146;-0.2318258429200668;0.06358311411052853;-0.30432987885603424;-0.3025010413120981;0.015766701822196083
2022-08-06 10:34:12.160;-0.48375605254839493;-888.1410953573723;-1.021772653418915;-0.14362494779919643;-0.11214575070787092;0.1837331126702466;-0.25310487448941643;-0.24370508735020024;0.059234136736840526;-0.3154210550147205;-0.31426678870082014;0.012080564639192382
2022-08-06 10:34:12.180;-0.4835115941821147;-887.5675514386894;-1.0211128128882738;-0.13329344899057105;-0.09967557004498317;0.19583254294747565;-0.25310487448941643;-0.24370508735020024;0.059234136736840526;-0.3154210550147205;-0.31426678870082014;0.012080564639192382
2022-08-06 10:34:12.200;-0.4805981858740328;-886.9940107270304;-1.020452976047192;-0.14982384708429208;-0.11864481375247138;0.18212931018241285;-0.25103857472773683;-0.2415440976659724;0.059737666446553206;-0.3154210550147205;-0.31426678870082014;0.012080564639192382
2022-08-06 10:34:12.220;-0.47497559987576216;-886.4204887339511;-1.0197931607411264;-0.16635424517806996;-0.1376087842070639;0.16845522794691625;-0.24897227496600038;-0.23938310379835315;0.060241213567736374;-0.3154210550147205;-0.31426678870082014;0.012080564639192382
2022-08-06 10:34:12.240;-0.46677283467843805;-885.846985454853;-1.0191333669647864;-0.18288464327184784;-0.15656749134715042;0.15481024161980983;-0.2469059752042071;-0.23722210574774039;0.06074477809628487;-0.3154210550147205;-0.31441131241655285;0.011249846339245195
2022-08-06 10:34:12.260;-0.45624277688234416;-885.2735008851669;-1.0184735947129155;-0.19941504136556887;-0.17552094509537497;0.1411942966707782;-0.2448396754425275;-0.23506110351521414;0.061248360028081095;-0.3154210550147205;-0.314555835988358;0.010419130239840868
2022-08-06 10:34:12.280;-0.44374450931510423;-884.7000350203234;-1.0178138439802569;-0.21594543945934674;-0.19446915535846543;0.12760733866011975;-0.2427733756808479;-0.23290009710117232;0.06175195935902078;-0.3154210550147205;-0.314555835988358;0.010419130239840868
2022-08-06 10:34:12.300;-0.4296826937995456;-884.1265716935668;-1.017154096167571;-0.19941504136556887;-0.1806638547324475;0.11160167495992823;-0.2427733756808479;-0.23292486085764352;0.06160929635414103;-0.3154210550147205;-0.314555835988358;0.010419130239840868
2022-08-06 10:34:12.320;-0.4145895985631142;-883.5530947373845;-1.0164943326747475;-0.18288464327184784;-0.1668520526405679;0.09563575369146093;-0.2427733756808479;-0.23294962462372126;0.06146663333407609;-0.3154210550147205;-0.314555835988358;0.010419130239840868
2022-08-06 10:34:12.340;-0.39898372036178503;-882.9796041456793;-1.0158345534947721;-0.16635424517806996;-0.15303376207035413;0.07970948965804237;-0.2427733756808479;-0.2329743883993487;0.061323970298857056;-0.3154210550147205;-0.314555835988358;0.010419130239840868
2022-08-06 10:34:12.360;-0.3833745432339334;-882.4060999123976;-1.01517475862068;-0.14982384708429208;-0.13920899598858583;0.0638227978199346;-0.2427733756808479;-0.2329991521847532;0.06118130724844928;-0.3154210550147205;-0.314555835988358;0.010419130239840868
2022-08-06 10:34:12.380;-0.3682312458473704;-881.8325751945886;-1.0145149401799163;-0.13329344899057105;-0.12537776734197692;0.047975593294152574;-0.2427733756808479;-0.23302391597982108;0.061038644182906054;-0.3188648879508911;-0.318208959286153;0.009275459775799355
2022-08-06 10:34:12.400;-0.3539760906297659;-881.2590530081579;-1.0138551246514071;-0.1374260485139871;-0.1304841688488274;0.04245458810819258;-0.2427733756808479;-0.2329743883993487;0.061323970298857056;-0.32230872088706164;-0.32186203738081076;0.008132024527864878
2022-08-06 10:34:12.420;-0.3408955283409322;-880.685535861041;-1.0131953149204374;-0.14155864803746;-0.13558971114034435;0.03693842807693137;-0.2427733756808479;-0.23292486085764352;0.06160929635414103;-0.32575255382328905;-0.3255150702807441;0.006988824453356912
2022-08-06 10:34:12.440;-0.32918525000997534;-880.1120237524228;-1.0125355109860694;-0.14569124756093288;-0.14069439487267132;0.03142710946951599;-0.2427733756808479;-0.2328753333544782;0.061894622348749984;-0.32575255382328905;-0.3255150702807441;0.006988824453356912
2022-08-06 10:34:12.460;-0.31891570188689083;-879.5385166815031;-1.0118757128473825;-0.14982384708429208;-0.14579822070263404;0.025920628557539516;-0.2427733756808479;-0.23282580588996638;0.062179948282699016;-0.32575255382328905;-0.3255150702807441;0.006988824453356912
2022-08-06 10:34:12.480;-0.31002559552317493;-878.9650146474669;-1.011215920503439;-0.15395644660776497;-0.15090118928569396;0.020418981615167198;-0.2427733756808479;-0.2327762784639944;0.062465274155989015;-0.32575255382328905;-0.3255150702807441;0.006988824453356912
2022-08-06 10:34:12.500;-0.3023324699007011;-878.3915220433191;-1.0105561390082247;-0.16945369482061778;-0.1649066633799272;0.02929944767961601;-0.23760762627650678;-0.22728080310596255;0.06425976008014533;-0.32575255382328905;-0.3255150702807441;0.006988824453356912
2022-08-06 10:34:12.520;-0.2955101623637876;-877.8180432616136;-1.0098963734152062;-0.18495094303358428;-0.17891017425731448;0.038192315212997485;-0.2324418768722225;-0.22178523554585894;0.0660547194773713;-0.32575255382328905;-0.3255150702807441;0.006988824453356912
2022-08-06 10:34:12.540;-0.2891334406540554;-877.2445783007643;-1.0092366237225583;-0.2004481912464371;-0.19291171979861943;0.047097599028617765;-0.22727612746793824;-0.21628957576202623;0.06785015245063342;-0.3205868044190048;-0.3200355039833198;0.00870371275247539
2022-08-06 10:34:12.560;-0.28268882266029133;-876.6711271591557;-1.0085768899284233;-0.21594543945934674;-0.2069112978826162;0.05601531395465731;-0.22211037806359712;-0.21079382373331867;0.06964605910296129;-0.3154210550147205;-0.314555835988358;0.010419130239840868
2022-08-06 10:34:12.580;-0.27558852797217265;-876.0976844296019;-1.007917165812038;-0.22007803898281963;-0.20995633094534938;0.062353197046481235;-0.2303755771105429;-0.21966133714303027;0.06634449708108914;-0.3154210550147205;-0.314555835988358;0.010419130239840868
2022-08-06 10:34:12.600;-0.2672381868159834;-875.5242447052078;-1.0072574451529752;-0.22421063850617884;-0.21300031018617815;0.06869740456381823;-0.238640776157375;-0.2285285301289477;0.06304461399756534;-0.3154210550147205;-0.314555835988358;0.010419130239840868
2022-08-06 10:34:12.620;-0.25703346225236157;-874.9508079849547;-1.0065977279500626;-0.22834323802965173;-0.21604323474267417;0.07504794197552211;-0.2469059752042071;-0.2373954028427292;0.059746409086657515;-0.3154210550147205;-0.314555835988358;0.010419130239840868
2022-08-06 10:34:12.640;-0.2444039831955414;-874.3773674319455;-1.0059380063377095;-0.23247583755306778;-0.21908510375155643;0.0814048147544586;-0.2551711742511529;-0.24626195543648777;0.0564498815829646;-0.3154210550147205;-0.314555835988358;0.010419130239840868
2022-08-06 10:34:12.660;-0.22884903622483344;-873.8039367168894;-1.0052782960435485;-0.23660843707654067;-0.22212591634920287;0.0877680283776261;-0.26343637329798497;-0.2551281880617111;0.0531550307216051;-0.3154210550147205;-0.314555835988358;0.010419130239840868
2022-08-06 10:34:12.680;-0.20994254113738864;-873.2304987047319;-1.0046185773543488;-0.22007803898281963;-0.20429987717662712;0.09490001441825413;-0.2593037737745689;-0.2506332724405169;0.05515851592519194;-0.3154210550147205;-0.314555835988358;0.010419130239840868
2022-08-06 10:34:12.700;-0.18742661293891305;-872.6570430962965;-1.003958838421299;-0.20354764088904176;-0.18647231015038201;0.10204007822881245;-0.2551711742511529;-0.24613824186294408;0.05716261414460089;-0.3154210550147205;-0.314555835988358;0.010419130239840868
2022-08-06 10:34:12.720;-0.16115987990990516;-872.083569890623;-1.0032990792432936;-0.18701724279526388;-0.16864321368453616;0.10918822791090044;-0.25103857472773683;-0.24164309629659186;0.05916732554744897;-0.3154210550147205;-0.314555835988358;0.010419130239840868
2022-08-06 10:34:12.740;-0.13115086680626722;-871.5100790867364;-1.0026392998192113;-0.17048684470154285;-0.15081258619145288;0.11634447157325667;-0.2469059752042071;-0.2371478357090595;0.06117265030139141;-0.3154210550147205;-0.314555835988358;0.010419130239840868
2022-08-06 10:34:12.760;-0.09755983986999961;-870.9365706836761;-1.0019795001479472;-0.15395644660776497;-0.13298042608218807;0.12350881733198182;-0.2427733756808479;-0.23265246006817364;0.0631785885740026;-0.3154210550147205;-0.314555835988358;0.010419130239840868
2022-08-06 10:34:12.780;-0.0606968988643834;-870.3630466494869;-1.001319682493662;-0.14362494779919643;-0.1191369968011351;0.14350982117256095;-0.24535625038301845;-0.2355085070068057;0.0616573578564763;-0.3154210550147205;-0.314555835988358;0.010419130239840868
2022-08-06 10:34:12.800;-0.02099308486431961;-869.7895089474696;-1.000659849115059;-0.13329344899057105;-0.10528256963792515;0.1635734660743715;-0.24793912508513216;-0.238364492650895;0.060136457693793055;-0.3154210550147205;-0.314555835988358;0.010419130239840868
2022-08-06 10:34:12.820;0.02100788986791169;-869.2159575670739;-1.0;-0.12296195018200251;-0.0914171148713514;0.1836999238601722;-0.2505219997873027;-0.241220417012606;0.058615888023603624;-0.3154210550147205;-0.314555835988358;0.010419130239840868
2022-08-06 10:34:12.840;0.0646830013786012;-868.6423924977207;-0.9993401351363146;-0.11263045137337713;-0.07754060271279073;0.2038893667675854;-0.25310487448941643;-0.24407628010336424;0.05709564878379769;-0.3154210550147205;-0.31441131241655285;0.011249846339245195
2022-08-06 10:34:12.860;0.10934605132135133;-868.0688204423859;-0.9986802622355222;-0.11263045137337713;-0.0772591597742327;0.20550857374721065;-0.2469059752042071;-0.23744491638526455;0.05946116066156115;-0.3154210550147205;-0.31426678870082014;0.012080564639192382
2022-08-06 10:34:12.880;0.1543374945034212;-867.4952412717466;-0.9980203811488418;-0.11263045137337713;-0.07697764755258518;0.2071281845445796;-0.2407070759191683;-0.23081338839292442;0.06182752865488794;-0.3154210550147205;-0.31426678870082014;0.012080564639192382
2022-08-06 10:34:12.900;0.19900753550000605;-866.921668660776;-0.9973605076088116;-0.11263045137337713;-0.07669606603306889;0.20874819924759525;-0.23450817663395895;-0.22418169607103522;0.06419475303834155;-0.3154210550147205;-0.31426678870082014;0.012080564639192382
2022-08-06 10:34:12.920;0.24276862901480947;-866.348095771893;-0.9967006337490535;-0.11263045137337713;-0.07641441520141612;0.2103686179441011;-0.22830927734880646;-0.21754983936462935;0.06656283408628294;-0.3154210550147205;-0.31426678870082014;0.012080564639192382
2022-08-06 10:34:12.940;0.2851323508197189;-865.7745226050392;-0.9960407595695008;-0.11263045137337713;-0.07613269504262021;0.21198944072205705;-0.22211037806359712;-0.21091781821885291;0.06893177207341772;-0.3154210550147205;-0.31426678870082014;0.012080564639192382
2022-08-06 10:34:12.960;0.32571280635960004;-865.2009565980188;-0.9953808936270647;-0.12709454970541856;-0.0909247023724653;0.21039178921951773;-0.22624297758707002;-0.21536397582135436;0.06720956629496833;-0.3154210550147205;-0.31426678870082014;0.012080564639192382
2022-08-06 10:34:12.980;0.3643004809316604;-864.6274051888249;-0.9947210444788745;-0.14155864803746;-0.10571661408133437;0.208794533377608;-0.2303755771105429;-0.21981004628914746;0.06548781917121627;-0.3154210550147205;-0.31426678870082014;0.012080564639192382
2022-08-06 10:34:13.000;0.4008155686554671;-864.053868377734;-0.9940612121252485;-0.15602274636950142;-0.12050843019406798;0.20719767310916826;-0.23450817663395895;-0.22425602964371905;0.06376653059213933;-0.3154210550147205;-0.31426678870082014;0.012080564639192382
2022-08-06 10:34:13.020;0.43532452268000643;-863.4803461650226;-0.9934013965665044;-0.17048684470154285;-0.1353001507352225;0.20560120832715878;-0.238640776157375;-0.22870192590672644;0.06204570044755808;-0.3154210550147205;-0.31426678870082014;0.012080564639192382
2022-08-06 10:34:13.040;0.4680282684495691;-862.9068385509672;-0.9927415978029605;-0.18495094303358428;-0.15009177572958166;0.20400513894443417;-0.2427733756808479;-0.2331477350999407;0.06032532862743878;-0.3154210550147205;-0.31426678870082014;0.012080564639192382
2022-08-06 10:34:13.060;0.49928353446085105;-862.333328374727;-0.99208179609172;-0.1617050707142198;-0.13010799114400484;0.1847709201773533;-0.2427733756808479;-0.23317868991764357;0.0601469996793087;-0.3154210550147205;-0.31426678870082014;0.012080564639192382
2022-08-06 10:34:13.080;0.5294472120128004;-861.7597984711101;-0.9914219716848808;-0.13845919839491216;-0.11011504044657627;0.1655932603567063;-0.2427733756808479;-0.23320964475052364;0.059968670707455374;-0.3154210550147205;-0.31426678870082014;0.012080564639192382
2022-08-06 10:34:13.100;0.5589692846956227;-861.1862488317784;-0.99076212457285;-0.11521332607554768;-0.09011294509335599;0.14647201618241823;-0.2427733756808479;-0.23324059959852406;0.05979034171189124;-0.3154210550147205;-0.31426678870082014;0.012080564639192382
2022-08-06 10:34:13.120;0.5883116535559881;-860.6126794483935;-0.9901022547460346;-0.09196745375624005;-0.07010172650089785;0.1274070446654152;-0.2427733756808479;-0.2332715544614743;0.05961201269256389;-0.3154210550147205;-0.31426678870082014;0.012080564639192382
2022-08-06 10:34:13.140;0.6178778598479286;-860.039099405396;-0.9894423726557392;-0.09461057563731856;-0.07570167090452529;0.11045173766271343;-0.24747957273947208;-0.23816319374864037;0.05863931289892843;-0.3180622911740407;-0.31694311243234097;0.01192440203844658
2022-08-06 10:34:13.160;0.6480868984441832;-859.4655382999263;-0.9887825123523515;-0.09725358896372427;-0.08129372326945727;0.09354145871310493;-0.25218562366213604;-0.24305465397471693;0.05766677005147969;-0.32070341885610887;-0.31961932516514935;0.011768249260438068
2022-08-06 10:34:13.180;0.679226346158107;-858.8892549216471;-0.9881195201773203;-0.10529737726164967;-0.09279185076261243;0.07383050256806989;-0.2622857458850021;-0.25387376060776745;0.05372969130668004;-0.3287414683545613;-0.3281459291779356;0.009098461095670807
2022-08-06 10:34:13.200;0.711472199361006;-858.3075405820055;-0.9874502798871744;-0.11334016031520378;-0.10427784798222106;0.054183190562187455;-0.2723847493354796;-0.2646912149160343;0.0497954197438748;-0.33677851332583586;-0.33667122138911054;0.0064302878305095845
2022-08-06 10:34:13.220;0.7448693045822246;-857.7204459349232;-0.9867748497573301;-0.12138193834766753;-0.11575174791804343;0.034599332272374994;-0.2824826342579385;-0.2755070175644718;0.04586395321548853;-0.3448145539929861;-0.34519520223688005;0.0037637283683977785
2022-08-06 10:34:13.240;0.779330808185257;-857.1299571099444;-0.9860955147545172;-0.12768352621918666;-0.12221411345197808;0.03379661358467079;-0.28258329023943674;-0.27551981963531347;0.04637217096091639;-0.3469824452336603;-0.34749468349434665;0.0030445869984623286
2022-08-06 10:34:13.260;0.8146219792131637;-856.538037027196;-0.9854145331439113;-0.1339849790488188;-0.12867632021417208;0.032993995115442765;-0.2826839041337834;-0.27553257867756287;0.046880394144618975;-0.3491502633937067;-0.34979406934087365;0.002325562992716357
2022-08-06 10:34:13.280;0.8503918141134368;-855.9454043113001;-0.984732731675891;-0.13811709695005447;-0.13282120353850146;0.033000554424103434;-0.28061784518316557;-0.27322381552024666;0.0482368485082203;-0.3491502633937067;-0.34979406934087365;0.002325562992716357
2022-08-06 10:34:13.300;0.886177137365961;-855.3527758225173;-0.984050935071004;-0.14224921485129016;-0.1369660871422731;0.033007112312140485;-0.27855178623260457;-0.2709150062807666;0.04959355265586485;-0.3491502633937067;-0.34979406934087365;0.002325562992716357
2022-08-06 10:34:13.320;0.9214359096588377;-854.7601515608767;-0.9833691433292839;-0.14638133275241216;-0.1411109710257712;0.033013668779447336;-0.27648572728204357;-0.26860615095167617;0.050950506626676884;-0.3491502633937067;-0.34979406934087365;0.002325562992716357
2022-08-06 10:34:13.340;0.9555829305651504;-854.1715654743821;-0.9826919973549485;-0.14660094722620443;-0.1379323095714291;0.052564993862771914;-0.2581239307203518;-0.2490929742573016;0.05721121208011937;-0.33698082243989447;-0.336888016627654;0.006350499701713197
2022-08-06 10:34:13.360;0.9879932831521322;-853.5911081188606;-0.9820242031773702;-0.1468192997267579;-0.13474123784678582;0.07218121371286212;-0.23975931060444822;-0.22957566888035075;0.06347866198195984;-0.3248090781847246;-0.3239789598814582;0.010379118375306362
2022-08-06 10:34:13.380;1.018054142621264;-853.0147416999171;-0.9813611154672035;-0.159371214222233;-0.14471173581793906;0.08727611210447161;-0.2337149838314403;-0.2232495832482968;0.06497891434403602;-0.32496351687825253;-0.32413544917710624;0.010369992113499649
2022-08-06 10:34:13.400;1.0452260232253412;-852.438392424745;-0.9806980474802957;-0.17192311511507796;-0.15467631798597736;0.10240672899826997;-0.2276706633034209;-0.21692346761803805;0.06647931740313595;-0.3251179552008203;-0.3242919380933813;0.010360865885250092
2022-08-06 10:34:13.420;1.0690229431525333;-851.8620534168658;-0.9800349913055192;-0.18447500240552017;-0.16463497300370378;0.11757313746943332;-0.22162634902039002;-0.210597322007537;0.06797987104719372;-0.32527239315254164;-0.32444842663011286;0.010351739690550588
2022-08-06 10:34:13.440;1.0890875069243946;-851.2880668971557;-0.9793746415791788;-0.17758132170661156;-0.15430867949342897;0.13718765964564117;-0.22506971905792028;-0.21414466556708334;0.06745098334882371;-0.31838166425268;-0.3171387936698693;0.012640891688231015
2022-08-06 10:34:13.460;1.1051294524818345;-850.718794691471;-0.9787197154923659;-0.17068690231820938;-0.14397077281453008;0.1568645683052452;-0.22851284303148844;-0.21769175356879344;0.06692213330109631;-0.3114901969796584;-0.3098281963326599;0.01493123143136188
2022-08-06 10:34:13.480;1.116999095817071;-850.1511484223956;-0.9780666599839694;-0.17314427208486904;-0.14361112846259871;0.17312225166370965;-0.24129957212149833;-0.23123473873274492;0.06282553414877601;-0.3139465145272844;-0.3124192417279801;0.014199177480813674
2022-08-06 10:34:13.500;1.1247066410968034;-849.5820220362439;-0.9774119016569999;-0.17560154799991778;-0.14324450154098045;0.1894203745874341;-0.2540860320805436;-0.24477697227271022;0.05873138043707371;-0.3164027382635446;-0.31501016911016677;0.013467249665288783
2022-08-06 10:34:13.520;1.1284030315405356;-849.0114111833027;-0.9767554355072777;-0.15946225311415674;-0.12621858280877873;0.19420078138600516;-0.2503420211866896;-0.2408331936780641;0.05980618511102964;-0.3188588681948623;-0.3176009784906455;0.012735447959792978
2022-08-06 10:34:13.540;1.1283297722134087;-848.4400453045309;-0.9760981007289666;-0.14086577615836404;-0.10657911587336244;0.19983140264784272;-0.24414319553479658;-0.2342760357001552;0.061744556210848955;-0.3188588681948623;-0.3176009784906455;0.012735447959792978
2022-08-06 10:34:13.560;1.1248500388747336;-847.868660116299;-0.9754407437358539;-0.12226929920262819;-0.08693867285532875;0.2054669796189037;-0.23794436988284673;-0.22771877668181872;0.06368343378966923;-0.3188588681948623;-0.3176009784906455;0.012735447959792978
2022-08-06 10:34:13.580;1.1184147819660966;-847.2960757355104;-0.974782007117176;-0.10750003697330612;-0.07137340377724755;0.2097517914954965;-0.23556841732780498;-0.2252374998968989;0.06424187504678347;-0.3226834615600147;-0.32164049429150054;0.01156597426064998
2022-08-06 10:34:13.600;1.1095507132303142;-846.7211170727314;-0.9741205389770969;-0.0927310386431941;-0.05580783266120548;0.21403946394846773;-0.23319240126973995;-0.2227561523043491;0.06480034853872763;-0.326507827489646;-0.32567972157085023;0.010396819587482398
2022-08-06 10:34:13.620;1.0987763862982027;-846.1438100894229;-0.9734563691832928;-0.11102139706673597;-0.07326583047577984;0.2191938848790942;-0.23494870832731607;-0.2245965495174218;0.06435164013202588;-0.33033196600785786;-0.32971866037252084;0.009227983840760068
2022-08-06 10:34:13.640;1.0867023116803172;-845.5653403538381;-0.9727908616870845;-0.12608739856432294;-0.08725874339936368;0.22566952991564726;-0.2334845227116702;-0.22297269815774;0.06524166676921794;-0.33093422308752096;-0.33032891117198915;0.009192408304806499
2022-08-06 10:34:13.660;1.0738696134177603;-844.9868929533768;-0.9721253798865889;-0.14115333422017784;-0.10125062222298098;0.23215150233324433;-0.2320203400573959;-0.22134882745390172;0.06613181452964323;-0.33153647452666846;-0.33093915619991776;0.009156833278940013
2022-08-06 10:34:13.680;1.060769081508812;-844.4072200211158;-0.9714584881582277;-0.1592911885342687;-0.11856401223846902;0.23725961446815358;-0.23362522943525477;-0.22304772985872745;0.06562287081182472;-0.33520901694481253;-0.3348348364879712;0.007937425830415457
2022-08-06 10:34:13.700;1.0478344889821054;-843.8250859470936;-0.9707887649795925;-0.1774284659429668;-0.1358763519797641;0.24237113111041264;-0.23522996161934628;-0.2247464570138149;0.06511402278230527;-0.33888134964615446;-0.3387302429226793;0.006718355461717174
2022-08-06 10:34:13.720;1.0354196565232194;-843.240496719307;-0.9701162172396467;-0.18626768927992998;-0.14393097814113176;0.24706419949171288;-0.2389006426748992;-0.22858724253861595;0.06420872756738394;-0.3425534726520105;-0.34262537554593564;0.0054996220682221875
2022-08-06 10:34:13.740;1.023762936283517;-842.6544498699004;-0.9694419925612976;-0.1927815357070699;-0.14945894473473587;0.2528692580250489;-0.24024806912589014;-0.22990198113071614;0.06442444320090424;-0.33873618734906685;-0.33854547529711;0.006943522600420415
2022-08-06 10:34:13.760;1.0130097769558593;-842.0679424956834;-0.9687672380666164;-0.1992953057464888;-0.15498601715032478;0.25867935010357;-0.241595467331841;-0.23121669790153732;0.06464012335515612;-0.3349189219079527;-0.3344655245612671;0.008387793920316966
2022-08-06 10:34:13.780;1.0032093061112421;-841.4812075307491;-0.9680922217374447;-0.2047385428249413;-0.15938625862040467;0.264792215634591;-0.2418732592371029;-0.2314059147157863;0.0651560525256425;-0.3351968328583972;-0.3347471216091549;0.008371391529630401
2022-08-06 10:34:13.800;0.9943197670855722;-840.8944750481096;-0.9674172082640592;-0.20088439603227926;-0.1584998099362771;0.24763366235301731;-0.2421510499417181;-0.23168804900827666;0.06513667960656377;-0.3354747426076834;-0.3350287174280311;0.00835498924740996
2022-08-06 10:34:13.820;0.9862105789290148;-840.3077423747236;-0.966742194571227;-0.19703025597425494;-0.1576057584659658;0.2305199458058249;-0.2424288394458003;-0.23197018206737852;0.06511730681569627;-0.33575265115586816;-0.3353103120179526;0.008338587073629888
2022-08-06 10:34:13.840;0.9786952145619067;-839.7210785433344;-0.9660672600785019;-0.19268954523340653;-0.15619857758460753;0.21355038404283277;-0.24222047048058215;-0.23174687960979412;0.06519910016892894;-0.3355441928960623;-0.3350891886003069;0.00840780035606059
2022-08-06 10:34:13.860;0.971538340106593;-839.1345526036384;-0.9653924842249411;-0.188348827863706;-0.15478392535070284;0.19662486040872373;-0.2420121008399505;-0.23152357623265374;0.06528089480960908;-0.3353357339605587;-0.3348680643001103;0.008477014724656229
2022-08-06 10:34:13.880;0.9644926582091182;-838.5480884062636;-0.9647177794035795;-0.18443291218267177;-0.15380453626542945;0.17964865640778171;-0.2422281599139282;-0.23174301378187323;0.0652658263182726;-0.33899535609532094;-0.33864349789956805;0.007874316223380085
2022-08-06 10:34:13.900;0.9573114707536374;-837.9616289484766;-0.9640430800349341;-0.176384840468927;-0.14923127911217549;0.159494309181194;-0.2486424604793669;-0.23866781850860974;0.06245523582567625;-0.34265497235963593;-0.3424189261896231;0.007271599876270685
2022-08-06 10:34:13.920;0.9497556459098949;-837.3751654202424;-0.9633683759833936;-0.1683367803734086;-0.14464746907274062;0.1394026741313441;-0.25505675105946324;-0.24559238245338832;0.05964586585042486;-0.3463145827535037;-0.3461943491633406;0.006668865720168782
2022-08-06 10:34:13.940;0.9416450870615158;-836.7897194865873;-0.9626948426358308;-0.15701333831242437;-0.1365625247985669;0.12054735292895113;-0.2581990502553353;-0.2490226092730481;0.05805090646907285;-0.3432572473706692;-0.34295129962492865;0.007683798514496409
2022-08-06 10:34:13.960;0.9328456587264484;-836.2063164407664;-0.9620236595532586;-0.14568957617888145;-0.1284682154515373;0.1017462403248075;-0.26134133512911006;-0.2524527490269506;0.05645633629699365;-0.3401997666284693;-0.33970806027309663;0.008698964950664134
2022-08-06 10:34:13.980;0.9232897718843152;-835.6230060460875;-0.9613525830623121;-0.14034853787637758;-0.12675099813921875;0.08079559419906701;-0.2704598194037757;-0.26227789793684764;0.052570153679412535;-0.3431213424539088;-0.3427998068502802;0.0077710645204467355
2022-08-06 10:34:14.000;0.9129881095708945;-835.0378433092483;-0.9606793755219476;-0.14843706101646603;-0.13677212643202452;0.06983627042340323;-0.2733798024596794;-0.2653671706748;0.051654070065276336;-0.3460427855535464;-0.3458913828542336;0.006843362348416093
2022-08-06 10:34:14.020;0.9020473198304398;-834.4508400509148;-0.9600040505313935;-0.15652534707214727;-0.14678957683051763;0.05889636169285328;-0.27629965286686087;-0.268456278378288;0.05073815352234323;-0.3489640959380118;-0.34898278830536356;0.005915858386545736
2022-08-06 10:34:14.040;0.8906377318641447;-833.8629219968643;-0.9593276731030544;-0.1619685464247027;-0.15397096240255692;0.049003325458481406;-0.2765773989645126;-0.26870745400653817;0.05089687570485957;-0.3440768351742314;-0.34378548567360667;0.007613994878969521
2022-08-06 10:34:14.060;0.8789890038467063;-833.2750119171469;-0.9586513048488832;-0.16741173465601378;-0.16114960821377977;0.039125808015723074;-0.27685514386191556;-0.2689586286806147;0.051055596801397485;-0.3391895831293219;-0.3385880927406788;0.009312649111948623
2022-08-06 10:34:14.080;0.8674084609040607;-832.68767008758;-0.9579755903449632;-0.1553696455579825;-0.14786100916862566;0.046062652036959584;-0.271013092458098;-0.2627557586343059;0.05301586666197711;-0.33747875271921757;-0.33677329254453525;0.009880835966987078
2022-08-06 10:34:14.100;0.8561927347375431;-832.1014579242255;-0.9573011754791854;-0.14332738877629936;-0.1345707989172844;0.05300731484271726;-0.26517094670608543;-0.25655267967257345;0.0549767231225875;-0.33576787679418985;-0.3349584329086497;0.010449096007465464
2022-08-06 10:34:14.120;0.8456755368625797;-831.5163777114722;-0.9566280628796525;-0.13128496430402947;-0.12127897595567916;0.059959804391698235;-0.25932870660184193;-0.250349391759606;0.05693816633543136;-0.3340569553521924;-0.3331435138288157;0.011017429243955768
2022-08-06 10:34:14.140;0.836195753974298;-830.9313696238169;-0.9559550332573101;-0.1225815724536119;-0.11154392057349938;0.06572445716398967;-0.2568217130772936;-0.24770964043576527;0.057652084786713687;-0.335682925491934;-0.33485951556173177;0.010527914133044547
2022-08-06 10:34:14.160;0.8280747950988755;-830.3453943906861;-0.9552808909707708;-0.1138782555464104;-0.10180798633556165;0.07149431699088726;-0.254314724894833;-0.24506988317116196;0.058366056987617654;-0.33730885452149195;-0.33657546540621297;0.010038455247618039
2022-08-06 10:34:14.180;0.8215634983488391;-829.7589389722489;-0.9546061962492441;-0.1283407437185815;-0.11466019588820942;0.0810386426638372;-0.25224865515590267;-0.2428349032666901;0.059297190442242353;-0.33730885452149195;-0.33657546540621297;0.010038455247618039
2022-08-06 10:34:14.200;0.8169237730480972;-829.1724965223184;-0.9539315164474929;-0.14280323189080946;-0.1275101312604967;0.09059718519209525;-0.25018258541708605;-0.24059989810526616;0.060228457828349846;-0.33730885452149195;-0.33657546540621297;0.010038455247618039
2022-08-06 10:34:14.220;0.8143324986831499;-828.586067038872;-0.9532568515631897;-0.15726572006298056;-0.14035778980045066;0.10016996274170076;-0.24811651567821258;-0.23836486768313847;0.06115985916332356;-0.33730885452149195;-0.33657546540621297;0.010038455247618039
2022-08-06 10:34:14.240;0.8139072450232006;-828.0007381229007;-0.952583452840035;-0.1686599613630051;-0.14991267795599938;0.11097540354317736;-0.242985110948176;-0.2328345081062011;0.06335392154864916;-0.3342421840059693;-0.3333135916723222;0.011107713151052856
2022-08-06 10:34:14.260;0.8156960417481494;-827.4176014125333;-0.951912576166303;-0.1800543628669402;-0.15946463131180977;0.12179973768695884;-0.23785351625107154;-0.2273038038091144;0.06554880331844792;-0.3311753672484734;-0.33005152337261734;0.012177225928617474
2022-08-06 10:34:14.280;0.8197186090323141;-826.835554955127;-0.9512429537872622;-0.16568425830462274;-0.14352154583079724;0.13056706928380812;-0.23794611907705843;-0.2274226445000167;0.06539953311431201;-0.3312680097585563;-0.3301453959666105;0.01217175184600805
2022-08-06 10:34:14.300;0.8258843029812633;-826.2534927610031;-0.9505733133037246;-0.15131416286845933;-0.12757624123102929;0.1393465033766752;-0.23803872176969065;-0.22754148499304705;0.06525026322764393;-0.33136065213517085;-0.33023926842412266;0.012166277775456535
2022-08-06 10:34:14.320;0.8340874625103276;-825.6714148283863;-0.9499036547136476;-0.13694407655839314;-0.11162871475065472;0.14813805470703567;-0.23813132432896822;-0.22766032528831914;0.06510099365847566;-0.3314532943783739;-0.33033314074504005;0.012160803716967372
2022-08-06 10:34:14.340;0.8441928374302198;-825.089815207546;-0.9492345464031327;-0.12101173549388022;-0.09401282082214735;0.15750842429827294;-0.23666336822011402;-0.22611195397868045;0.06553439766129276;-0.32998470919045175;-0.32877526011770897;0.012648785435978915
2022-08-06 10:34:14.360;0.8560391806082752;-824.5091888233219;-0.9485665577644412;-0.10507921408327547;-0.07639417902428036;0.16689270397997635;-0.23519537858853568;-0.22456354217009533;0.06596783714686971;-0.32851609046542407;-0.32721733568791933;0.013136821106387586
2022-08-06 10:34:14.380;0.8694372270782162;-823.9299083356382;-0.9479001175286854;-0.12061732956419746;-0.08953614873334814;0.18098584172254206;-0.2249095112226982;-0.2135543545654386;0.06992541208615854;-0.32597720044321576;-0.32452403808656527;0.013980618870385264
2022-08-06 10:34:14.400;0.8842633971664428;-823.3523687661436;-0.9472356801532935;-0.1361556619546036;-0.10267322972683601;0.19511026692261435;-0.21462340771639532;-0.20254445562354562;0.07388546932535256;-0.3234382101869038;-0.32183060956299414;0.014824577918735038
2022-08-06 10:34:14.420;0.9003688973460869;-822.7765682701356;-0.9465732435160054;-0.15169421126631732;-0.1158054125288892;0.20926604179760222;-0.2043370680545067;-0.1915338450409294;0.07784801031395272;-0.3208991196895532;-0.31913705010333615;0.01566869828603501
2022-08-06 10:34:14.440;0.9176373285469743;-822.2016464207045;-0.945911817728287;-0.16977334657741494;-0.13165225862829644;0.22247286511918052;-0.19658886720682034;-0.18324328323912908;0.08081421809411538;-0.3208991196895532;-0.31913705010333615;0.01566869828603501
2022-08-06 10:34:14.460;0.936013418826628;-821.6267273309568;-0.9452503951154798;-0.16150859900659498;-0.12138436259661844;0.23383446860169776;-0.20278742788487847;-0.18982605333101077;0.07872743397778947;-0.3208991196895532;-0.31913705010333615;0.01566869828603501
2022-08-06 10:34:14.480;0.9554132738392029;-821.0528861445418;-0.9445902125895848;-0.14998938719224952;-0.10763142889695487;0.24645709300105523;-0.20573440390366926;-0.1929271003413291;0.07789999705795214;-0.31764635068503466;-0.31568929633999687;0.016733381731313557
2022-08-06 10:34:14.500;0.9758036677849591;-820.4812151367732;-0.9439325267719328;-0.13846982498438365;-0.09387366676648767;0.25910479117596896;-0.20868135479704364;-0.19602810336046872;0.0770726528063923;-0.31439341715707414;-0.31224132889286693;0.017798323235362012
2022-08-06 10:34:14.520;0.9971802230546605;-819.9117227832103;-0.9432773474133337;-0.12694991235395037;-0.08011106813049551;0.2717776083015142;-0.21162828056085203;-0.19912906238501904;0.07624540122015677;-0.3111403190907218;-0.3087931477333541;0.01886352286865378
2022-08-06 10:34:14.540;1.019552061073601;-819.3433166988762;-0.9426234177662928;-0.11859215835130499;-0.06973324759073662;0.2832327077355066;-0.2177344184365424;-0.20561771013151287;0.074166337393339;-0.3110476475792403;-0.3086992430226019;0.018869011908177136
2022-08-06 10:34:14.560;1.042927502813185;-818.7749070139325;-0.9419694839768872;-0.12263194624301832;-0.07321522399357505;0.2865242727755746;-0.21764178648802357;-0.20559809944810326;0.07374380414948956;-0.3109549759341199;-0.3086053381749707;0.01887450095985077
2022-08-06 10:34:14.580;1.0673345275618717;-818.2051064747866;-0.9413139500624607;-0.13082622724658677;-0.08114262906818581;0.2882258856774804;-0.2216994653474771;-0.2100213950709744;0.07172025939641902;-0.31501439367468365;-0.31291185365535057;0.017524233123195287
2022-08-06 10:34:14.600;1.092780243391404;-817.6325278822405;-0.9406552201029363;-0.13902013597129326;-0.08906963460018247;0.2899277499968038;-0.2257568881078882;-0.21444429954450328;0.06969743879263746;-0.31907355520632663;-0.3172180344349158;0.016174377796028594
2022-08-06 10:34:14.620;1.119234010902505;-817.0571848008185;-0.9399933097037849;-0.14721367245704187;-0.09699624064083778;0.29162986568395155;-0.2298140547979628;-0.21886681295054444;0.0676753420592755;-0.32313246055798217;-0.3215238805703393;0.01482493483685765
2022-08-06 10:34:14.640;1.1466451370921118;-816.4801742978088;-0.9393294809993227;-0.15185599100607305;-0.10113615938414355;0.29461524619203416;-0.2303235401960464;-0.2195053967484668;0.06694200236018677;-0.3236421642913534;-0.3220800066634979;0.014566881019417721
2022-08-06 10:34:14.660;1.1749043062602607;-815.9026036990326;-0.9386650079259189;-0.1420351452654245;-0.09738142981766273;0.2595078295015565;-0.23083302155705354;-0.21994555986261588;0.06735169579807998;-0.3241518639858292;-0.3226361262715045;0.014308840417021074
2022-08-06 10:34:14.680;1.2038258375507638;-815.3247454655138;-0.9380002039396503;-0.13161161792510256;-0.09293702748968613;0.22489370922002472;-0.23074040848270982;-0.21972749377047052;0.06807251974818751;-0.32405921122306935;-0.32254224242518603;0.014314319273618814
2022-08-06 10:34:14.700;1.2331891294350275;-814.7468825651522;-0.9373353945843561;-0.12118808383655733;-0.08846173304843674;0.19046215360494845;-0.23064779527501145;-0.21950942743026047;0.06879334492781553;-0.32396655832678434;-0.32244835844215913;0.014319798142293116
2022-08-06 10:34:14.720;1.2627130077095885;-814.1690149673159;-0.9366705798247954;-0.11076454299961824;-0.083955682348833;0.15621232442480437;-0.23055518193384472;-0.21929136084198575;0.06951417133718252;-0.32387390529697413;-0.3223544743225375;0.014325277023074179
2022-08-06 10:34:14.740;1.2920460831757246;-813.5915469253596;-0.9360062247391241;-0.11786085646332367;-0.09517942269852497;0.13260909116091923;-0.223189569506836;-0.21150796834515262;0.07177094157815755;-0.32270631469588906;-0.32111586146533;0.014713390641477808
2022-08-06 10:34:14.760;1.3208335698961886;-813.0148832304621;-0.9353427950242447;-0.12495721540199156;-0.10638819542973366;0.10909217105901359;-0.21582388587531653;-0.203724366324046;0.07402840237884067;-0.3215387028968699;-0.3198772209193521;0.01510153837327799
2022-08-06 10:34:14.780;1.3486720613240641;-812.4386278683596;-0.9346798350807624;-0.133067425579668;-0.11867396992326817;0.08523174948376688;-0.20947096750281702;-0.19703476705259249;0.07583843029239024;-0.3213842752762126;-0.3195962578588478;0.015826217823881272
2022-08-06 10:34:14.800;1.3751475318228228;-811.8623842947054;-0.934016888699443;-0.14117764420632284;-0.1309441824439297;0.06146068742639965;-0.20311804214431817;-0.1903450791783925;0.07764885522616893;-0.321229847284652;-0.31931529372224077;0.01655090159369177
2022-08-06 10:34:14.820;1.3998516549802407;-811.2861524943655;-0.9333539558628752;-0.14928787128189924;-0.14319888299852224;0.03777869206337314;-0.19676510980021789;-0.18365530269479535;0.07945967719932767;-0.32107541892218805;-0.3190343285093604;0.01727558968273346
2022-08-06 10:34:14.840;1.4224115114835567;-810.7085941237092;-0.9326894968574596;-0.15322366105579022;-0.14795154376460928;0.03315621754426168;-0.20896215973183274;-0.19668817500589597;0.07489362854213333;-0.325009102418786;-0.32320739158154765;0.01596745336704508
2022-08-06 10:34:14.860;1.4424802376265293;-810.1283769954389;-0.9320219790522248;-0.15715921010882994;-0.1527033073748818;0.02853743108812168;-0.22115874449283268;-0.20971994349158507;0.07033090590504631;-0.3289425453233399;-0.3273801403707921;0.014659704342032676
2022-08-06 10:34:14.880;1.4598036290959757;-809.5458535714351;-0.9313518079411994;-0.15999600169914174;-0.15628412450664442;0.02431256572290419;-0.23225738203475288;-0.22157792331071136;0.06618241277845804;-0.3317778187762279;-0.3303908079088842;0.013700375787026431
2022-08-06 10:34:14.900;1.4742007856389954;-808.9613942543292;-0.9306794096585657;-0.162832668228873;-0.15986428026164745;0.02009073561526442;-0.24335573270283106;-0.23343509551394703;0.06203662968979984;-0.33461296723538325;-0.33340131109520144;0.01274125435745077
2022-08-06 10:34:14.920;1.4855840848783732;-808.3749985819959;-0.930004783672666;-0.1656692097077439;-0.16344377501556906;0.015871938678195363;-0.25445379651736033;-0.24529146044968542;0.057893555003531105;-0.33744799071069664;-0.3364116499488432;0.011782340003278158
2022-08-06 10:34:14.940;1.4940131143474444;-807.7876289266933;-0.9293290371562921;-0.15284896725523822;-0.14853387729388956;0.02764410619873736;-0.25196380189876066;-0.2425298789042003;0.059407610071192885;-0.32721028376323247;-0.32554690286769983;0.01521026655279023
2022-08-06 10:34:14.960;1.4996171754447354;-807.200244433996;-0.9286532735700581;-0.14002873293583207;-0.1336199982458517;0.03943845403057722;-0.24947380880004033;-0.2397682383739479;0.06092199223488848;-0.31697258329552014;-0.3146817568249958;0.01864030458913213
2022-08-06 10:34:14.980;1.502664481314849;-806.6130724322938;-0.9279777544466569;-0.12643286440652446;-0.11787836506860927;0.051516752833823176;-0.24620903262179894;-0.23618143636743838;0.06271083234417762;-0.3162900442306942;-0.3139576659622776;0.018867368122230666
2022-08-06 10:34:15.000;1.5035313989550196;-806.0263404392535;-0.9273027415365366;-0.11283692772275344;-0.10213245577617514;0.06361840895836579;-0.24294423702232137;-0.23259452580909823;0.06450015152323463;-0.31560749792219767;-0.3132335656360965;0.019094443321488797
2022-08-06 10:34:15.020;1.5026634378849961;-805.4400584266477;-0.9266282463118438;-0.11835218175821183;-0.10541507354972524;0.07656744231033574;-0.23606377843051263;-0.22525701930307918;0.06699321198601105;-0.31492494436997376;-0.312509455846282;0.019321530187514036
2022-08-06 10:34:15.040;1.5006279896061816;-804.8545400482326;-0.9259546296193316;-0.12328487676637678;-0.10805304792322445;0.08986302907074961;-0.2286013174984518;-0.21727741716156146;0.06982050324824396;-0.3136601516987376;-0.3111522206356767;0.019831062094677776
2022-08-06 10:34:15.060;1.4980223073535446;-804.2700901342105;-0.9252822421545892;-0.12821760106226066;-0.11068630167372717;0.10318674424078367;-0.22113877753044875;-0.20929749890492388;0.07264902866304634;-0.3123953341552088;-0.30979495020324066;0.02034064912508704
2022-08-06 10:34:15.080;1.495466682364508;-803.6861769418974;-0.9246104721678217;-0.13441590135880688;-0.1146855391300825;0.11595852142036644;-0.21494047723390253;-0.20269052769409512;0.07487696731096971;-0.3123953341552088;-0.30979495020324066;0.02034064912508704
2022-08-06 10:34:15.100;1.4935772697254341;-803.1022677657529;-0.9239387068015036;-0.14061420165529626;-0.11868049712953521;0.1287557891628177;-0.20874217693747;-0.1960834129979716;0.07710564690334731;-0.3123953341552088;-0.30979495020324066;0.02034064912508704
2022-08-06 10:34:15.120;1.492942747809837;-802.5183568437569;-0.9232669394266496;-0.13441590135880688;-0.11121041830884693;0.1359500766756332;-0.2108082770361861;-0.19829407855851144;0.07631498573272921;-0.3123953341552088;-0.30979495020324066;0.02034064912508704
2022-08-06 10:34:15.140;1.4940765478248004;-801.933713548693;-0.9225943294843515;-0.13045654596578515;-0.10612852185389343;0.14232981217699603;-0.21511111761369506;-0.20289682552074595;0.0746750368939324;-0.3146329851571714;-0.31216444745803074;0.01962142003664713
2022-08-06 10:34:15.160;1.4974143900411963;-801.3476356719839;-0.9219200691102672;-0.12649720851914026;-0.10104555042542884;0.14871574194510728;-0.21941384842372003;-0.20749937633697613;0.07303553997705059;-0.3168705583076381;-0.31453384426822595;0.0189023093782259
2022-08-06 10:34:15.180;1.5032762854560642;-800.7608341218511;-0.9212449761773496;-0.12029900406542993;-0.0935716061003724;0.1559323279386735;-0.2214799165749568;-0.2097099136516576;0.07224538106223832;-0.3168705583076381;-0.31453384426822595;0.0189023093782259
2022-08-06 10:34:15.200;1.5118727215214087;-800.1740250247021;-0.920569874561876;-0.11410079961183328;-0.08609621200796269;0.16315704879239679;-0.22354598472613674;-0.21192043268475658;0.07145531741727851;-0.3168705583076381;-0.31453384426822595;0.0189023093782259
2022-08-06 10:34:15.220;1.5232714345773486;-799.5872145158137;-0.9198947713222496;-0.12029900406542993;-0.09077516269420371;0.17202004335765153;-0.22767812102855345;-0.21636622140700723;0.06973257759749973;-0.3168705583076381;-0.31453384426822595;0.0189023093782259
2022-08-06 10:34:15.240;1.5374435856266055;-799.0012319398593;-0.9192206205880701;-0.12403113973539348;-0.09281335065091767;0.1818396158698743;-0.22934679248393053;-0.2181718145926297;0.06897776858022908;-0.31440596743385285;-0.31191919766069987;0.019722300212448474
2022-08-06 10:34:15.260;1.5542184334388613;-798.4169028288234;-0.9185483721025827;-0.12776328646617685;-0.09484896226885908;0.19167451977514638;-0.23101543991096918;-0.2199773652783037;0.06822305791045036;-0.31194128211063443;-0.30930442765532007;0.020542443183543035
2022-08-06 10:34:15.280;1.573314672499105;-797.8334039574183;-0.9178770787763094;-0.13396159648681305;-0.09952142848144163;0.20057696421557214;-0.2351476465913933;-0.2244230657465991;0.06650115379951771;-0.31194128211063443;-0.30930442765532007;0.020542443183543035
2022-08-06 10:34:15.300;1.5943634152691766;-797.2499097761829;-0.9172057908458984;-0.1401599065073924;-0.10419187183291356;0.20949158659168976;-0.23927985327181744;-0.22886867910258246;0.06477970823733958;-0.31194128211063443;-0.30930442765532007;0.020542443183543035
2022-08-06 10:34:15.320;1.6169155933165307;-796.6664222580075;-0.9165345105810853;-0.15049042320862327;-0.11279424964439855;0.21964180930782629;-0.23411459492128728;-0.2232806553071427;0.06711013563507962;-0.31194128211063443;-0.30930442765532007;0.020542443183543035
2022-08-06 10:34:15.340;1.640483504910976;-796.0829433755644;-0.9158632402513547;-0.1608209399096836;-0.12139405249584811;0.2298077787412085;-0.22894933657070027;-0.21769247347216236;0.06944140103959473;-0.31194128211063443;-0.30930442765532007;0.020542443183543035
2022-08-06 10:34:15.360;1.664548280090624;-795.4994731263942;-0.9151919798538772;-0.17115145661080078;-0.12999127717725756;0.2399895159768608;-0.2237840782201701;-0.21210413354494762;0.07177350472224298;-0.31194128211063443;-0.30930442765532007;0.020542443183543035
2022-08-06 10:34:15.380;1.6886144915241075;-794.9160045526296;-0.9145207213838905;-0.1814819733118611;-0.13858592047572316;0.25018704212396425;-0.21861881986963994;-0.20651563547263407;0.0741064469544419;-0.31882829324467465;-0.3166107586674798;0.01825103993786037
2022-08-06 10:34:15.400;1.712237578245423;-794.332539893825;-0.9138494674179167;-0.1670192499303198;-0.12393491733397255;0.2509796147169334;-0.21861881986963994;-0.20654045655552267;0.07396346212106675;-0.3257153043787717;-0.3239169085928211;0.015960579013023057
2022-08-06 10:34:15.420;1.734966934696324;-793.7490605247076;-0.9131781965282858;-0.15255652654872165;-0.1092838852821707;0.25177227574974115;-0.21861881986963994;-0.20656527764796095;0.0738204772726192;-0.33260231551281194;-0.3312228774998971;0.013671060067307117
2022-08-06 10:34:15.440;1.7564795758347722;-793.1655664456266;-0.9125069087153996;-0.13809380316729403;-0.09463282431713438;0.25256502523081625;-0.21861881986963994;-0.20659009875023315;0.07367749240908061;-0.33260231551281194;-0.3312228774998971;0.013671060067307117
2022-08-06 10:34:15.460;1.7765497282121;-792.5820576569167;-0.9118356039796431;-0.12363107978575272;-0.07998173443465717;0.2533578631686657;-0.21861881986963994;-0.20661491986216873;0.0735345075304421;-0.33260231551281194;-0.3312228774998971;0.013671060067307117
2022-08-06 10:34:15.480;1.7950686302121786;-791.9985341589272;-0.9111642823214182;-0.10916835640415457;-0.06533061563127163;0.25415078957170945;-0.21861881986963994;-0.206639740983654;0.07339152263673299;-0.33260231551281194;-0.3312228774998971;0.013671060067307117
2022-08-06 10:34:15.500;1.8120398464732155;-791.4150014881234;-0.9104929501102182;-0.1009039430433063;-0.06170836731300611;0.22727617080946594;-0.2248171298902193;-0.21317219308323132;0.071592869863915;-0.33260231551281194;-0.3312228774998971;0.013671060067307117
2022-08-06 10:34:15.520;1.8276235510679615;-790.831465171439;-0.9098216137045709;-0.09263952968240119;-0.05806749060460348;0.20051168697532074;-0.23101543991096918;-0.21970456518450732;0.06979460730252551;-0.33260231551281194;-0.3312228774998971;0.013671060067307117
2022-08-06 10:34:15.540;1.8420841298702277;-790.2479251902478;-0.9091502730830474;-0.08437511632149608;-0.05440804914556807;0.17385694521966233;-0.23721374993154853;-0.22623685729407583;0.06799673493553549;-0.33260231551281194;-0.3312228774998971;0.013671060067307117
2022-08-06 10:34:15.560;1.8557975608329993;-789.6643815259522;-0.9084789282242519;-0.07611070296064781;-0.05073010639725695;0.14731155391378703;-0.24341205995229842;-0.23276906941836017;0.06619925274563165;-0.33260231551281194;-0.3312228774998971;0.013671060067307117
2022-08-06 10:34:15.580;1.8692326581760517;-789.0808341600423;-0.9078075791068896;-0.06784628959979955;-0.047033725642993574;0.12087512264653277;-0.24961036997287778;-0.23930120156389734;0.0644021607157379;-0.33260231551281194;-0.3312228774998971;0.013671060067307117
2022-08-06 10:34:15.600;1.882885802912294;-788.4973001148974;-0.9071362453145623;-0.0962552105277723;-0.07726699835044215;0.11094017534586698;-0.24186248244708253;-0.23119797752573135;0.06629167200998332;-0.33260231551281194;-0.3312228774998971;0.013671060067307117
2022-08-06 10:34:15.620;1.8973664238270191;-787.9137964214242;-0.9064649464406824;-0.12466413145580191;-0.10749725200495064;0.10102084160873037;-0.23411459492128728;-0.2230946946844128;0.0681814279450439;-0.33260231551281194;-0.3312228774998971;0.013671060067307117
2022-08-06 10:34:15.640;1.9132682641923573;-787.330316122614;-0.9057936744814753;-0.1530730523838315;-0.13772449102251372;0.09111709965034098;-0.22636670739543518;-0.2149913530744456;0.0700714283041215;-0.33260231551281194;-0.3312228774998971;0.013671060067307117
2022-08-06 10:34:15.660;1.931147277360678;-786.7468731281333;-0.9051224454394847;-0.1814819733118611;-0.16794871981344173;0.08122892771298584;-0.21861881986963994;-0.2068879527311296;0.0719616728700716;-0.33260231551281194;-0.3312228774998971;0.013671060067307117
2022-08-06 10:34:15.680;1.9515193877628763;-786.163447942854;-0.9044512368863049;-0.18561417999228524;-0.17319741442682712;0.07488620415425018;-0.21655271652937103;-0.20460291238040185;0.07318080184897013;-0.3257153043787717;-0.3239169085928211;0.015960579013023057
2022-08-06 10:34:15.700;1.9747714794382323;-785.5800280273907;-0.9037800343958488;-0.18974638667270938;-0.17844498702359957;0.06854983475312881;-0.21448661318915896;-0.20231783272830484;0.07440014276734885;-0.31882829324467465;-0.3166107586674798;0.01825103993786037
2022-08-06 10:34:15.720;2.0012018347676985;-784.9966133806665;-0.9031088379668771;-0.19387859335319035;-0.18369143857913528;0.06221981392751541;-0.2124205098489469;-0.2000327137687563;0.0756196956571511;-0.31194128211063443;-0.30930442765532007;0.020542443183543035
2022-08-06 10:34:15.740;2.030977356453355;-784.4132040016048;-0.9024376475981514;-0.1980108000336145;-0.18893677006807152;0.05589613609962818;-0.21035440650873483;-0.19774755549544665;0.07683946055031932;-0.31194128211063443;-0.30930442765532007;0.020542443183543035
2022-08-06 10:34:15.760;2.064121164669472;-783.8297998891285;-0.9017664632884325;-0.20214300671403862;-0.1941809824647045;0.04957879569584556;-0.20828830316852276;-0.19546235790274835;0.07805943747875599;-0.31194128211063443;-0.30930442765532007;0.020542443183543035
2022-08-06 10:34:15.780;2.1005309402378307;-783.2463913382744;-0.9010952738725283;-0.18974638667270938;-0.18009670333660566;0.059047256928709047;-0.21035440650873483;-0.19759854459916681;0.07769783674098818;-0.31194128211063443;-0.30930442765532007;0.020542443183543035
2022-08-06 10:34:15.800;2.139910504635721;-782.6629686434826;-0.90042406818456;-0.17734976663138013;-0.166009832263601;0.06852999701655182;-0.2124205098489469;-0.19973473419823762;0.07733621437766747;-0.31194128211063443;-0.30930442765532007;0.020542443183543035
2022-08-06 10:34:15.820;2.1818489027739507;-782.079531802483;-0.899752846221916;-0.1649531465900509;-0.15192036577466084;0.0780270349208072;-0.21448661318915896;-0.2018709266978007;0.07697457040010391;-0.31194128211063443;-0.30930442765532007;0.020542443183543035
2022-08-06 10:34:15.840;2.225812507311404;-781.4960808130054;-0.8990816079819847;-0.15255652654872165;-0.13782830039426486;0.08753838962527727;-0.21655271652937103;-0.2040071220960371;0.07661290481943439;-0.31194128211063443;-0.3091597662407253;0.021373958353395395
2022-08-06 10:34:15.860;2.271159929971674;-780.9126156727943;-0.898410353462171;-0.1401599065073924;-0.12373363264336845;0.09706408013604673;-0.21861881986963994;-0.2061433203908436;0.07625121764692899;-0.31194128211063443;-0.30901510468191873;0.022205475727993473
2022-08-06 10:34:15.880;2.3171624704241225;-780.3291411823229;-0.8977390881852374;-0.15049042320862327;-0.13305812723993782;0.10305379597024622;-0.21861881986963994;-0.20632947765974308;0.07517883272443449;-0.31194128211063443;-0.30901510468191873;0.022205475727993473
2022-08-06 10:34:15.900;2.3630905889500466;-779.7456830092633;-0.8970678416808673;-0.1608209399096836;-0.14238174117648228;0.10904907708003986;-0.21861881986963994;-0.20651563547263407;0.0741064469544419;-0.31194128211063443;-0.30901510468191873;0.022205475727993473
2022-08-06 10:34:15.920;2.408157248396207;-779.1622341974071;-0.8963966059462067;-0.17115145661080078;-0.15170447382044827;0.11504992788914503;-0.21861881986963994;-0.2067017938298008;0.0730340603365276;-0.31194128211063443;-0.30901510468191873;0.022205475727993473
2022-08-06 10:34:15.940;2.4516086432401067;-778.5787947460121;-0.8957253809804019;-0.1814819733118611;-0.16102632453985066;0.1210563528241888;-0.21861881986963994;-0.2068879527311296;0.0719616728700716;-0.31194128211063443;-0.30901510468191873;0.022205475727993473
2022-08-06 10:34:15.960;2.492752323452214;-777.9953559379283;-0.8950541567547021;-0.17734976663138013;-0.15298585416829624;0.1434620248760945;-0.21861881986963994;-0.20681348910536457;0.07239062795849627;-0.31194128211063443;-0.30901510468191873;0.022205475727993473
2022-08-06 10:34:15.980;2.530925432593234;-777.411909049617;-0.894382923233007;-0.17321755995101284;-0.1449318038014873;0.16594619496204555;-0.21861881986963994;-0.2067390255664563;0.07281958291111312;-0.3084977765435575;-0.30526131743624774;0.02392949528969357
2022-08-06 10:34:16.000;2.5655883914025095;-776.8284540675304;-0.8937116803997304;-0.16908535327053187;-0.1368641329385447;0.18850910327562698;-0.21861881986963994;-0.2066645621148595;0.07324853772796125;-0.30505427097653737;-0.30150743618440856;0.025654020083782036
2022-08-06 10:34:16.020;2.596311754037078;-776.2449909780917;-0.8930404282392526;-0.1649531465900509;-0.1287828009780334;0.21115099065435317;-0.21861881986963994;-0.20659009875023315;0.07367749240908061;-0.30161076540951726;-0.29775346090173116;0.027379050238747205
2022-08-06 10:34:16.040;2.62279906834715;-775.6615197676656;-0.8923691667358867;-0.1608209399096836;-0.12068776721796226;0.23387209858166003;-0.21861881986963994;-0.20651563547263407;0.0741064469544419;-0.30161076540951726;-0.29775346090173116;0.027379050238747205
2022-08-06 10:34:16.060;2.644892546097709;-775.0780402601886;-0.8916978956870784;-0.15255652654872165;-0.11225548520124917;0.23467229994961425;-0.21861881986963994;-0.20659009875023315;0.07367749240908061;-0.30161076540951726;-0.29775346090173116;0.027379050238747205
2022-08-06 10:34:16.080;2.6625719159552936;-774.4945522864655;-0.8910266148981748;-0.14429211318787338;-0.10382317839466637;0.23547259956155742;-0.21861881986963994;-0.2066645621148595;0.07324853772796125;-0.30161076540951726;-0.29775346090173116;0.027379050238747205
2022-08-06 10:34:16.100;2.675949991496219;-773.9110558465836;-0.8903553243692768;-0.13602769982702512;-0.0953908467948601;0.2362729974282276;-0.21861881986963994;-0.2067390255664563;0.07281958291111312;-0.30161076540951726;-0.29775346090173116;0.027379050238747205
2022-08-06 10:34:16.120;2.685254470798525;-773.3275509406594;-0.889684024100518;-0.12776328646617685;-0.08695849039870396;0.23707349356026608;-0.21861881986963994;-0.20681348910536457;0.07239062795849627;-0.30161076540951726;-0.29775346090173116;0.027379050238747205
2022-08-06 10:34:16.140;2.690836438111784;-772.7440306127464;-0.8890127060893459;-0.11949887310527174;-0.0785261092028442;0.2378740879683816;-0.21861881986963994;-0.2068879527311296;0.0719616728700716;-0.3067760237600474;-0.3033843885626766;0.024791694524660457
2022-08-06 10:34:16.160;2.693125752540908;-772.1605056992776;-0.8883413828026656;-0.1071022530639425;-0.06396644752206626;0.25007050484229776;-0.2124205098489469;-0.2002313675899572;0.07447534863848304;-0.31194128211063443;-0.30901510468191873;0.022205475727993473
2022-08-06 10:34:16.180;2.6925860449239147;-771.5769661666782;-0.88767004269723;-0.09470563302261326;-0.04940267653646302;0.26228981642506355;-0.2062221998283107;-0.19357459676316324;0.07698999888523339;-0.31194128211063443;-0.30901510468191873;0.022205475727993473
2022-08-06 10:34:16.200;2.689743379641302;-770.9934120111793;-0.886998685768703;-0.08230901298134086;-0.03483478945972607;0.27453206051736956;-0.20002388980761765;-0.1869176401837862;0.07950562394985639;-0.31194128211063443;-0.30901510468191873;0.022205475727993473
2022-08-06 10:34:16.220;2.6851294114262876;-770.409843229012;-0.8863273120127486;-0.06991239294001161;-0.020262779495997307;0.2867972749751697;-0.19382557978698145;-0.18026049778435294;0.08202222417206873;-0.31194128211063443;-0.30901510468191873;0.022205475727993473
2022-08-06 10:34:16.240;2.6792645762887037;-769.8262598163928;-0.8856559214250141;-0.05751577289868237;-0.005686639839982632;0.2990854977098092;-0.18762726976634525;-0.17360316949784504;0.08453979989157467;-0.31194128211063443;-0.30901510468191873;0.022205475727993473
2022-08-06 10:34:16.260;2.6726030627248365;-769.2426768906807;-0.8849845313974477;-0.07301154795027287;-0.02123282743562882;0.2991097219977519;-0.1953751572921405;-0.1817072693451891;0.08264601805653182;-0.31194128211063443;-0.30901510468191873;0.022205475727993473
2022-08-06 10:34:16.280;2.6656204901713165;-768.6576393394134;-0.884311467878337;-0.09138193792028915;-0.03994353446498522;0.2975241772684649;-0.2059945324800978;-0.19297402955859155;0.07913341707828181;-0.31481384636913035;-0.31203425468390833;0.02141249932332201
2022-08-06 10:34:16.300;2.658694594859818;-768.0696843373225;-0.8836350479426784;-0.10975189192760126;-0.05865373806412677;0.2959388157738232;-0.2166136256410809;-0.20424018265654098;0.07562244971597298;-0.31768628234862817;-0.31505326323542704;0.02061958192438329
2022-08-06 10:34:16.320;2.652134033680755;-767.4788265880707;-0.8829552885064784;-0.1281214100029615;-0.07736343826465841;0.2943536375479727;-0.22723243679549654;-0.21550572875158736;0.07211311559357458;-0.32055859005924603;-0.31807213034272763;0.019826723556798598
2022-08-06 10:34:16.340;2.6461911741766952;-766.8865209069409;-0.8822738632795559;-0.12596267652043025;-0.07719118227075583;0.2828787812542055;-0.22094171423244546;-0.20890414235301336;0.0737757935297374;-0.3204659552717395;-0.3179782644951388;0.019832200814332346
2022-08-06 10:34:16.360;2.641003938233368;-766.2942148102229;-0.881592437574515;-0.12380394158174113;-0.07701553360996982;0.27142387158476033;-0.21465098756814172;-0.20230249209415518;0.07543874881596668;-0.32037332035059407;-0.3178843985107278;0.019837678083973742
2022-08-06 10:34:16.380;2.636681445011125;-765.7029801648096;-0.8809122445335724;-0.11847768391771751;-0.07343897348451733;0.26124849117615323;-0.20519587666009187;-0.19230395558493996;0.07837645119639358;-0.31711515265379475;-0.31442780957411287;0.02092198163597203
2022-08-06 10:34:16.400;2.6332514819120467;-765.113913966612;-0.8802345462089278;-0.11315121456078714;-0.06985966546998057;0.2510882793616025;-0.19574046118341215;-0.18230486579070515;0.08131540517968627;-0.31385681988774294;-0.3109710049600949;0.022006551161529053
2022-08-06 10:34:16.420;2.630681643767545;-764.5270171784432;-0.879559343708261;-0.10782453349281695;-0.06627761245832531;0.2409432176796793;-0.18628474111252302;-0.17230522259753656;0.08425561116662106;-0.3105983220376025;-0.30751398463962687;0.023091386733902652
2022-08-06 10:34:16.440;2.628902113937074;-763.9402969483708;-0.8788843443309894;-0.11672093306782472;-0.07891813984130991;0.2195796233363314;-0.19517854208591956;-0.18182944388322397;0.08080570144860477;-0.31329470817632554;-0.3103768556603086;0.02218099747639979
2022-08-06 10:34:16.460;2.627850016860257;-763.3517592799253;-0.8782072540597835;-0.12561710404065707;-0.09154604516576015;0.1982869241819012;-0.20407211456588215;-0.1913530732142803;0.07735769230156642;-0.3159909812739521;-0.3132395781977948;0.021270794676969906
2022-08-06 10:34:16.480;2.627430063668551;-762.7623191552193;-0.8775291255468696;-0.13175353072199414;-0.10120958467766528;0.17811626242417056;-0.21020860076853154;-0.19792224841560113;0.07499026483334692;-0.3159292203770825;-0.3131769961454438;0.021274448330400375
2022-08-06 10:34:16.500;2.627545183541838;-762.1728886678975;-0.8768510081214008;-0.13788995998959308;-0.11086219339447112;0.15800845688633203;-0.2163450895571586;-0.20449126242530014;0.07262369157875259;-0.31586745942098204;-0.3131144140327251;0.021278101989184783
2022-08-06 10:34:16.520;2.628115623041298;-761.5834678070605;-0.8761729017708377;-0.14402639184299915;-0.12050390048964132;0.13796333618204404;-0.22248158093187698;-0.2110601152982312;0.07025797226493502;-0.3158056984054234;-0.31305183185889973;0.021281755653347112
2022-08-06 10:34:16.540;2.6290906302044865;-760.9938449193069;-0.8754945629959675;-0.14465677023815715;-0.12569441931467296;0.11174148018147445;-0.22052876306533875;-0.20890991465400788;0.07135526626384969;-0.3164357394713271;-0.3137202479709913;0.02107205094628206
2022-08-06 10:34:16.560;2.6304412111218376;-760.4038084997228;-0.8748157484684069;-0.14528714245795982;-0.13086646926902645;0.08562708428725596;-0.2185759502735536;-0.20675968693475255;0.07245273314999157;-0.31706577436528605;-0.31438865601876387;0.020862356184381703
2022-08-06 10:34:16.580;2.6321799731333324;-759.8134231978402;-0.8741365325649908;-0.14566104478194575;-0.13574938254189206;0.05969684955498078;-0.21636691900473437;-0.20433828464481252;0.07363112454393139;-0.31743947660589455;-0.3147880587898726;0.020721078740441712
2022-08-06 10:34:16.600;2.6343559690897558;-759.222753584043;-0.8734569895714975;-0.14603494493343305;-0.14061409102939493;0.03387258539574223;-0.21415789223490123;-0.20191684915428;0.07480971796378011;-0.31781317667531184;-0.31518745857448494;0.02057980562090922
2022-08-06 10:34:16.620;2.637042351848832;-758.6318020904218;-0.8727771222859554;-0.1546730779297718;-0.1499913725960802;0.029788174495713804;-0.21659750216118567;-0.2045312450417427;0.07385254995996426;-0.3181868745733105;-0.3155868553723735;0.020438536825667875
2022-08-06 10:34:16.640;2.640372403971144;-758.0407083591926;-0.8720970913614384;-0.1629373129470082;-0.15896548778497177;0.02586468191425695;-0.2186635609155232;-0.20674179402308113;0.07306228175805174;-0.3181868745733105;-0.3155868553723735;0.020438536825667875
2022-08-06 10:34:16.660;2.644482579802241;-757.4496308030866;-0.8714170790457874;-0.17120154796430143;-0.16793914021585366;0.021943657907726788;-0.22072961966980387;-0.20895232472027914;0.07227210883928858;-0.3181868745733105;-0.3155868553723735;0.020438536825667875
2022-08-06 10:34:16.680;2.6495111009993497;-756.8592131517144;-0.8707378259255101;-0.1773771696770723;-0.1746881624127674;0.018764538395364738;-0.22070882377615675;-0.20893318585725495;0.07226213979199425;-0.31609914059697175;-0.31337785061924706;0.021099569323736134
2022-08-06 10:34:16.700;2.6556088561671785;-756.270107611701;-0.8700600823395981;-0.18355284281977902;-0.1814369416182764;0.015586998012516062;-0.22068798994492766;-0.20891400622772238;0.07225218626985619;-0.3140113388463952;-0.311168758882161;0.02176070240287764
2022-08-06 10:34:16.720;2.6629282601002835;-755.6823090433245;-0.8693838423749963;-0.17733194659018636;-0.17233194454744094;0.03205758824494698;-0.21240270430413233;-0.20007718926833462;0.07526056212613863;-0.31192346931760184;-0.30895958015378255;0.02242193608049181
2022-08-06 10:34:16.740;2.6715562911241286;-755.0951565328942;-0.8687083456755642;-0.17282899385742212;-0.16506800488000195;0.047853130868219296;-0.20583394705200675;-0.19309377564317032;0.07751531742908568;-0.3063876143251001;-0.3031040596262642;0.024163743174078434
2022-08-06 10:34:16.760;2.681562485561961;-754.5079957335329;-0.8680328394400312;-0.16832602840571553;-0.15779715690175422;0.06368834661971867;-0.19926517179148817;-0.18611019574850474;0.07977083411565733;-0.30085174396901593;-0.2972484181304935;0.025906096407929624
2022-08-06 10:34:16.780;2.692964346029158;-753.9209549680018;-0.8673574712988684;-0.1638106419518408;-0.1504861893750764;0.07968267081525848;-0.1926839800674074;-0.17909234676871932;0.08215188063669299;-0.30046873361163406;-0.29684205797957475;0.026033687989497345
2022-08-06 10:34:16.800;2.705723757075856;-753.3341626179681;-0.866682388950316;-0.1592952422796543;-0.1431681656679622;0.09571752223713759;-0.18610276965838324;-0.17207431398210105;0.08453378084574492;-0.30008572097341;-0.29643569484773025;0.026161283249375167
2022-08-06 10:34:16.820;2.7197443147438767;-752.7476163563915;-0.8660075897172022;-0.14858147850623027;-0.131011325228517;0.10380944120485935;-0.19088518384969433;-0.17712887831768143;0.08306373099790054;-0.29970270605428695;-0.29602932873496;0.026288882187657236
2022-08-06 10:34:16.840;2.73485384679816;-752.1609874367932;-0.8653326953891686;-0.13842709923176244;-0.11947323526934284;0.11157035981962249;-0.1962265246300703;-0.18280588636658734;0.08123916099381212;-0.2998788235793164;-0.2962360528649697;0.026116004561390405
2022-08-06 10:34:16.860;2.7508157060195164;-751.5739496195238;-0.8646573306398689;-0.12827273204766243;-0.10793343991295856;0.11934073413519286;-0.20156785864283933;-0.18848279686297786;0.0794150530529043;-0.3000549406226547;-0.2964427755997576;0.02594313202684173
2022-08-06 10:34:16.880;2.7673550573143695;-750.9866944772584;-0.8639817158664023;-0.11794215981512934;-0.09618088327144747;0.12731750324565372;-0.2067331447591627;-0.1939475282281009;0.0777954275195123;-0.3000549406226547;-0.2964427755997576;0.02594313202684173
2022-08-06 10:34:16.900;2.7841166411831084;-750.3994452236147;-0.8633061078675714;-0.12827273204766243;-0.10573264205024557;0.13200113249555034;-0.20845490679791823;-0.1958104707406605;0.07701725724071373;-0.3000549406226547;-0.2964427755997576;0.02594313202684173
2022-08-06 10:34:16.920;2.800741078519499;-749.8122056215143;-0.8626305109724752;-0.13860330428019552;-0.11528388043987903;0.13668813333413876;-0.2101766688366169;-0.19767339566870845;0.07623918019927967;-0.3000549406226547;-0.2964427755997576;0.02594313202684173
2022-08-06 10:34:16.940;2.816849008765198;-749.2254090386632;-0.8619554237542267;-0.14716783120923083;-0.12297092464010362;0.14190532838692071;-0.21013399221319418;-0.19767118469408018;0.07600520920427734;-0.2982897143911565;-0.294592007339304;0.026404303282783204
2022-08-06 10:34:16.960;2.832045080838997;-748.6394894790064;-0.8612813455179082;-0.15573243567780537;-0.13065735226709663;0.14712688126407958;-0.21009128816265132;-0.1976689432627481;0.07577125528039019;-0.296524439708886;-0.292741180443727;0.02686552703734435
2022-08-06 10:34:16.980;2.8459498855745378;-748.0540131192611;-0.8606077771662823;-0.16581594905096608;-0.13995604514090942;0.1518416906056208;-0.21156609652253877;-0.19928101976150714;0.07501057286935442;-0.29627735184794446;-0.2924908028403479;0.026880164714991217
2022-08-06 10:34:17.000;2.8582216899327735;-747.4685454998762;-0.8599342188701098;-0.17589947911289983;-0.14925422713244885;0.15655990849749202;-0.21304090687331012;-0.20089308171642273;0.0742499791419462;-0.2960302630377747;-0.29224042426545793;0.026894802478677704
2022-08-06 10:34:17.020;2.868590905152665;-746.8830757972682;-0.859260658177268;-0.16532157645747247;-0.1370677948923209;0.16560569941889902;-0.20504588823708758;-0.1923831751268139;0.07705306603261342;-0.295783173278263;-0.2919900447193413;0.026909440328410916
2022-08-06 10:34:17.040;2.8767989274053507;-746.2976726190609;-0.8585871740182267;-0.15475443950629142;-0.12487705934816873;0.17473790883469853;-0.19706163067385063;-0.18387070440845577;0.07993298963222983;-0.29554686224491533;-0.2915945658479018;0.027820213657648196
2022-08-06 10:34:17.060;2.882689763857634;-745.7124154199919;-0.8579138578026488;-0.14418728481734888;-0.1126839540113771;0.18388315005179656;-0.18907735959074756;-0.1753579795547111;0.08281415647352564;-0.29531055034328446;-0.29119908089097635;0.028731017122691327
2022-08-06 10:34:17.080;2.886189240780882;-745.1266880316325;-0.8572400006521211;-0.13518552080000745;-0.1021789724860902;0.1923529145383096;-0.18265714310265224;-0.16853714343923087;0.08499077142599987;-0.2966388641443096;-0.2926216665031234;0.028212131403315688
2022-08-06 10:34:17.100;2.8873096579397535;-744.5398771235996;-0.8565648969532942;-0.13031608285973562;-0.09543080451570418;0.20306523368739526;-0.19018334342350585;-0.17663343596549197;0.08186052976260161;-0.29796715051451983;-0.29404421383611634;0.027693303337448683
2022-08-06 10:34:17.120;2.8861542576631614;-743.9519865208786;-0.8558885511066687;-0.12544667436668533;-0.0886795986186577;0.21379506977878648;-0.19770945943346163;-0.18472935154371584;0.0787318286727201;-0.29929540945493827;-0.2954667228922858;0.02717453291815808
2022-08-06 10:34:17.140;2.882929526121406;-743.3635448094792;-0.855211571230406;-0.11892384284158197;-0.08015779657066346;0.22516583171683013;-0.2035836665814017;-0.1910570781857004;0.07623914058245607;-0.2989711204157821;-0.29513811679623814;0.027193740755953932
2022-08-06 10:34:17.160;2.8779045936049825;-742.7751006544349;-0.8545345885428225;-0.1124009957905514;-0.07163246773834331;0.2365565405743011;-0.20945788598444182;-0.19738463586920574;0.07374740773979926;-0.2986468297414113;-0.2948095090269476;0.02721294874190061
2022-08-06 10:34:17.180;2.871407577743043;-742.1870372759804;-0.853858043924267;-0.10503121201145404;-0.06217873021134679;0.24839872222150206;-0.21448610275566438;-0.20278713569077667;0.07169375976768944;-0.2974761298080999;-0.29356741770817507;0.027603054422673523
2022-08-06 10:34:17.200;2.863834815305651;-741.5997482495804;-0.8531823901683883;-0.10179363919269235;-0.058284777607330085;0.2521101335879292;-0.2133159247325338;-0.20148337012718542;0.07243946320093819;-0.29630540856566867;-0.2923252985392537;0.027993194479511985
2022-08-06 10:34:17.220;2.855629201162576;-741.0132374402237;-0.8525076317217091;-0.09855602833630428;-0.05439039914628907;0.25582371993315967;-0.21214572540943522;-0.20017956742238852;0.07318525252705044;-0.2951346660133787;-0.2910831515183645;0.02838336891584703
2022-08-06 10:34:17.240;2.8472548022006627;-740.4286498758083;-0.8518350858954087;-0.09148231936825368;-0.04641040228048965;0.26089557673431685;-0.2071436318043638;-0.19479220206468284;0.07530269565924108;-0.2901302503393559;-0.2857933391358074;0.029937207317709102
2022-08-06 10:34:17.260;2.839166294189434;-739.8471382670468;-0.8511660788394532;-0.08440814929724638;-0.03842916003631913;0.2659717398717243;-0.20214114897256508;-0.18940428888210903;0.07742098012970633;-0.2851254452580143;-0.2805030303904914;0.03149160479238411
2022-08-06 10:34:17.280;2.831799992189814;-739.2671674230442;-0.8504988443749295;-0.08234192827615061;-0.03578797444251691;0.2692380451136307;-0.20214114897256508;-0.18935461958303534;0.07770709181306135;-0.2851254452580143;-0.2805030303904914;0.03149160479238411
2022-08-06 10:34:17.300;2.825577259446295;-738.6871913303548;-0.849831603871991;-0.07201082317089913;-0.02790776499526615;0.25492939100727163;-0.19439282014362647;-0.18103285206776576;0.08085229183096043;-0.2851254452580143;-0.2805030303904914;0.03149160479238411
2022-08-06 10:34:17.320;2.8208468817145445;-738.107207372952;-0.8491643543209976;-0.06167971806553396;-0.02002240649565934;0.2406517852662402;-0.186644491314631;-0.17271079411923296;0.08399901598079751;-0.2851254452580143;-0.2805030303904914;0.03149160479238411
2022-08-06 10:34:17.340;2.8178961631481183;-737.526844543354;-0.8484966688919099;-0.05212315998511485;-0.012978994821796874;0.22600341189207285;-0.17966983241975498;-0.1652359849281524;0.08673757080875255;-0.29106495090007556;-0.28682041392806923;0.029422434763890948
2022-08-06 10:34:17.360;2.8169295056639676;-736.9457322973685;-0.8478281212876851;-0.042566647835201366;-0.005930134859941205;0.2113880348933419;-0.17269520565363194;-0.1577609897507486;0.08947726549415513;-0.29700441960556745;-0.29313761118646653;0.027354046083599926
2022-08-06 10:34:17.380;2.8180666437960395;-736.3642387285145;-0.8471591349859591;-0.042257497982063796;-0.0068835442459409535;0.20411978259769992;-0.17651883297590842;-0.1618943541154394;0.08777127822028863;-0.29669552334376803;-0.2928246007685402;0.027372353442976838
2022-08-06 10:34:17.400;2.821346316357797;-735.782752264502;-0.8464901568580839;-0.041948346644005596;-0.007835561220108644;0.19685965108532422;-0.18034246763547657;-0.16602764137578419;0.08606573817719898;-0.2963866255982417;-0.29251158883238304;0.027390660936963407
2022-08-06 10:34:17.420;2.826695411807693;-735.2012659720713;-0.845821178927607;-0.04163919382114045;-0.008786187092344022;0.18960763244886625;-0.1841661096325069;-0.17016085155230343;0.08436064525961307;-0.2960777263691021;-0.2921985753778813;0.027408968565516112
2022-08-06 10:34:17.440;2.833967812070074;-734.6183487338058;-0.8451505547482062;-0.04590592342094624;-0.014614727659964188;0.18070948257762343;-0.1925601594516806;-0.1791754685748046;0.08095732796021693;-0.3003409560302508;-0.29672175020738223;0.02598854440840359
2022-08-06 10:34:17.460;2.8429487276899605;-734.0325764637164;-0.8444766459629499;-0.05017237022229892;-0.02044073142772973;0.17182418656956688;-0.20095380507833482;-0.18818931368669922;0.07755594613853312;-0.3046039031248675;-0.30124455575651155;0.02456857596197448
2022-08-06 10:34:17.480;2.8533782676577424;-733.446223911953;-0.843802069585631;-0.03488780657391999;-0.006473219713686973;0.1639463121521363;-0.19806980070890035;-0.1851420956253591;0.07843732026699257;-0.291387884373588;-0.28723889597597463;0.028878835498723276
2022-08-06 10:34:17.500;2.8648999858888926;-732.8615613228249;-0.8431294374462435;-0.01960286622147578;0.007496080227181068;0.15607750239522122;-0.1951856669598655;-0.18209471743843864;0.07931885283380602;-0.27817153021913654;-0.27323223981312594;0.03319253156233515
2022-08-06 10:34:17.520;2.877151925235373;-732.2785937681838;-0.8424587553797604;-0.004317549138079357;0.021467167324853875;0.14821774918196073;-0.19230140382094163;-0.17904717910911216;0.08020054387232012;-0.26495484063724106;-0.25922458673636584;0.03750966667553168
2022-08-06 10:34:17.540;2.8897589883246053;-731.696468396658;-0.8417890422130175;0.008729094145053296;0.03302863075120044;0.13942012197682097;-0.19165296400156961;-0.17841341904769337;0.0801027647367718;-0.26430607665576744;-0.258567164652618;0.037548190032153705
2022-08-06 10:34:17.560;2.9023576634154447;-731.1143298090392;-0.8411193138416606;0.02177579954883413;0.04459206380019154;0.1306344073474177;-0.19100451764145276;-0.17777965277050356;0.08000498405308232;-0.2636573061303089;-0.25790973587231747;0.03758671398349467
2022-08-06 10:34:17.580;2.914567603084013;-730.5331819093917;-0.8404507252192496;-9.035127095557982e-05;0.0243834924507631;0.14059634137858978;-0.18188113087224878;-0.16803688215158985;0.08338660950328425;-0.26073120028155117;-0.2548048319985696;0.038563617935412964
2022-08-06 10:34:17.600;2.9261307289074;-729.9540319043226;-0.8397844350987942;-0.021956870157566755;0.0041770297413243895;0.15057422703161105;-0.1727574857339036;-0.15829350342996662;0.08677005357309042;-0.2578049613221616;-0.2516997540735133;0.03954073702214256
2022-08-06 10:34:17.620;2.936797283991936;-729.3768864314843;-0.8391204511166619;-0.04382375713436204;-0.01602732106650606;0.16056808775003528;-0.1636335822070336;-0.14854951640241865;0.09015531718017566;-0.2548785892415104;-0.24859450207600275;0.04051807129685869
2022-08-06 10:34:17.640;2.9463980979478333;-728.800748450165;-0.8384576262153198;-0.06796998495468642;-0.038703208940692235;0.16950335706713027;-0.15678611690722022;-0.1412820045265093;0.0924347725228678;-0.25422972361729634;-0.24793696848928448;0.04055664170796991
2022-08-06 10:34:17.660;2.95482312697208;-728.2246381873629;-0.8377948332030808;-0.09211631738457982;-0.06137737522161402;0.17845078244454626;-0.14993861727437974;-0.13401430610198162;0.09471500629766627;-0.2535808514472784;-0.24727942820368298;0.04059521271492361
2022-08-06 10:34:17.680;2.9620395444305148;-727.648586408839;-0.8371321074747863;-0.0971460260387289;-0.06501143360410211;0.18657940003878348;-0.149802698074744;-0.13386859974260545;0.09476859747538757;-0.2534448788661017;-0.2471351431202038;0.04064062877520147
2022-08-06 10:34:17.700;2.9680549544259986;-727.0726307547666;-0.8364694923340282;-0.10217573925831402;-0.06864379517228159;0.19471821935734912;-0.14966677858782163;-0.13372289299174867;0.09482218920305652;-0.2533089059974678;-0.24699085766081907;0.04068604530016717
2022-08-06 10:34:17.720;2.9729477591029263;-726.4967712371945;-0.8358069877946686;-0.10720545704316464;-0.07227445816679179;0.20286725153649954;-0.1495308588136126;-0.13357718584929756;0.09487578148067755;-0.2531729328414336;-0.24684657182547198;0.040731462289822495
2022-08-06 10:34:17.740;2.9768428382863688;-725.9213814754257;-0.8351450236915482;-0.11053019954044885;-0.0741115850298435;0.21149215392402798;-0.1476913578694834;-0.13163911920425875;0.09540587016627988;-0.2513327094426323;-0.2449226293221045;0.041180705938155704
2022-08-06 10:34:17.760;2.9799114055717757;-725.3468240659204;-0.8344840171781456;-0.09009218439382494;-0.05239005261055141;0.21846782142090948;-0.1479181321815517;-0.13188741540616178;0.09528655098238215;-0.24949243339653648;-0.24299862420804175;0.04163000062233735
2022-08-06 10:34:17.780;2.9822763837521666;-724.7726670126212;-0.8338234712593774;-0.07118605271409706;-0.03229081790997057;0.22495315448187903;-0.14967557710090063;-0.1337600903655911;0.09465880621604317;-0.2491834247076632;-0.24268548616072394;0.04164837568275015
2022-08-06 10:34:17.800;2.984082295175335;-724.198489335984;-0.8331629016142407;-0.05227987984619631;-0.012190271300458022;0.23144503336875388;-0.15143302494762878;-0.13563275807720032;0.0940311132721181;-0.24887441453421033;-0.2423723465940384;0.041666750878383674
2022-08-06 10:34:17.820;2.985438864983904;-723.624291035354;-0.8325023082419822;-0.033373665789781626;0.007911588416302351;0.23794346395643995;-0.15319047572196354;-0.13750541854155784;0.0934034721482;-0.24856540287623474;-0.24205920550804194;0.04168512620921749
2022-08-06 10:34:17.840;2.9864069350492257;-723.049851526077;-0.8318414373683217;-0.015426148402866602;0.027005277530545158;0.24417582509995128;-0.15590553895295756;-0.14038723557987254;0.09249851656748653;-0.24921440956438445;-0.24274789555772713;0.04146831596054401
2022-08-06 10:34:17.860;2.98693626873409;-722.4749668535151;-0.8311800543511818;-0.030539911607036174;0.012790728451843592;0.24965176729043215;-0.15655426113911375;-0.14105775019660172;0.09238625450777249;-0.2498634097047976;-0.24343657704457655;0.041251516299525726
2022-08-06 10:34:17.880;2.9869968551482855;-721.8990331946334;-0.8305174645150567;-0.047057606706118804;-0.002948908626397184;0.25445964497663276;-0.158605467774656;-0.14325428364568182;0.0915911316984861;-0.2519154952092286;-0.24563331184219805;0.04045577877990425
2022-08-06 10:34:17.900;2.9864282600290357;-721.3214531471822;-0.8298529805713106;-0.06357503123945207;-0.018687834884165255;0.259270644269586;-0.16065660898109257;-0.1454507298546659;0.09079612316115604;-0.2539675152564165;-0.24782995563475652;0.03966017692953816
2022-08-06 10:34:17.920;2.9849762764209773;-720.7422247320283;-0.8291866002430258;-0.0800921852202805;-0.034426050216413984;0.26408476645291135;-0.1627076847618909;-0.14764708883048883;0.09000122887792372;-0.2560194698499991;-0.2500265084308353;0.03886471072333908
2022-08-06 10:34:17.940;2.98232855267919;-720.1621800931243;-0.8285192808802665;-0.09455615426963959;-0.04794236651165207;0.26982877186825416;-0.1627076847618909;-0.14762219824191192;0.09014459097270766;-0.2560194698499991;-0.2500265084308353;0.03886471072333908
2022-08-06 10:34:17.960;2.978100926892151;-719.5821479009392;-0.8278519758369851;-0.10488756073351624;-0.0593725071976543;0.26371538602690325;-0.1678733879938008;-0.15315007658281132;0.08816403865816103;-0.2560194698499991;-0.2500265084308353;0.03886471072333908
2022-08-06 10:34:17.980;2.971851478053748;-719.0006688407229;-0.8271830062268968;-0.11933672678622997;-0.07522348017019809;0.2559406992855626;-0.17715317830955968;-0.16309988356314165;0.08449424603771494;-0.2601354666365374;-0.25440434407926205;0.03743118600756823
2022-08-06 10:34:18.000;2.963121191072794;-718.4162919932933;-0.8265107028224985;-0.13378533558773142;-0.09107210156495071;0.24817567051251466;-0.1864325585045421;-0.1730488589384649;0.08082666420090945;-0.2642512000754742;-0.2587818297885178;0.035998117716861344
2022-08-06 10:34:18.020;2.9514424770506156;-717.8290319599691;-0.8258350824220541;-0.14823338719600088;-0.10691837355952671;0.24042028854081643;-0.1957115286226312;-0.18299700300953958;0.07716129184685183;-0.26836667019687965;-0.26315896562016405;0.03456550568964367
2022-08-06 10:34:18.040;2.9364076062044613;-717.2403260869396;-0.8251577986378523;-0.13124027249398296;-0.09254931320228721;0.224980456283558;-0.19524838255923527;-0.18257626728179588;0.07690756169263846;-0.2679032926017122;-0.26268941033765714;0.03459298936158017
2022-08-06 10:34:18.060;2.9175897666677386;-716.651604471037;-0.8244804967420721;-0.11424710153062279;-0.07817429747050042;0.209576848291392;-0.1947852331590738;-0.18215552887070174;0.07665382864746206;-0.26743991166824443;-0.2622198516390313;0.03462047333638374
2022-08-06 10:34:18.080;2.894681343542613;-716.0632008839384;-0.8238035607263718;-0.0967159308923442;-0.06319221240451967;0.19456214843527864;-0.19378468965552287;-0.18113281334469633;0.07676115446235876;-0.2664388679822274;-0.26115767723462113;0.034954479047718756
2022-08-06 10:34:18.100;2.8674885166595683;-715.475449493395;-0.8231273750380781;-0.07918463033865919;-0.04820445497935921;0.17958159354331737;-0.1927841305808542;-0.1801100836472287;0.07686847117867668;-0.2654378087173619;-0.26009548246275926;0.03528850992201171
2022-08-06 10:34:18.120;2.8359503995870656;-714.8883510871165;-0.822451940583421;-0.06165319986655504;-0.03321103506826617;0.16463511767887073;-0.19178355593478358;-0.1790873397784125;0.0769757787944032;-0.2644367338733069;-0.2590332673229909;0.03562256596137381
2022-08-06 10:34:18.140;2.800168854846755;-714.3027314332649;-0.8217782073773593;-0.05785955754100769;-0.031127257474711456;0.15472545304741026;-0.18386174693502966;-0.17054779143111176;0.08037251595028838;-0.2606455270994239;-0.2550259689568293;0.03679883999493683
2022-08-06 10:34:18.160;2.7604394479431904;-713.719441486006;-0.8211071544103942;-0.05406569161181096;-0.029040785701372585;0.14483044808680123;-0.17593960633373484;-0.16200755128433997;0.08377115797995582;-0.25685409686542116;-0.2510183858687469;0.037975434178400214
2022-08-06 10:34:18.180;2.717213469877077;-713.1373158136194;-0.8204374408975221;-0.05384927149697205;-0.030771828236570542;0.13362570016569375;-0.1715908732964735;-0.15729128326588437;0.08579937098800183;-0.2566378156942015;-0.2507992180605356;0.037988277626835654
2022-08-06 10:34:18.200;2.6711505907980726;-712.5551913263989;-0.819767728748139;-0.053632850654310005;-0.03249951964093967;0.12244048721639889;-0.1672421333568863;-0.15257489042740957;0.08782821024598064;-0.2564215337956135;-0.2505800495079029;0.038001121141392424
2022-08-06 10:34:18.220;2.62307288152052;-711.9730680209977;-0.819098017958394;-0.0534164290840522;-0.03422386484576023;0.11127477954053866;-0.1628933865152007;-0.14785837273537794;0.0898576759270826;-0.2562052511699413;-0.2503608802112467;0.03801396472201457
2022-08-06 10:34:18.240;2.573935197724702;-711.3906249178908;-0.8184279392535148;-0.06989213191820909;-0.05168248582331003;0.10594507374095308;-0.16387099478250633;-0.14893742657155684;0.08929334324516436;-0.2675146432349571;-0.2623610771962035;0.03423960732207565
2022-08-06 10:34:18.260;2.5248452962435586;-710.8075414301202;-0.8177571238103621;-0.08636771515705277;-0.06914010298831741;0.10061990132653964;-0.16484858818645165;-0.15001645589037338;0.08872906268440328;-0.27882395061959286;-0.2743606946442583;0.03046782603851028
2022-08-06 10:34:18.280;2.4769674775840276;-710.2229936730655;-0.817084623780921;-0.10518496685159562;-0.08910667273042705;0.09437782037857012;-0.16816582454841722;-0.15361035104435672;0.08720330090098383;-0.28214237141270004;-0.27788746839434;0.029327712078170975
2022-08-06 10:34:18.300;2.4314994900848927;-709.6361619793679;-0.816409496168975;-0.12400169193989541;-0.10907148485884832;0.08814207634466431;-0.17148288978008708;-0.1572039950777011;0.08567796599909805;-0.2854606210144617;-0.2814140158160967;0.02818788850585907
2022-08-06 10:34:18.320;2.3896403290478823;-709.0470431787471;-0.815731737327237;-0.12112284357186809;-0.10474938118816013;0.09638757247821594;-0.17479978389715;-0.16081603677397283;0.08404564364100064;-0.2887786994405097;-0.2849403369413608;0.027048355239135624
2022-08-06 10:34:18.340;2.352468186320208;-708.456772933896;-0.8150526537925729;-0.11492425874513401;-0.09686968145880215;0.10593615835972159;-0.17479978389715;-0.16086576678198838;0.08375920571378526;-0.2887786994405097;-0.2849403369413608;0.027048355239135624
2022-08-06 10:34:18.360;2.320955950873151;-707.8664946846766;-0.8143735610491865;-0.10872567391857046;-0.08898744613029308;0.1154991019239553;-0.17479978389715;-0.16091549682865747;0.08347276772654144;-0.2887786994405097;-0.2849403369413608;0.027048355239135624
2022-08-06 10:34:18.380;2.2959371581177286;-707.2766347129727;-0.8136949495182214;-0.10106496796896636;-0.07954754564113742;0.12558262855094515;-0.1733390397031016;-0.15940816337680275;0.08371131491129269;-0.2804300824374728;-0.27608986884763453;0.029788422488888244
2022-08-06 10:34:18.400;2.278043533184271;-706.6876410509212;-0.8130173346436624;-0.09340416621222403;-0.07010468353943011;0.1356823063438357;-0.17187826232159154;-0.1579007957347116;0.08394986489920786;-0.27208136269160477;-0.2672390330365033;0.03252986774495792
2022-08-06 10:34:18.420;2.2676632452403123;-706.0995162909749;-0.8123407194080281;-0.10227307853898537;-0.07710141761336686;0.14662647046079602;-0.17661613046154656;-0.16287706953320225;0.08267333504066343;-0.26373254019932446;-0.2583878293769999;0.035272691639117504
2022-08-06 10:34:18.440;2.26501193441655;-705.5118339600667;-0.8116646131702261;-0.11214058373099078;-0.08518009952618755;0.1571117903280772;-0.18235161650621734;-0.168939955017116;0.0809045088615239;-0.2632691292167202;-0.2579182389698076;0.035300183183830214
2022-08-06 10:34:18.460;2.2700532233902404;-704.9241586139615;-0.8109885149681749;-0.12200811866108552;-0.09325601700462371;0.16761411885932276;-0.1880871190607749;-0.1750027815781081;0.0791360536102097;-0.262805714895304;-0.25744864514598476;0.035327675031524564
2022-08-06 10:34:18.480;2.2825231491579325;-704.3367998876565;-0.8103127810251984;-0.13141196045683046;-0.10080762495377726;0.17845691682665699;-0.19335933546513928;-0.18054297106944972;0.07769996337620633;-0.261878756344057;-0.2564650725112756;0.03563699819765276
2022-08-06 10:34:18.500;2.3019436552995667;-703.7500677342687;-0.8096377679306044;-0.140815855056303;-0.1083562663283466;0.18931802624926064;-0.1986315782186452;-0.18608314223151723;0.07626408279944386;-0.26095178443489075;-0.2554814824122218;0.03594634294209342
2022-08-06 10:34:18.520;2.327650852176822;-703.1639576357047;-0.808963470486498;-0.13988853894710473;-0.10567826989469964;0.19937238376632926;-0.19563883651098735;-0.1829537718437777;0.07699010956129726;-0.26002479916735055;-0.2544978748480844;0.03625570926653143
2022-08-06 10:34:18.540;2.3587913259818065;-702.5796703708402;-0.808291270143444;-0.13457022491405723;-0.09834086019944621;0.21088356897428984;-0.18825893745960087;-0.17516635419675453;0.07918705255986858;-0.2547083825669425;-0.24889428429992222;0.03781405718642894
2022-08-06 10:34:18.560;2.394365230805231;-701.9984195596116;-0.8076225631251612;-0.12925147129448078;-0.09099927221788917;0.22241609766663117;-0.18087852330707932;-0.16737825376022641;0.08138484845427385;-0.24939152653689334;-0.24329014408010607;0.03937297864592537
2022-08-06 10:34:18.580;2.433265027239232;-701.4186901332941;-0.8069556064025303;-0.12925147129448078;-0.08930502468374257;0.23216449694940788;-0.17881219470401533;-0.16524178634281128;0.08174670351621316;-0.24939152653689334;-0.24329014408010607;0.03937297864592537
2022-08-06 10:34:18.600;2.4743372289904833;-700.838959015724;-0.8062886477341772;-0.12925147129448078;-0.08760827479344258;0.24192748374040907;-0.17674586610095133;-0.16310532183077697;0.08210853693573394;-0.24939152653689334;-0.24329014408010607;0.03937297864592537
2022-08-06 10:34:18.620;2.516396831548527;-700.2592246436325;-0.8056216853216207;-0.12408564978670711;-0.08277954062006998;0.23988416889897834;-0.16899713383920556;-0.15472052971667694;0.08561404539785578;-0.24939152653689334;-0.24329014408010607;0.03937297864592537
2022-08-06 10:34:18.640;2.5582997350582373;-699.6783877245252;-0.8049534544705294;-0.118150506833274;-0.077347350879311;0.23687114929180986;-0.1604797251212844;-0.14573546940149384;0.08813372598285607;-0.24862250700124022;-0.2426645272676069;0.03853552512192415
2022-08-06 10:34:18.660;2.598936146368528;-699.0953752764108;-0.8042827207558075;-0.11221532725176075;-0.07191489474039159;0.23385959249510258;-0.15196226605981877;-0.13675018303106157;0.09065428183602275;-0.247853478287535;-0.2420388890391223;0.03769814761454526
2022-08-06 10:34:18.680;2.637294423648134;-698.5112711633919;-0.8036107311220073;-0.1070494782974265;-0.06708572783017885;0.23181890579902298;-0.1442134926283174;-0.1283644750307289;0.09416435775550624;-0.25474127689329507;-0.24934744789356955;0.03539931737753843
2022-08-06 10:34:18.700;2.6725258382225654;-697.9271700667814;-0.8029387449584704;-0.11531483662434994;-0.07791796926497696;0.21721602068395995;-0.14627983221006247;-0.13062559822312636;0.09308474637765674;-0.26162907549911196;-0.2566558250792923;0.033101432336274605
2022-08-06 10:34:18.720;2.7039764448071555;-697.3430798532572;-0.8022667713155117;-0.12358019495127337;-0.08874443893748563;0.20264593348073756;-0.1483461717917507;-0.13288668900494116;0.09200530856481492;-0.268516874104872;-0.2639640206652416;0.030804492148026164
2022-08-06 10:34:18.740;2.7311490259750566;-696.7554598138886;-0.801590736741764;-0.14248292746151492;-0.11094812031493362;0.18403036303766918;-0.1610418397632074;-0.14654176956386067;0.08673878404885915;-0.2791498458728334;-0.27524561976241557;0.027260467550191514
2022-08-06 10:34:18.760;2.7537793979360172;-696.16081155539;-0.8009066164684051;-0.16138329463586842;-0.13313930978555177;0.1654712702083838;-0.17373559911307979;-0.16019399420516578;0.08147726984360304;-0.2897810602120181;-0.286524921973637;0.023719277789390425
2022-08-06 10:34:18.780;2.7718051210259356;-695.5621839920132;-0.8002179181556723;-0.17109126303034827;-0.14549130836715918;0.15045031178522983;-0.17724397427067373;-0.16400382325840468;0.07981248054190626;-0.2912237625209819;-0.2880584825575738;0.023221979624675093
2022-08-06 10:34:18.800;2.7853417961017546;-694.9625806295444;-0.7995280972230849;-0.17253444790668482;-0.15024177776618686;0.1314497368901515;-0.1766199621042901;-0.1633670794248232;0.07987309114299102;-0.2926664324707495;-0.28959200029743215;0.02272473669854147
2022-08-06 10:34:18.820;2.7946733345263643;-694.3619991799424;-0.7988371510383382;-0.17397760041359334;-0.1549824660312744;0.11250577841737197;-0.17599593818808756;-0.16273032352514605;0.07993370307207481;-0.29410907006251463;-0.29112547519582677;0.022227549004206537
2022-08-06 10:34:18.840;2.800242202626606;-693.7609306530576;-0.7981456444896466;-0.1739312532353665;-0.15812035776824374;0.09418501223505871;-0.173883466199662;-0.16049731800577405;0.08058488418032006;-0.2785665602560208;-0.2746378101306277;0.02739133488596135
2022-08-06 10:34:18.860;2.802595141323278;-693.1598652465254;-0.7974541415308025;-0.1738849060237726;-0.1612492324270285;0.07591679428178377;-0.17177099351632563;-0.1582643003665325;0.08123612241430056;-0.2630240454552073;-0.25814922040922283;0.03255990467123038
2022-08-06 10:34:18.880;2.802354908248769;-692.5567053158375;-0.7967602289013379;-0.18033077162669997;-0.1713036978235074;0.05528231679255757;-0.17614633180007644;-0.1629826075400942;0.07934989693822825;-0.2694683011442258;-0.2649867669331911;0.030411058097727484
2022-08-06 10:34:18.900;2.8001949264508443;-691.9493852371306;-0.7960615301793234;-0.181610827615998;-0.17369580750247238;0.048909710212832636;-0.18516976431899224;-0.17258722789207326;0.07618621006174475;-0.27591191128641057;-0.27182346964320914;0.028263253388917775
2022-08-06 10:34:18.920;2.7967433174157863;-691.337922380837;-0.7953580653487821;-0.182890467953996;-0.17608625609634387;0.04254428469200011;-0.19419243671168118;-0.18219075034360088;0.07302427588951499;-0.28235487599681264;-0.27865932876534316;0.026116489977653146
2022-08-06 10:34:18.940;2.792604154252384;-690.7229612333394;-0.79465057586686;-0.1821787156549135;-0.17635059885899196;0.036915272596086623;-0.20122488151732654;-0.18966360386817627;0.07063062935537268;-0.2868068221135296;-0.28338487151972913;0.024620915730623416
2022-08-06 10:34:18.960;2.7882941352063417;-690.1051388078995;-0.7939397945931599;-0.18146681402112108;-0.1766138533171535;0.03129174983675043;-0.20825693890324004;-0.19713588252820813;0.06823794970933328;-0.29125846010986933;-0.2881100103361405;0.02312584532970341
2022-08-06 10:34:18.980;2.7842450444586606;-689.4858829587101;-0.7932273642197891;-0.17113703390975843;-0.16515629113095898;0.03757934699081389;-0.20825693890324004;-0.19721025561189975;0.06780953507980048;-0.29125846010986933;-0.2881100103361405;0.02312584532970341
2022-08-06 10:34:19.000;2.7807443141824644;-688.8666148975826;-0.7925149197970466;-0.16080725379839578;-0.1536975648883505;0.04387327020911336;-0.20825693890324004;-0.1972846287826755;0.06738112031400156;-0.29125846010986933;-0.2881100103361405;0.02312584532970341
2022-08-06 10:34:19.020;2.777971620375725;-688.2473346235274;-0.7918024613237937;-0.15047747368703313;-0.14223767353817962;0.0501735251071489;-0.20825693890324004;-0.19735900204036483;0.06695270541195963;-0.29125846010986933;-0.2881100103361405;0.02312584532970341
2022-08-06 10:34:19.040;2.775987784578593;-687.6280421355405;-0.7910899887988756;-0.14014769357572732;-0.1307766160281041;0.056480117304808175;-0.20825693890324004;-0.19743337538513828;0.06652429037359919;-0.29125846010986933;-0.2881100103361405;0.02312584532970341
2022-08-06 10:34:19.060;2.774745294225066;-687.0087374326322;-0.7903775022211537;-0.12981791346436466;-0.11931439130492905;0.06279305242638333;-0.20825693890324004;-0.1975077488170527;0.06609587519889626;-0.29125846010986933;-0.2881100103361405;0.02312584532970341
2022-08-06 10:34:19.080;2.7740906925184445;-686.3894267723736;-0.789665008789726;-0.1318838694866713;-0.11959658322618694;0.07309355961988295;-0.20619098288099025;-0.19524787941772814;0.06717084767143167;-0.29125846010986933;-0.2881100103361405;0.02312584532970341
2022-08-06 10:34:19.100;2.7738280144958005;-685.7701164113314;-0.7889525157025356;-0.1339498255089211;-0.11987592912047162;0.08341079592664524;-0.2041250268586836;-0.19298797773833343;0.06824599303046686;-0.29125846010986933;-0.2881100103361405;0.02312584532970341
2022-08-06 10:34:19.120;2.7736969307004955;-685.1508063464644;-0.7882400229560834;-0.13601578153111404;-0.12015242511612101;0.09374478499359995;-0.20205907083643382;-0.19072804377426422;0.0693213113006248;-0.29125846010986933;-0.2881100103361405;0.02312584532970341
2022-08-06 10:34:19.140;2.7734223779939744;-684.531489191977;-0.7875275220532919;-0.13808173755342068;-0.12042606733772132;0.10409555049665453;-0.19999311481418403;-0.18846807752080252;0.07039680250646718;-0.29125846010986933;-0.2881100103361405;0.02312584532970341
2022-08-06 10:34:19.160;2.7727253724312106;-683.9121797103508;-0.786815029977836;-0.14014769357572732;-0.1206968519050271;0.11446311614109472;-0.19792715879193423;-0.18620807897317349;0.07147246667262142;-0.29125846010986933;-0.2881100103361405;0.02312584532970341
2022-08-06 10:34:19.180;2.771342730521904;-683.2928692633795;-0.7861025367917875;-0.14014769357572732;-0.11861440811006574;0.12644303307315674;-0.20050960381970384;-0.18897106148769893;0.07048510814099629;-0.29125846010986933;-0.2881100103361405;0.02312584532970341
2022-08-06 10:34:19.200;2.769053405662246;-682.6735565950876;-0.7853900410501936;-0.14014769357572732;-0.11652811196561075;0.138445398082383;-0.20309204884758714;-0.19173401544710345;0.06949789840678378;-0.29125846010986933;-0.2881100103361405;0.02312584532970341
2022-08-06 10:34:19.220;2.765688282020706;-682.0542417013858;-0.7846775427483501;-0.14014769357572732;-0.11443795737367068;0.15047024785006435;-0.20567449387535675;-0.19449694085519553;0.068510837450102;-0.29125846010986933;-0.2881100103361405;0.02312584532970341
2022-08-06 10:34:19.240;2.7611377034475137;-681.4349245781559;-0.7839650418815192;-0.14014769357572732;-0.11234393822795496;0.16251761910979123;-0.20825693890324004;-0.19725983771601108;0.06752392525108775;-0.29125846010986933;-0.2881100103361405;0.02312584532970341
2022-08-06 10:34:19.260;2.7553675972775133;-680.8155992662869;-0.7832525315939693;-0.12775195744205803;-0.09907000092121976;0.16732444292033044;-0.20825693890324004;-0.19725983771601108;0.06752392525108775;-0.29125846010986933;-0.2881100103361405;0.02312584532970341
2022-08-06 10:34:19.280;2.748376619979963;-680.196259808472;-0.7825400050320451;-0.11535622130844558;-0.08579536998653126;0.1721348915640606;-0.20825693890324004;-0.19725983771601108;0.06752392525108775;-0.2947017201470281;-0.29163857117060843;0.022695035408083264
2022-08-06 10:34:19.300;2.740229752500099;-679.5769062043037;-0.7818274621952778;-0.10296048517483314;-0.07252004494054987;0.17694896746523447;-0.20825693890324004;-0.19725983771601108;0.06752392525108775;-0.29814498018413005;-0.2951671468226209;0.02226413043775466
2022-08-06 10:34:19.320;2.7310342349780714;-678.9575384533746;-0.7811149030831985;-0.0905647490412207;-0.059244025299708625;0.18176667304949223;-0.20825693890324004;-0.19725983771601108;0.06752392525108775;-0.30158824022117514;-0.2986957372813208;0.021833130478022156
2022-08-06 10:34:19.340;2.7209264816120515;-678.3381565552627;-0.7804023276953219;-0.07816901290760825;-0.04596731057992898;0.1865880107439306;-0.20825693890324004;-0.19725983771601108;0.06752392525108775;-0.30158824022117514;-0.2986957372813208;0.021833130478022156
2022-08-06 10:34:19.360;2.7100383207094594;-677.7187682390868;-0.779689744923706;-0.08023496892985804;-0.04719789625724857;0.1914344937934649;-0.20825693890324004;-0.1972846287826755;0.06738112031400156;-0.30158824022117514;-0.2986957372813208;0.021833130478022156
2022-08-06 10:34:19.380;2.69854291276547;-677.0993738501784;-0.7789771551656417;-0.08230092495222152;-0.04842787298574436;0.19628459569396206;-0.20825693890324004;-0.19730941985894646;0.06723831536180569;-0.30158824022117514;-0.2986957372813208;0.021833130478022156
2022-08-06 10:34:19.400;2.6865793815694596;-676.4799881552535;-0.7782645754096758;-0.08436688097447131;-0.04965724038831709;0.20113831879290966;-0.20825693890324004;-0.1973342109448808;0.06709551039442818;-0.30158824022117514;-0.2986957372813208;0.021833130478022156
2022-08-06 10:34:19.420;2.674258615390036;-675.8606037699865;-0.7775519971604214;-0.08643283699666426;-0.05088599808826544;0.2059956654391133;-0.20825693890324004;-0.19735900204036483;0.06695270541195963;-0.30158824022117514;-0.2986957372813208;0.021833130478022156
2022-08-06 10:34:19.440;2.6616664424941328;-675.2412206937224;-0.7768394204171255;-0.08849879301891406;-0.05211414570888806;0.21085663798270105;-0.20825693890324004;-0.19738379314568277;0.0668099004143059;-0.29642335016552224;-0.293402857145054;0.02247959480031181
2022-08-06 10:34:19.460;2.6488342163462963;-674.6218462267061;-0.7761268535784426;-0.10296048517483314;-0.06704460353509845;0.20844865759176479;-0.21238885094779647;-0.20172998141892862;0.06565964295468163;-0.29125846010986933;-0.2881100103361405;0.02312584532970341
2022-08-06 10:34:19.480;2.635788859246932;-674.0024876695607;-0.7754143050434628;-0.11742217733075222;-0.0819748641714888;0.20604158273858975;-0.2165207629923529;-0.2060761388696264;0.06450953282109939;-0.29125846010986933;-0.2881100103361405;0.02312584532970341
2022-08-06 10:34:19.500;2.622506839880808;-673.3831450224898;-0.7747017748124205;-0.1318838694866713;-0.09690492769195558;0.20363541311917288;-0.22065267503685249;-0.2104222654976624;0.06335957001808801;-0.29125846010986933;-0.2881100103361405;0.02312584532970341
2022-08-06 10:34:19.520;2.608936336802538;-672.7638182856972;-0.7739892628855501;-0.14634556164253354;-0.11183479417005415;0.20123014842966835;-0.22478458708140892;-0.21476836130366195;0.06220975454992406;-0.29125846010986933;-0.2881100103361405;0.02312584532970341
2022-08-06 10:34:19.540;2.5950057796074333;-672.1445074593867;-0.7732767692630861;-0.16080725379839578;-0.1267644636799652;0.1988257883662694;-0.22891649912596534;-0.21911442628751132;0.0610600864210733;-0.29125846010986933;-0.2881100103361405;0.02312584532970341
2022-08-06 10:34:19.560;2.5806516771387615;-671.5252047215108;-0.7725642849460594;-0.15564236374268603;-0.12701435157280017;0.1675670423022062;-0.2211691640423723;-0.21088812585005456;0.06366172063559272;-0.29125846010986933;-0.2881100103361405;0.02312584532970341
2022-08-06 10:34:19.580;2.5657781828265582;-670.9059022362853;-0.7718518009196974;-0.15047747368703313;-0.12723859900686207;0.13645886903698834;-0.21342182895889295;-0.20266163452540553;0.06626432855936137;-0.29125846010986933;-0.2881100103361405;0.02312584532970341
2022-08-06 10:34:19.600;2.5503210019883227;-670.2865999764399;-0.7711393171526266;-0.14531258363138022;-0.1274373096526098;0.10550063646513319;-0.20567449387535675;-0.19443495225302598;0.06886791047689211;-0.29125846010986933;-0.2881100103361405;0.02312584532970341
2022-08-06 10:34:19.620;2.534240124844704;-669.6672979148061;-0.7704268336135909;-0.14014769357572732;-0.1276105868347237;0.07469171479684;-0.19792715879193423;-0.18620807897317349;0.07147246667262142;-0.29125846010986933;-0.2881100103361405;0.02312584532970341
2022-08-06 10:34:19.640;2.517533353228603;-669.047989285209;-0.7697143425183623;-0.13601578153111404;-0.1289662012305577;0.043046721340250116;-0.19792715879193423;-0.18613365312429409;0.07190117306206023;-0.29125846010986933;-0.2881100103361405;0.02312584532970341
2022-08-06 10:34:19.660;2.5002425587735355;-668.4286894686156;-0.7690018615621603;-0.1318838694866713;-0.1302948891324469;0.011559487605262042;-0.19792715879193423;-0.18605922736272618;0.07232987931555357;-0.29125846010986933;-0.2881100103361405;0.02312584532970341
2022-08-06 10:34:19.680;2.482454121103108;-667.80939105375;-0.768289382218593;-0.12775195744205803;-0.1315967634465416;-0.01977067184637704;-0.19792715879193423;-0.185984801688015;0.07275858543312186;-0.29125846010986933;-0.2881100103361405;0.02312584532970341
2022-08-06 10:34:19.700;2.4643097866778376;-667.1900940120904;-0.7675769044548472;-0.1236200453975016;-0.1328719366883071;-0.050944439856102974;-0.19792715879193423;-0.18591037610050165;0.07318729141480507;-0.29125846010986933;-0.2881100103361405;0.02312584532970341
2022-08-06 10:34:19.720;2.4460006885090193;-666.5707983152606;-0.766864428238277;-0.11948813335305886;-0.13412052098371774;-0.08196249667766065;-0.19792715879193423;-0.18583595059984503;0.07361599726062096;-0.29125846010986933;-0.2881100103361405;0.02312584532970341
2022-08-06 10:34:19.740;2.4277716677398518;-665.9515009319948;-0.7661519500815261;-0.11535622130844558;-0.1297070715590145;-0.08042196658772038;-0.19999311481418403;-0.18807119659222593;0.07268292430549472;-0.29125846010986933;-0.2881100103361405;0.02312584532970341
2022-08-06 10:34:19.760;2.4098948469590824;-665.3321988451717;-0.765439466513511;-0.111224309263946;-0.12529354766641987;-0.07888104754892122;-0.20205907083643382;-0.19030641728326003;0.07174998549814493;-0.29125846010986933;-0.2881100103361405;0.02312584532970341
2022-08-06 10:34:19.780;2.392680672307528;-664.712892054762;-0.7647269775341979;-0.10709239721938957;-0.12087994928871026;-0.07733973947423323;-0.2041250268586836;-0.1925416126764148;0.07081718082123878;-0.29125846010986933;-0.2881100103361405;0.02312584532970341
2022-08-06 10:34:19.800;2.3764603006000504;-664.0935805607223;-0.7640144831435367;-0.10296048517483314;-0.11646627640820739;-0.07579804227656961;-0.20619098288099025;-0.1947767827747029;0.06988451025740616;-0.29125846010986933;-0.2881100103361405;0.02312584532970341
2022-08-06 10:34:19.820;2.361573220948824;-663.4742643630088;-0.7633019833414773;-0.09882857313027671;-0.11205252900780138;-0.07425595586887113;-0.20825693890324004;-0.19701192758181918;0.06895197378927342;-0.29125846010986933;-0.2881100103361405;0.02312584532970341
2022-08-06 10:34:19.840;2.3483331755499135;-662.8549528377553;-0.7625894889149057;-0.11432324329734911;-0.125235039273921;-0.060666580858691255;-0.20825693890324004;-0.1971048937689588;0.06841645576479216;-0.29125846010986933;-0.2881100103361405;0.02312584532970341
2022-08-06 10:34:19.860;2.3370768206335364;-662.2356553586797;-0.7618770106479293;-0.12981791346436466;-0.1384127070379897;-0.04704753646024695;-0.20825693890324004;-0.19719786009189733;0.06788093752751045;-0.29125846010986933;-0.2881100103361405;0.02312584532970341
2022-08-06 10:34:19.880;2.328090073694822;-661.6163645385022;-0.7611645400417628;-0.14531258363138022;-0.15158552383005386;-0.033398766861542306;-0.20825693890324004;-0.19729082655086216;0.06734541907736968;-0.29125846010986933;-0.2881100103361405;0.02312584532970341
2022-08-06 10:34:19.900;2.321615162858465;-660.9970951372597;-0.7604520940772688;-0.16080725379839578;-0.16475348116879118;-0.019720216160751036;-0.20825693890324004;-0.19738379314568277;0.0668099004143059;-0.29125846010986933;-0.2881100103361405;0.02312584532970341
2022-08-06 10:34:19.920;2.3178851351283787;-660.3778196642161;-0.7597396411273977;-0.13808173755342068;-0.1401911277273804;-0.009591850363750432;-0.20825693890324004;-0.1973342109448808;0.06709551039442818;-0.29125846010986933;-0.2881100103361405;0.02312584532970341
2022-08-06 10:34:19.940;2.316983092450799;-659.7585180124224;-0.7590271580598674;-0.11535622130844558;-0.11562564686969168;0.0005531154593203524;-0.20825693890324004;-0.1972846287826755;0.06738112031400156;-0.29125846010986933;-0.2881100103361405;0.02312584532970341
2022-08-06 10:34:19.960;2.318970034617529;-659.1391901796524;-0.7583146448721165;-0.09263070506352733;-0.09105703391250941;0.010714705379064604;-0.20825693890324004;-0.19723504665912373;0.06766673017301628;-0.29125846010986933;-0.2881100103361405;0.02312584532970341
2022-08-06 10:34:19.980;2.323853721005637;-658.5198292308996;-0.7576020935856833;-0.06622813894176716;-0.06275367447736713;0.02113567225705637;-0.20458419031378838;-0.19345538427378273;0.0682078540441351;-0.2875840067419482;-0.2843867809602898;0.023342723704269375
2022-08-06 10:34:20.000;2.331541666058581;-657.9004282300084;-0.7568894962207834;-0.039824785707821775;-0.03444617272365136;0.03157423198877929;-0.20091123187633997;-0.18967550078391326;0.06874902532756444;-0.2839093434285438;-0.2806633367774225;0.02355962098142772
2022-08-06 10:34:20.020;2.3418505178892044;-657.2810049854961;-0.7561768732654409;-0.046477200632409676;-0.03956811904263091;0.04050310690817671;-0.19723806356946483;-0.1859697817448236;0.0688617728510108;-0.2802344701483399;-0.27693967776548334;0.0237765371636387
2022-08-06 10:34:20.040;2.354614089848142;-656.6641695104554;-0.7554672274407517;-0.04865636227361847;-0.0397118656521549;0.052249278602711335;-0.18909664451208386;-0.1772691742459287;0.07191701595171285;-0.2720892720911898;-0.26829797063777505;0.02648941358431678
2022-08-06 10:34:20.060;2.3695845362600063;-656.0525360303363;-0.7547635663139691;-0.05083507305556623;-0.039851129340465974;0.06401907863853751;-0.18095419438892435;-0.16856719124151454;0.07497406860146416;-0.2639430424895828;-0.25965491536322816;0.02920395370251594
2022-08-06 10:34:20.080;2.38646426223431;-655.4448855231385;-0.7540644874465049;-0.05629988609803149;-0.04353151349417672;0.07438689549223909;-0.1760936324572171;-0.16341718038844277;0.07654222329059746;-0.2590802244324628;-0.2545248814512888;0.030655575528768964
2022-08-06 10:34:20.100;2.40492902322709;-654.8399831505303;-0.7533685702036814;-0.061764678368035675;-0.04720888925098521;0.08477249833904921;-0.17123270305042837;-0.15826670553959588;0.07811087862775601;-0.25421703872967427;-0.2493943849289053;0.03210769218031295
2022-08-06 10:34:20.120;2.4246495089576676;-654.2378340732466;-0.7526758205227286;-0.05431535529385201;-0.03668271728750838;0.10232135353610516;-0.17153704394385016;-0.15858709353855005;0.0780246544038512;-0.24935348533176338;-0.24426342570791348;0.03356030385127351
2022-08-06 10:34:20.140;2.445244418410887;-653.6370493211216;-0.751984640446138;-0.05071229046075132;-0.030282266332594787;0.11833831514121496;-0.17568358208924195;-0.16304812464957052;0.07629774763648811;-0.24833387621185565;-0.24323023673792932;0.03362070060242761
2022-08-06 10:34:20.160;2.466357685992163;-653.0362624518966;-0.7512934579339041;-0.047109191260403804;-0.02387479368812606;0.1343955727924815;-0.17983014046901502;-0.1675090935507555;0.0745712725802461;-0.2473142509292039;-0.2421970312292956;0.033681098816511934
2022-08-06 10:34:20.180;2.487633425613385;-652.435934656176;-0.7506028035683296;-0.04309465750867503;-0.016964692993699515;0.1509692889719636;-0.18356580310759085;-0.17147240482224646;0.07333612753656205;-0.24588347341341077;-0.24067889287533717;0.03415838692648787
2022-08-06 10:34:20.200;2.508729335809294;-651.8365363016856;-0.7499132184896479;-0.03959663890935872;-0.012522590492356045;0.15632977631994738;-0.17593688939407315;-0.16333203676170882;0.07612663132272779;-0.2444526640742275;-0.23916071291739627;0.034635726428592584
2022-08-06 10:34:20.220;2.5293244046946954;-651.2380701393777;-0.7492247058627248;-0.036098568039221846;-0.008079624412207664;0.16169485632646907;-0.16830788259525065;-0.15519134344949492;0.07891833874691123;-0.2430218229107446;-0.23764249135331283;0.035113117328973154
2022-08-06 10:34:20.240;2.5491174316671232;-650.6400670882358;-0.748536726027638;-0.03301188132917332;-0.004131659493882722;0.16658711688160555;-0.16108975250963198;-0.14754809645412337;0.08121969054840772;-0.24200211341934263;-0.23660919392909818;0.03517355218919782
2022-08-06 10:34:20.260;2.5678238387419414;-650.042057327526;-0.7478487384734476;-0.029925163885877737;-0.00018300403420212774;0.17148311486245937;-0.15387156259529178;-0.13990463273088238;0.08352184049513145;-0.240982387762525;-0.23557587996305074;0.03523398851371695
2022-08-06 10:34:20.280;2.585179093620595;-649.4439253970413;-0.7471606103675638;-0.028217589334872173;0.002346491094126435;0.1761762821156081;-0.1480309616584563;-0.1336803506565829;0.08561245086185654;-0.24134088499988238;-0.23595627162535493;0.0351143723143581
2022-08-06 10:34:20.300;2.6009326377230244;-648.8455633505437;-0.7464722175219325;-0.040974186243659005;-0.009633659073731593;0.18089524176646066;-0.14838930336693323;-0.13403958672270022;0.0856146120992527;-0.24169938023953463;-0.23633666067598824;0.034994759341795856
2022-08-06 10:34:20.320;2.6148877742540813;-648.2469787523805;-0.7457835686390489;-0.053730750447243736;-0.021613276358582567;0.18561753764655453;-0.14874764307850086;-0.13439882133231862;0.0856167701890147;-0.24205787348142493;-0.23671704711449593;0.03487514959595739
2022-08-06 10:34:20.340;2.6268552125921176;-647.6482430709511;-0.7450947459405963;-0.06524281892041017;-0.03231655547390133;0.19049868899191935;-0.14786273402588535;-0.13348272230452807;0.08577834698415288;-0.24117258529048158;-0.2358263820953539;0.03489072464291709
2022-08-06 10:34:20.360;2.63665790331284;-647.0494277314647;-0.7444058315985697;-0.0767549510308072;-0.04301934631766713;0.1953834518151769;-0.14697781279422628;-0.13256661079642384;0.08593992432906816;-0.24028728491509455;-0.2349357048882439;0.03490629940356538
2022-08-06 10:34:20.380;2.644139139165278;-646.4505702169045;-0.7437168687357197;-0.08850363725292709;-0.05395437870166475;0.2002981755947708;-0.14632915895278842;-0.13188291455977463;0.08612850785756088;-0.2396383531586217;-0.23427812681251226;0.03494475449513512
2022-08-06 10:34:20.400;2.6491702614489787;-645.851729201655;-0.7430279248547013;-0.10025237250857799;-0.06446671129723214;0.2076454242996677;-0.14568049856747933;-0.13122408329180502;0.08617384777386228;-0.2389894148553786;-0.2336205420374995;0.03498321017961814
2022-08-06 10:34:20.420;2.651645113156148;-645.2528973287044;-0.7423389914915509;-0.11200115679838518;-0.0749777834796852;0.2150009111730773;-0.1450318316380148;-0.13056524530028213;0.08621918839020015;-0.23834047000519476;-0.23296295056326244;0.035021666457008216
2022-08-06 10:34:20.440;2.651474127105664;-644.6536050264476;-0.7416495284219425;-0.12584140516429443;-0.08769073040256004;0.22176369792839523;-0.14647297644349777;-0.13211002259523497;0.08565174588817115;-0.23978223226771078;-0.23449275902243016;0.03454064579001681
2022-08-06 10:34:20.460;2.64860503098644;-644.0533834842572;-0.7409589962970258;-0.13968149771778826;-0.1004024825024068;0.22853319749050272;-0.14791408895111857;-0.13365475588712883;0.0850843651289166;-0.24122396221860853;-0.23602252523852485;0.03405967730681425
2022-08-06 10:34:20.480;2.643012664477994;-643.4525626141476;-0.7402677746680634;-0.15198361543264127;-0.11149553206448459;0.23573711430070166;-0.14781839264562535;-0.13358170212043063;0.08495200657229329;-0.24112822491207098;-0.2359460207658799;0.03394749403273778
2022-08-06 10:34:20.500;2.634745667273462;-642.8514500511301;-0.7395762174574709;-0.12089313621953579;-0.08085733346732482;0.23251103471382883;-0.15030558935185212;-0.13627249916489603;0.08383014223292662;-0.24103248746342487;-0.23586951592545802;0.033835312152000085
2022-08-06 10:34:20.520;2.623785136234863;-642.2500243292379;-0.7388842999694677;-0.08980263636345853;-0.05021897970656042;0.22928644192942027;-0.15279278762434245;-0.13896326152441674;0.08270846992768366;-0.24093674987244285;-0.2357930107170887;0.033723131664632255
2022-08-06 10:34:20.540;2.6101947368501666;-641.6484262369995;-0.738192184175917;-0.058807908266089726;-0.019654027740532598;0.22619316109682064;-0.1553756816324139;-0.14172705268324393;0.08171928131780604;-0.24093674987244285;-0.2357930107170887;0.033723131664632255
2022-08-06 10:34:20.560;2.5940746062845084;-641.0467965132048;-0.7375000319914602;-0.027813180168607232;0.010911031744253563;0.22310117962990805;-0.15795857564054216;-0.14449081523209628;0.0807302417730078;-0.24093674987244285;-0.2357930107170887;0.033723131664632255
2022-08-06 10:34:20.580;2.575502881873948;-640.4460773550309;-0.7368089273782231;-0.04103169515030913;-0.004692026934353777;0.20964996276913528;-0.15258382123439418;-0.13878623471210716;0.08252025498614479;-0.23762679863227376;-0.23230455221056445;0.03469167554920549
2022-08-06 10:34:20.600;2.5546978210628173;-639.8472137357676;-0.7361199574921439;-0.0542504177299179;-0.020290363714398296;0.19622623655716875;-0.14720884933753808;-0.13308132934562167;0.08431082193270978;-0.2343166770759204;-0.22881588075802028;0.03566044118266021
2022-08-06 10:34:20.620;2.5318574884301417;-639.2502112353031;-0.7354331287526722;-0.06746934792130332;-0.0358839872629666;0.18282995271705005;-0.14183365993064712;-0.127376099077388;0.08610194279009065;-0.2310063851880919;-0.2253269963325124;0.036629428623642823
2022-08-06 10:34:20.640;2.507200539953421;-638.6541422077353;-0.7347473739383724;-0.08335111937270767;-0.05433003420822402;0.16839508245145574;-0.13911853103942207;-0.12453085153875776;0.08679591286790433;-0.23035735979606997;-0.22466931879750973;0.03666791059657193
2022-08-06 10:34:20.660;2.4809846171595;-638.0580975184494;-0.7340616471243431;-0.09923295839439561;-0.0727703161218507;0.1539925961866091;-0.13640338633731375;-0.12168557435281713;0.0874899502439801;-0.22970832785562934;-0.2240116345616343;0.036706393163030704
2022-08-06 10:34:20.680;2.4535141845534203;-637.4628491021795;-0.7333768363922254;-0.09683950681380793;-0.07258137970123713;0.14126430346266883;-0.13607831106147472;-0.12135821319790097;0.08749647972962471;-0.22731581551976987;-0.22147295089177987;0.037504941101841105
2022-08-06 10:34:20.700;2.4250708329742703;-636.8691780935551;-0.7326938404077912;-0.09444596621949586;-0.0723881572980396;0.12856068250364494;-0.13575318100040334;-0.12103079386891835;0.08750302759998885;-0.2249232142049742;-0.2189341508793632;0.03830363281475879
2022-08-06 10:34:20.720;2.395977628931719;-636.2770886927538;-0.7320126640031857;-0.092052336605434;-0.07219065549739767;0.11588169294951012;-0.13542799615023426;-0.1207033163614355;0.08750959385637014;-0.2225305239053874;-0.21639523451273135;0.039102468330829865
2022-08-06 10:34:20.740;2.366567937697759;-635.6844591595218;-0.7313308661966995;-0.09534596971099063;-0.07810906765363157;0.10084921547817238;-0.14078527934938023;-0.1265086424642945;0.0850385709491821;-0.22582286451466516;-0.21992421081006341;0.03779967722509525
2022-08-06 10:34:20.760;2.33719501899639;-635.0891716262631;-0.7306460104619695;-0.0986394342792778;-0.08402101784824723;0.08585303945397804;-0.146142347155795;-0.13231356024314067;0.08256857543962948;-0.22911503665283917;-0.22345295067299276;0.03649724750223626
2022-08-06 10:34:20.780;2.308211977529894;-634.4925599248309;-0.729959631321966;-0.10340349401883486;-0.08862247521389932;0.08688136259975465;-0.14315774183389607;-0.12914173286954878;0.0835859590109651;-0.22871324798790837;-0.22304580613217695;0.03652106830420099
2022-08-06 10:34:20.800;2.279968352491898;-633.8959519059936;-0.7292732564186483;-0.10816756558716634;-0.09322392275507596;0.08790984645786093;-0.14017312683383665;-0.1259698648987282;0.08460350152530438;-0.22831145681345433;-0.22263865902351654;0.036544889333580244
2022-08-06 10:34:20.820;2.2528040160443203;-633.2993475697804;-0.7285868857520499;-0.11293164898449959;-0.09782536046984447;0.08893849104879692;-0.13718850215550304;-0.12279795632573354;0.08562120300498943;-0.22790966312936334;-0.22223150934649993;0.036568710590414
2022-08-06 10:34:20.840;2.227035942748587;-632.7020459885898;-0.7278997129315435;-0.12024047504974078;-0.10512524083836539;0.08913283926352555;-0.13674669206422863;-0.12232910835003707;0.08576790250283928;-0.2300517806715412;-0.22450447854629374;0.03585385516049833
2022-08-06 10:34:20.860;2.202977346521139;-632.1033428942537;-0.7272109277233061;-0.11825045406811796;-0.10271704494258316;0.09149928942574626;-0.14095419852875324;-0.12681047105021293;0.08427656610628365;-0.2321938268892687;-0.22677735449332204;0.035139114945473615
2022-08-06 10:34:20.880;2.1808683007800687;-631.5030473875449;-0.7265203105050155;-0.11632232491763261;-0.10040153131533103;0.09368982150761607;-0.14522345611728582;-0.13138573844511114;0.08260126948516255;-0.23439768216274715;-0.22913940375184438;0.034268182903439914
2022-08-06 10:34:20.900;2.160917501505432;-630.9009959415343;-0.7258276731451404;-0.11439418316984984;-0.0980858811289842;0.09588104674880604;-0.14949260678630338;-0.13596081143187888;0.08092643070601646;-0.23660146194401577;-0.23150134711374903;0.03339741252751871
2022-08-06 10:34:20.920;2.143286815942388;-630.2971865052605;-0.7251330132841273;-0.11246602882596335;-0.09577009435483674;0.09807296531489929;-0.15376165054194502;-0.14053569004064315;0.07925204964763832;-0.23880516623762205;-0.23386318458989308;0.03252680378536432
2022-08-06 10:34:20.940;2.1280688325999515;-629.6924968997992;-0.7244373408218386;-0.10833336798344817;-0.09107075032179424;0.10125157201438029;-0.15582798096314576;-0.14272181878137502;0.0786041997737632;-0.23363934018459176;-0.2283819700787717;0.034249838300313584
2022-08-06 10:34:20.960;2.1153056216290773;-629.0877954302196;-0.7237416547103317;-0.09180272461372851;-0.07296399456069835;0.10999301051109711;-0.15376165054194502;-0.14053569004064315;0.07925204964763832;-0.22847351413144779;-0.22290065340320098;0.03597340432295493
2022-08-06 10:34:20.980;2.104940225233385;-628.482545572806;-0.7230453376994157;-0.07641314696081736;-0.056101868884159245;0.11816037367364096;-0.15283529500717208;-0.1395991822723417;0.07929163763765157;-0.22961404257364038;-0.22413445922404662;0.03545712788930988
2022-08-06 10:34:21.000;2.0968627799741117;-627.8762186689928;-0.7223477815874567;-0.061023679328343405;-0.03923791386612052;0.12633815764011125;-0.1519089355457126;-0.13866267112333475;0.07933122215368904;-0.23075455079856155;-0.22536823467333988;0.03494090592013155
2022-08-06 10:34:21.020;2.0908987673970305;-627.2688164950014;-0.7216489884179301;-0.04563432171352133;-0.0223721272965669;0.13452637397898304;-0.15098257215790767;-0.13772615659379284;0.0793708031954008;-0.23189503880677975;-0.2266019797529566;0.0344247384094416
2022-08-06 10:34:21.040;2.0868200166806874;-626.6608659402773;-0.7209495643571642;-0.028176225691481704;-0.0033153166461126204;0.14337627972480327;-0.14798964374679002;-0.13459891506405341;0.0800833429760921;-0.23096798630109205;-0.22566258391668725;0.034479624818692045
2022-08-06 10:34:21.060;2.084324369567816;-626.0529012036204;-0.7202501239806224;-0.027248564300975886;6.869001375875428e-05;0.15748421106141475;-0.14964590702376057;-0.1364214951014091;0.07915923806362013;-0.2300409204348135;-0.2247231744093483;0.03453451243583494
2022-08-06 10:34:21.080;2.0831080216642253;-625.443889175549;-0.7195494787350196;-0.030495740817627848;-0.0009578823288940441;0.17031944970936053;-0.15547233459030707;-0.1426616442291433;0.07689520907673941;-0.2332860123843794;-0.22826303106489831;0.032896786438510794
2022-08-06 10:34:21.100;2.082844505032642;-624.8327921196251;-0.7188464347439333;-0.03374275354610745;-0.001980071967270902;0.1831795652516286;-0.1612985406494758;-0.14890140645055538;0.07463204720555439;-0.23653094065093327;-0.23180262963541054;0.031259568725615416
2022-08-06 10:34:21.120;2.083198673483989;-624.2196171357864;-0.7181410001755725;-0.03698960250125083;-0.0029978724028616455;0.1960645978494222;-0.16712452522047982;-0.15514078185130842;0.07236975211495;-0.23977570524919756;-0.23534197016664393;0.029622859133179524
2022-08-06 10:34:21.140;2.083842504848137;-623.6062483463538;-0.7174353426412245;-0.035503002758503044;0.0003709523848236529;0.20686091365865877;-0.16357570516421305;-0.15148599501045368;0.07290781356330989;-0.236225111226414;-0.2316167593209002;0.030564919374374888
2022-08-06 10:34:21.160;2.084466461524526;-622.9945906782159;-0.7167316536870435;-0.03401625759329363;0.0037431185593526095;0.2176757301542791;-0.16002668922171637;-0.14783100277318084;0.07344591317265614;-0.2326743212194593;-0.22789131030685894;0.03150719729665408
2022-08-06 10:34:21.180;2.0848089113097625;-622.3837863147419;-0.7160289464275224;-0.03608255803129623;0.003363273064930894;0.22741739465356758;-0.16002668922171637;-0.1479303156964633;0.07287392597411468;-0.2326743212194593;-0.22789131030685894;0.03150719729665408
2022-08-06 10:34:21.200;2.084661766653181;-621.7729823490445;-0.715326239625628;-0.03814885846918514;0.002985901923889145;0.23717361964034112;-0.16002668922171637;-0.14802962877447357;0.07230193853405442;-0.2326743212194593;-0.22789131030685894;0.03150719729665408
2022-08-06 10:34:21.220;2.0838724254809016;-621.1621787785189;-0.7146235332783639;-0.040215158907074056;0.002611008230100964;0.2469444240615024;-0.16002668922171637;-0.14812894200755267;0.07172995085241851;-0.2326743212194593;-0.22789131030685894;0.03150719729665408
2022-08-06 10:34:21.240;2.082338173548006;-620.5515005379348;-0.7139209711184453;-0.05333425139275505;-0.011362862697271936;0.24229096411995776;-0.15868309865393115;-0.14664423348326494;0.07251535385490193;-0.23133005902428394;-0.22636653581434985;0.03252126500821806
2022-08-06 10:34:21.260;2.080047900006862;-619.9410726050337;-0.7132186969280248;-0.06645345009735593;-0.025336194650240174;0.23764083943480419;-0.1573394800078276;-0.14515948629715325;0.07330081117273934;-0.22998576873674992;-0.22484171900947558;0.03353540657738119
2022-08-06 10:34:21.280;2.0770365490824654;-619.3307768179875;-0.7125165747663994;-0.08033027015079597;-0.04009867700066039;0.23282414358580983;-0.1567526242331141;-0.14446413386749413;0.07391373483712016;-0.22939861960753305;-0.22424675488457524;0.03357015518648687
2022-08-06 10:34:21.300;2.073398991409745;-618.7204949731604;-0.7118144686447685;-0.09420714351364268;-0.05486051663982394;0.2280110376737241;-0.15616576310181784;-0.14376877430347434;0.0745266668913036;-0.22881146511894812;-0.22365178527581975;0.033604904279825654
2022-08-06 10:34:21.320;2.0692744211905287;-618.1102270703341;-0.7111123785628809;-0.10808407018646449;-0.06962171405067252;0.2232015193282999;-0.1555788966137115;-0.1430734076050939;0.07513960733553482;-0.22822430527099513;-0.22305681018309542;0.03363965385739576
2022-08-06 10:34:21.340;2.0648424924379087;-617.5010672978169;-0.7104115633428955;-0.11294066119955914;-0.07834890669406391;0.2010299135649083;-0.1501066236447386;-0.13723685510480976;0.07712613004439905;-0.22481668629125906;-0.2194411128919569;0.034776393703010555
2022-08-06 10:34:21.360;2.0602983501459216;-616.8941137739093;-0.7097132863282783;-0.11779726623080933;-0.08706320423934599;0.17893280866664174;-0.1446341216168534;-0.13139994371257302;0.07911332853221076;-0.22140888680882753;-0.2158251796141144;0.0359134250682942
2022-08-06 10:34:21.380;2.0558282107364994;-616.2867886064269;-0.7090145817518202;-0.13005437804446274;-0.10371316484114246;0.15390361502334926;-0.14655633856883554;-0.13352182160044634;0.07800261370974582;-0.22539939291675282;-0.2200874437041307;0.03442086655958132
2022-08-06 10:34:21.400;2.0516376448791824;-615.6765388967106;-0.7083125126004158;-0.1423110144404518;-0.12034531827842798;0.12897324783871866;-0.14847836510212886;-0.1356434598373184;0.07689216624534545;-0.22938965152502178;-0.22434936905790437;0.03292879134586535
2022-08-06 10:34:21.420;2.047914261685225;-615.0633717098171;-0.7076070870021449;-0.1545671754669229;-0.1369597251305983;0.1041413567876166;-0.15040020123873177;-0.13776485845991004;0.07578198606070874;-0.23337966266074872;-0.22861095573591683;0.03143719925608579
2022-08-06 10:34:21.440;2.044824477642998;-614.4487469653759;-0.7068999845391832;-0.14842782814770317;-0.13493651470358614;0.08034226541318912;-0.14684439187319498;-0.1341373205667864;0.07612265028691745;-0.23240627964497307;-0.22762462624120872;0.03149475980142746
2022-08-06 10:34:21.460;2.042451684740409;-613.834117474129;-0.7061928766152017;-0.14228843135759917;-0.13289821633222587;0.056631811790863296;-0.14328855041602395;-0.13050976413918391;0.07646322763919144;-0.23143288189970335;-0.2266382816752639;0.03155232167604627
2022-08-06 10:34:21.480;2.0408513832044526;-613.219424048446;-0.7054856951370756;-0.13731432475526617;-0.1320377773452357;0.03287374208881655;-0.140897195381136;-0.12807567568105327;0.07666061461492824;-0.2316244972571404;-0.2268415916998947;0.03148843238083465
2022-08-06 10:34:21.500;2.0400366017786493;-612.6046075126287;-0.7047783720254083;-0.1323402244204317;-0.13116216750441723;0.009204900722163956;-0.13850584319489911;-0.12564160676188152;0.07685790234327872;-0.23181611204386954;-0.22704490097862617;0.03142454400681238
2022-08-06 10:34:21.520;2.039964377731029;-611.9896674869597;-0.7040709068433489;-0.12839928295068148;-0.12953890668049794;-0.0042005741491895066;-0.14282998574358174;-0.13021894350148244;0.0754878248996933;-0.2320077262598339;-0.22724820951123093;0.0313606565540443
2022-08-06 10:34:21.540;2.0405498318838275;-611.3763297968908;-0.7033652850876398;-0.1182055743893784;-0.12127931094252986;-0.015519418549886588;-0.14090616869869876;-0.1281465909445032;0.07630406749542562;-0.23111440208969825;-0.22634018905762332;0.03142965717205115
2022-08-06 10:34:21.560;2.0416431142623246;-610.7663298757034;-0.7026635033084663;-0.1080111219051787;-0.11301578133660328;-0.02681888183171477;-0.13898195416739867;-0.12607379445298506;0.0771205599622462;-0.23022072343217914;-0.2254317928063756;0.0314987737014949
2022-08-06 10:34:21.580;2.0430536204853644;-610.1580024876093;-0.7019636457151972;-0.10387833851535788;-0.1111750533668534;-0.04007809222979031;-0.14311473755727633;-0.13044605409705667;0.07582558883440793;-0.23022072343217914;-0.2254317928063756;0.0314987737014949
2022-08-06 10:34:21.600;2.04457873521849;-609.5496731701933;-0.7012637859023162;-0.09974555512553707;-0.10932955361804275;-0.053309136691732206;-0.1472475209470403;-0.13481826876411418;0.07453084308258351;-0.23022072343217914;-0.2254317928063756;0.0314987737014949
2022-08-06 10:34:21.620;2.0459911221977665;-608.9413422499129;-0.7005639242454005;-0.09974555512553707;-0.10811256789432733;-0.04631138797362855;-0.14311473755727633;-0.1302969827330216;0.07668411208075643;-0.23022072343217914;-0.2254317928063756;0.0314987737014949
2022-08-06 10:34:21.640;2.047038558464136;-608.3321000957876;-0.6998630142484988;-0.10157780293104679;-0.10890112920984407;-0.04027505131771836;-0.14081268550366843;-0.12779244855553173;0.07780332692413694;-0.23205225222204362;-0.2274215533106485;0.03062117013899357
2022-08-06 10:34:21.660;2.047478975736899;-607.7210611919363;-0.699160037159167;-0.10340999858146915;-0.1096886936843795;-0.034233134557563716;-0.1385106336295152;-0.12528788624918974;0.07892268948499481;-0.23388372887739806;-0.22941123290809173;0.02974372144438764
2022-08-06 10:34:21.680;2.047094557276727;-607.1091198730646;-0.6984560218755722;-0.10282258116387766;-0.10787201883514186;-0.027175710129000663;-0.1337909545275906;-0.12017026414545029;0.08111825068892742;-0.2332965419756725;-0.22891278583222174;0.029223620611900536
2022-08-06 10:34:21.700;2.0456673264919956;-606.4971750797049;-0.6977520025947107;-0.10223515838401909;-0.10605395727495548;-0.02011027197870696;-0.1290712533028895;-0.11505248334807305;0.08331453591307358;-0.23270934971383994;-0.2284143349426131;0.028703513448829376
2022-08-06 10:34:21.720;2.043039388616223;-605.885216204777;-0.6970479671135389;-0.08356692166597668;-0.08409017448886758;-0.0015180806198618058;-0.12848428620102226;-0.11458064944107349;0.08263952024448251;-0.23212215209190035;-0.2279158802392658;0.028183399955056032
2022-08-06 10:34:21.740;2.0390367431305307;-605.2734547208456;-0.696344158723224;-0.06479492950990107;-0.061974353370292334;0.017348032883603537;-0.1277937313170341;-0.11396479220845634;0.08219526035527025;-0.2314313260056302;-0.22718291789283285;0.028413594102489448
2022-08-06 10:34:21.760;2.033551712686483;-604.6621128790939;-0.6956408331153245;-0.04602284363943454;-0.039848174007122594;0.036271428035054676;-0.1271031690175377;-0.1133489371998948;0.08175094731434296;-0.23074049250095285;-0.22644994585050426;0.028643800217123427
2022-08-06 10:34:21.780;2.0265214423735625;-604.0520118536879;-0.6949389350195813;-0.024131356795692227;-0.014408487207308696;0.056248552175641287;-0.1232965183775363;-0.10942433338274071;0.08235259906799897;-0.22693234687158892;-0.22243602640497784;0.029760429196744376
2022-08-06 10:34:21.800;2.017870842843332;-603.4439945126433;-0.6942394341236859;-0.03478563568614845;-0.023775477907836517;0.06385752405086453;-0.12362252708791033;-0.10977259250037008;0.08223111099396707;-0.22312397580457954;-0.2184218248766001;0.030877352886139242
2022-08-06 10:34:21.820;2.0076530139264532;-602.8380863283892;-0.6935423597327026;-0.045440069558082996;-0.03314106526946503;0.07147613476309544;-0.12394841916479749;-0.11012072672522066;0.0821096678610882;-0.21931537927610734;-0.21440734122398908;0.031994571375170366
2022-08-06 10:34:21.840;1.9959105354495568;-602.2332401345411;-0.6928465071214126;-0.05916311226297921;-0.04579469821002036;0.07789337532052443;-0.12733980259221056;-0.1137650460508084;0.08072219479561227;-0.2134073135429695;-0.2080290241465832;0.03459452738466684
2022-08-06 10:34:21.860;1.982728066007049;-601.6284051580224;-0.6921506674152345;-0.07288622054312555;-0.05844740316829089;0.08431702117805262;-0.13073119864898075;-0.1174093246606489;0.07933500050506126;-0.2074992127768347;-0.20165045382935887;0.037195643971907444
2022-08-06 10:34:21.880;1.9681775211826038;-601.0211449363487;-0.6914520375564669;-0.09489763992689859;-0.07991859974154991;0.0878540712005007;-0.1424037565088483;-0.12988766221140935;0.07493232645437331;-0.21504257924248904;-0.20965459227420524;0.034678554228531944
2022-08-06 10:34:21.900;1.952390703350268;-600.4090606898026;-0.6907478578400023;-0.11070830356919714;-0.0947547113342786;0.0937686297478173;-0.14787609776103494;-0.13588067251227898;0.07204514757140412;-0.22258506135960587;-0.21765757453391643;0.032162892698843315
2022-08-06 10:34:21.920;1.935488955486651;-599.7921801081902;-0.6900381601219127;-0.12651765210591748;-0.10958885028006549;0.09968766033305254;-0.15334766294702007;-0.14187261672881135;0.06915953055974544;-0.23012665931218734;-0.22565940097092607;0.02964865847309639
2022-08-06 10:34:21.940;1.9175928240134605;-599.172913135284;-0.6893257169511274;-0.13408743076774954;-0.11565075734106145;0.1085099915324017;-0.15058636958902838;-0.13908015795865225;0.06928283143524716;-0.2294313520713409;-0.2249548520527469;0.029689742918400874
2022-08-06 10:34:21.960;1.8987948456088952;-598.5536507503639;-0.6886132790586462;-0.14165724161421167;-0.12171069108817179;0.11734447667774539;-0.14782505879335162;-0.13628769824517661;0.06940603463942985;-0.22873603731471448;-0.22425029544473318;0.029730828041141244
2022-08-06 10:34:21.980;1.8791945898176372;-597.9377466369406;-0.6879047047301822;-0.13936776570415077;-0.11718731929940773;0.13015072794006244;-0.13521109542514154;-0.12289674929885308;0.07362397149965627;-0.2181835067767075;-0.21315034251301768;0.032694001623526425
2022-08-06 10:34:22.000;1.8588545380207913;-597.3285904775912;-0.6872038936670094;-0.13656054107929094;-0.11018718632314872;0.15421721234187125;-0.12207863126698015;-0.10885725302707527;0.07857991579106294;-0.20762924509454805;-0.2020482696657382;0.035659180630236875
2022-08-06 10:34:22.020;1.8378203506298105;-596.7262568471997;-0.6865109316647039;-0.1337521495103715;-0.10316954592625294;0.17837837131776357;-0.10894424790452462;-0.09481498713548575;0.08354031715001309;-0.19707325176335289;-0.19094407608707797;0.03862636660330576
2022-08-06 10:34:22.040;1.816112452282016;-596.1280920564386;-0.6858227657543181;-0.13864414446783258;-0.10441036972790485;0.1994828180298347;-0.10350510162177073;-0.08905455609967561;0.08527948626795645;-0.19421604956738392;-0.18794105807938877;0.039414719092005335
2022-08-06 10:34:22.060;1.793750160753882;-595.5314056637944;-0.6851363006849074;-0.14353616547066395;-0.10563939582678827;0.22065689832838942;-0.09806577751921708;-0.0832938486597854;0.08701916008619648;-0.1913587204804763;-0.18493788419357315;0.0402032216159105
2022-08-06 10:34:22.080;1.770750334875318;-594.9354477503148;-0.6844506737031527;-0.12243723941054441;-0.0840442741382823;0.22308961493563384;-0.10589946104581571;-0.09150079335838512;0.08502959580275071;-0.19092582494738153;-0.1844992136084329;0.0402289039119621
2022-08-06 10:34:22.100;1.7470741189566394;-594.3394665726155;-0.6837650199567956;-0.10133824864090002;-0.06244886794431537;0.225523252097366;-0.11373316637919828;-0.09970769805939739;0.08304028803563135;-0.19049292650134575;-0.18406054004248062;0.04025458647218727
2022-08-06 10:34:22.120;1.7227137117452231;-593.7434621311477;-0.6830793394463549;-0.08023919316121919;-0.04085317715757597;0.22795781012507899;-0.12156689351976269;-0.10791456271916644;0.08105123705382322;-0.1900600251425395;-0.18362186349577314;0.04028026929656914
2022-08-06 10:34:22.140;1.6976501247599416;-593.1488920621123;-0.6823953091270087;-0.05512259505366046;-0.014932030005329722;0.23208275450928717;-0.12538691947067804;-0.11179500953360133;0.080781165376405;-0.19077781032433094;-0.1843835272237584;0.040040587119679394
2022-08-06 10:34:22.160;1.6718840588454686;-592.5572426825747;-0.6817146389501823;-0.0300050541144401;0.010990636406145171;0.2362103141013776;-0.1292068920027063;-0.11567544083444403;0.08051086733135104;-0.19149544666248275;-0.18514503103540392;0.03980096491057594
2022-08-06 10:34:22.180;1.6454254330002314;-591.9673818235096;-0.6810360263983417;-0.028612599535222216;0.011611001869507476;0.23174140423686573;-0.12161584373753698;-0.10767226740468772;0.0827294537824601;-0.19010368746614503;-0.18368740592109134;0.04015530685413271
2022-08-06 10:34:22.200;1.618342528676127;-591.3781773545707;-0.6803581689984521;-0.0272201148340514;0.012231901894121933;0.22727547787533453;-0.11402470577612434;-0.09966886984593515;0.08494870595429571;-0.1887118981629179;-0.18222974462236152;0.04050968003921884
2022-08-06 10:34:22.220;1.5907110107316493;-590.7896300146895;-0.6796810676006263;-0.025827600009790785;0.012853336212199196;0.22281253334849804;-0.10643347811528514;-0.09166524812641086;0.08716862396654879;-0.18732007875166445;-0.18077204713750916;0.04086408446909484
2022-08-06 10:34:22.240;1.5626331579972061;-590.2014118526204;-0.6790043449093914;-0.025827600009790785;0.012006783256278908;0.2179434239791842;-0.10023338438721652;-0.08513011502846979;0.08897139367950402;-0.18732007875166445;-0.18077204713750916;0.04086408446909484
2022-08-06 10:34:22.260;1.5342456887913825;-589.6131945467278;-0.6783276232031551;-0.025827600009790785;0.011160854980484913;0.21307795466944324;-0.0940332906591479;-0.07859490175970762;0.09077455426486658;-0.18732007875166445;-0.18077204713750916;0.04086408446909484
2022-08-06 10:34:22.280;1.505689857176708;-589.024031985864;-0.6776498140169169;-0.04273293911649034;-0.00781655630280298;0.20149739914241493;-0.09853628504802003;-0.08356698927254769;0.08816527648032402;-0.17942403390429362;-0.1724138318027144;0.04338272435793922
2022-08-06 10:34:22.300;1.4771667452879211;-588.4329811954158;-0.6769698324941402;-0.05963794230120811;-0.026789767516252283;0.18993797851661132;-0.10303915235990502;-0.08853875306882486;0.08555706078561265;-0.17152807069976106;-0.1640554849826117;0.045902465453243835
2022-08-06 10:34:22.320;1.4488739822280685;-587.8400484178928;-0.6762876858165959;-0.07654260958395298;-0.045758785128018786;0.1783996579474163;-0.10754189260310199;-0.09351019323431586;0.08294990676825975;-0.16363218913448563;-0.1556970065902874;0.04842330816251472
2022-08-06 10:34:22.340;1.4210216759728955;-587.2461832856279;-0.6756044665002742;-0.09031314313068606;-0.06138522374996924;0.16799718745519687;-0.10891307825985308;-0.09513965212888564;0.08149059567726535;-0.1629363367344432;-0.15499185457002795;0.0484646630698915
2022-08-06 10:34:22.360;1.3938179694510409;-586.6523323233778;-0.6749212634860171;-0.10408373867875298;-0.07700866238403492;0.15761155833831175;-0.11028426632784516;-0.096769065650129;0.08003155021083153;-0.16224047680873;-0.15428669484822422;0.04850601866109017
2022-08-06 10:34:22.380;1.3674678902549267;-586.0595293840379;-0.6742392661823791;-0.09056698547851738;-0.06933398239747035;0.12374011947047148;-0.10710317660950608;-0.09329720730143976;0.08164109443551482;-0.15905756977917562;-0.1509088904061855;0.04957053013994095
2022-08-06 10:34:22.400;1.3421252755680497;-585.4688332877631;-0.6735596927217996;-0.07704984763557832;-0.06162925321368462;0.09004472285514087;-0.10392192953579382;-0.08982510681655498;0.08325109342590764;-0.1558745053043218;-0.14753087999531544;0.05063529651889098
2022-08-06 10:34:22.420;1.3179560235782553;-584.8802445405963;-0.6728825436864617;-0.06353232511901297;-0.053894600538658466;0.05652458608329347;-0.10074052509295228;-0.0863527641549453;0.08486154731995388;-0.15269128337052607;-0.14415266358849976;0.05170031786644813
2022-08-06 10:34:22.440;1.2950732128331706;-584.2938455370968;-0.6722079138681818;-0.04909075638948934;-0.04518064143750067;0.023309703924623726;-0.09663609259271055;-0.08193004789554692;0.08661060145769017;-0.14858450606640972;-0.13982759463345928;0.05288312416730623
2022-08-06 10:34:22.460;1.2735344499168317;-583.7097284822448;-0.6715359093452933;-0.059450021482803095;-0.05465707859642421;0.02858619688001518;-0.09253139812945932;-0.07759415617979215;0.08785813894757499;-0.14447746664972883;-0.1355021996563437;0.05406626231487888
2022-08-06 10:34:22.480;1.2533871866448922;-583.1267650465816;-0.670865232017538;-0.0732986644006246;-0.06785605521676885;0.032589866118035715;-0.09191303213494706;-0.0769909938755049;0.08775797171714572;-0.14385874739155824;-0.1348751964345638;0.05410310628919568
2022-08-06 10:34:22.500;1.2346222986753672;-582.5438132834897;-0.6701945681186336;-0.0871473631894446;-0.0810547278723881;0.03659602054210609;-0.09129466019444266;-0.0763878259444013;0.08765780297507941;-0.1432400221839849;-0.1342481871240011;0.05413995080572942
2022-08-06 10:34:22.520;1.2171813297105682;-581.9608731930275;-0.669523917648647;-0.10099611785011575;-0.09425309641236268;0.040604661439108014;-0.09067628230794611;-0.07578465238648135;0.08755763272132189;-0.14262129102700882;-0.13362117172471244;0.0541767958644499
2022-08-06 10:34:22.540;1.2009494061343575;-581.3750985500592;-0.6688500061334836;-0.12399377983746263;-0.1171923522059366;0.041386332720588115;-0.09920120002677635;-0.0849474628061202;0.08405838877018912;-0.15115107890983026;-0.14267362446224752;0.05132216981925897
2022-08-06 10:34:22.560;1.185836992186188;-580.7836532033907;-0.6681695706887364;-0.11392267622079544;-0.1058622860446441;0.04843194828200126;-0.10772498790006324;-0.0940091718229823;0.08113462529216431;-0.15967973630165133;-0.151724598189503;0.0484693745490512
2022-08-06 10:34:22.580;1.1716466867180817;-580.1897489829789;-0.6674863064029839;-0.09354066135108496;-0.08354650159774124;0.059157739412575516;-0.1059443480984541;-0.09206066196590967;0.0820649972200993;-0.16478703472534662;-0.1570772138198322;0.04714855613464941
2022-08-06 10:34:22.600;1.1581680787275093;-579.5965881714583;-0.6668038973809718;-0.07315836825415545;-0.061226995999025036;0.06990204428259705;-0.10416365899137503;-0.09011207865412274;0.08299549747655721;-0.16989436858892404;-0.16242982269250206;0.045827937657936246
2022-08-06 10:34:22.620;1.145199724208591;-579.0041718240755;-0.6661223448367214;-0.0527757969182403;-0.03890376380050853;0.08066489144155309;-0.10238292057626808;-0.08816342188153925;0.08392612608119165;-0.17500173789334994;-0.16778242480427252;0.04450751915201234
2022-08-06 10:34:22.640;1.1325105911163889;-578.4121104987062;-0.6654412007318359;-0.034175388232029036;-0.0184487538284408;0.09096642678677558;-0.10238292057626808;-0.08808875252903903;0.08435610375137514;-0.17500173789334994;-0.16778242480427252;0.04450751915201234
2022-08-06 10:34:22.660;1.1198757065207616;-577.8200473083198;-0.6647600544813188;-0.03934216842264959;-0.021381929801837174;0.10391190578623011;-0.11529987105276263;-0.10191029330027135;0.07941037097216164;-0.17500173789334994;-0.16778242480427252;0.04450751915201234
2022-08-06 10:34:22.680;1.1071630701639144;-577.2294747312189;-0.6640806231248653;-0.03933172796183726;-0.018811781383167414;0.11863183752398054;-0.1230446798437228;-0.11022585253996198;0.07628141013158896;-0.1698265488282651;-0.1623231093232107;0.0460502236126743
2022-08-06 10:34:22.700;1.0942032879019934;-576.6418880014171;-0.6634046268725111;-0.039321055765583424;-0.016235368246814375;0.1333868900113675;-0.1307895343532195;-0.11854117308998724;0.07315394007631593;-0.16465094349399223;-0.15686327042106996;0.04759348607307956
2022-08-06 10:34:22.720;1.0808798196965763;-576.0573024523255;-0.6627320833647644;-0.03931015179642827;-0.013652677521154288;0.14817714009374772;-0.13853443457755787;-0.12685625507040044;0.07002796018144863;-0.15947492183090262;-0.15140290799229206;0.04913730676573902
2022-08-06 10:34:22.740;1.0671091261253365;-575.4742231926139;-0.6620612727858334;-0.04674188274583457;-0.019422005307351498;0.15788497239734856;-0.1314992279709699;-0.11947383965812008;0.07188431804932005;-0.1586396354300028;-0.1507018724265663;0.04835150138159339
2022-08-06 10:34:22.760;1.052870667502361;-574.8911476044668;-0.6613904664308982;-0.05417365054296397;-0.02518895055758108;0.16760740645033145;-0.12446397475618909;-0.11209128877876395;0.07374110327760075;-0.15780433818525452;-0.1500008293415931;0.04756568247223125
2022-08-06 10:34:22.780;1.0381763558398667;-574.3082204331658;-0.6607198308239167;-0.06201388491172111;-0.03134482507030967;0.17745101459480317;-0.11783674327264038;-0.1050991156742711;0.07570772089093314;-0.15737734907321155;-0.14954770130384532;0.0477084491079145
2022-08-06 10:34:22.800;1.023084876101588;-573.7255864916006;-0.6600495325666274;-0.06985414082760144;-0.03749823611795833;0.18730964302951225;-0.11120949067153418;-0.0981068218999539;0.07767482896864575;-0.1569503571278652;-0.14909456955996347;0.04785122032915723
2022-08-06 10:34:22.820;1.0076883300289918;-573.14324591279;-0.6593795718120635;-0.0776944182907755;-0.04364918058573508;0.19718331175863302;-0.10458221695287051;-0.09111440744245414;0.0796424275591967;-0.1565233623491018;-0.14864143410966335;0.047993996136127315
2022-08-06 10:34:22.840;0.9921245738769353;-572.5608450017244;-0.6587095416475279;-0.06919038820666401;-0.03444491054287724;0.20104186238118427;-0.0981452182813527;-0.08422338585543088;0.08212563437583409;-0.1562867655440492;-0.14843032057547134;0.047843483828216904
2022-08-06 10:34:22.860;0.9765088188824413;-571.9780301279461;-0.6580390352345883;-0.060686343743100224;-0.025240191340888174;0.20490271669365612;-0.09170820860858697;-0.07733217196530262;0.08460978674570097;-0.15605016786951964;-0.14821920588184412;0.047692973462080346
2022-08-06 10:34:22.880;0.9609537754034481;-571.394996876079;-0.6573682775859377;-0.05241895437046651;-0.016242395717572577;0.20893911682053634;-0.08550766657909747;-0.07064731146694925;0.08727206783538666;-0.14916067672566768;-0.14090786583068393;0.04999700914095673
2022-08-06 10:34:22.900;0.9455814940767211;-570.811961550171;-0.656697517551182;-0.044151564997889636;-0.007244125296640647;0.21297804996170733;-0.07930712454966482;-0.06396224369617443;0.08993544243097862;-0.14227118558187257;-0.1335963436101224;0.05230199231886523
2022-08-06 10:34:22.920;0.9305016833122728;-570.2289171996454;-0.6560267471339458;-0.03588417562525592;0.0017546201932212568;0.21701951752388027;-0.07310658252023217;-0.05727696857322684;0.0925999109376967;-0.13538169443802062;-0.12628463915064003;0.05460792333944031
2022-08-06 10:34:22.940;0.9157343910977265;-569.6444461308638;-0.6553543353314548;-0.04960302979770859;-0.015452002134200171;0.19723211801239682;-0.07648854348072831;-0.06104540534467873;0.09044366251568015;-0.1387654666459035;-0.1299180379944005;0.05323261614260666
2022-08-06 10:34:22.960;0.9013141036817058;-569.0571376623484;-0.6546786592081595;-0.06332146452922416;-0.032647317486780736;0.17750623894638018;-0.07987032663347549;-0.0648135229473823;0.0882881832791913;-0.14214906095065416;-0.13355118410675004;0.05185770736918904
2022-08-06 10:34:22.980;0.8871948906642648;-568.4684208442268;-0.6540013628320444;-0.07365545975170562;-0.046163182945040404;0.1594091740275383;-0.07987032663347549;-0.06490696976677413;0.08775011472943817;-0.14214906095065416;-0.13355118410675004;0.05185770736918904
2022-08-06 10:34:23.000;0.8732698587346381;-567.8797177103042;-0.6533240821990813;-0.08398945497418708;-0.05967009621801722;0.14136296147860783;-0.07987032663347549;-0.06500041672270385;0.08721204596916543;-0.14214906095065416;-0.13355118410675004;0.05185770736918904
2022-08-06 10:34:23.020;0.8593944543198062;-567.2910205854205;-0.6526468084792897;-0.07985585688516039;-0.05802937064155245;0.1269429595487903;-0.0860707237669871;-0.07156058334569337;0.08526697911186343;-0.14214906095065416;-0.13355118410675004;0.05185770736918904
2022-08-06 10:34:23.040;0.8453394422162928;-566.7023217960159;-0.6519695328445299;-0.07572225879619054;-0.05638316668242638;0.1125552913332033;-0.09227112090038503;-0.07812064866944723;0.08332241974052046;-0.14214906095065416;-0.13355118410675004;0.05185770736918904
2022-08-06 10:34:23.060;0.8308518689139519;-566.1136213365608;-0.6512922552884403;-0.07158866070716385;-0.05473149459342963;0.09819989374208138;-0.09847151803395349;-0.08468061271261007;0.08137836777377583;-0.14214906095065416;-0.13355118410675004;0.05185770736918904
2022-08-06 10:34:23.080;0.8156512601142398;-565.5249192015108;-0.6506149758046423;-0.067455062618194;-0.05307436461149351;0.08387670379286138;-0.10467191516740826;-0.09124047549371284;0.07943482313053796;-0.14214906095065416;-0.13355118410675004;0.05185770736918904
2022-08-06 10:34:23.100;0.7994455274725731;-564.9362153853654;-0.6499376943868077;-0.06332146452922416;-0.0514117869580879;0.06958565860996568;-0.11087231230086303;-0.0978002370315707;0.07749178572942306;-0.14214906095065416;-0.13355118410675004;0.05185770736918904
2022-08-06 10:34:23.120;0.7819580961715675;-564.34750932514;-0.6492604103872444;-0.05918786644025431;-0.048642922430676805;0.061657129783520226;-0.10673871421189318;-0.0934519471550388;0.07864385644422711;-0.14214906095065416;-0.13355118410675004;0.05185770736918904
2022-08-06 10:34:23.140;0.7629085836104432;-563.7587934418189;-0.6485831150865817;-0.05505426835122762;-0.045872400075811726;0.05373848536908987;-0.10260511612286649;-0.08910362643100456;0.07979607452023174;-0.14214906095065416;-0.13355118410675004;0.05185770736918904
2022-08-06 10:34:23.160;0.7420758532429168;-563.1700817696765;-0.6479058246307206;-0.050920670262314616;-0.043100221600898436;0.045829714671087984;-0.09847151803395349;-0.08475527485946799;0.08094843995289747;-0.14214906095065416;-0.13355118410675004;0.05185770736918904
2022-08-06 10:34:23.180;0.7193169572642633;-562.5813672890727;-0.647228530943831;-0.046787072173287925;-0.04032638871072791;0.03793080700399276;-0.0943379199449268;-0.08040689243986066;0.08210095273775586;-0.14214906095065416;-0.1336522656487773;0.05127699500627436
2022-08-06 10:34:23.200;0.6945236665784822;-561.9926499983485;-0.6465512340240046;-0.042653474084261234;-0.03755090310912479;0.030041751692359675;-0.09020432185595695;-0.07605847917258046;0.08325361287015376;-0.14214906095065416;-0.1337533471204324;0.05069628371862667
2022-08-06 10:34:23.220;0.6676679815997437;-561.4039350851017;-0.6458739398393758;-0.050920670262314616;-0.045021302179780065;0.03478325592052833;-0.0943379199449268;-0.08055625948647815;0.08124086232798078;-0.14214906095065416;-0.13385442852171536;0.05011557350624951
2022-08-06 10:34:23.240;0.6388281989994984;-560.8152277374829;-0.6451966543587151;-0.05918786644025431;-0.05249114230085539;0.03952828964402144;-0.09847151803395349;-0.08505392431984404;0.0792287273170924;-0.14214906095065416;-0.13385442852171536;0.05011557350624951
2022-08-06 10:34:23.260;0.6081555614632157;-560.2265279550411;-0.6445193775815036;-0.067455062618194;-0.059960423150617004;0.04427685511022439;-0.10260511612286649;-0.08955147370490835;0.0772172076693245;-0.14214906095065416;-0.13385442852171536;0.05011557350624951
2022-08-06 10:34:23.280;0.5758816073140594;-559.6378357373105;-0.6438421095072056;-0.07572225879619054;-0.06742914440767223;0.049028954567677197;-0.10673871421189318;-0.09404890767446972;0.07520630321646138;-0.14214906095065416;-0.13385442852171536;0.05011557350624951
2022-08-06 10:34:23.300;0.5423099517517809;-559.049151083811;-0.6431648501352685;-0.08398945497418708;-0.07489730574977571;0.05378459026621396;-0.11087231230086303;-0.09854622626087206;0.0731960137904002;-0.14214906095065416;-0.13385442852171536;0.05011557350624951
2022-08-06 10:34:23.320;0.5078148316990185;-558.4604689924963;-0.6424875937110279;-0.08398945497418708;-0.07248859780847638;0.06763711217051327;-0.11087231230086303;-0.0984218941166759;0.07391197672211192;-0.14214906095065416;-0.13385442852171536;0.05011557350624951
2022-08-06 10:34:23.340;0.4727942444796813;-557.8717844589191;-0.641810334477057;-0.08398945497418708;-0.07007468102441194;0.08151997311563175;-0.11087231230086303;-0.09829756221480324;0.07462793927689404;-0.14214906095065416;-0.13385442852171536;0.05011557350624951
2022-08-06 10:34:23.360;0.43769300865108707;-557.2830974778117;-0.6411330724272953;-0.08398945497418708;-0.06765554575824595;0.0954332310375392;-0.11087231230086303;-0.09817323055536775;0.0753439014548718;-0.14214906095065416;-0.13385442852171536;0.05011557350624951
2022-08-06 10:34:23.380;0.40293973063868127;-556.6944010261577;-0.640455799482029;-0.08398945497418708;-0.06523118235620373;0.109376943968857;-0.11087231230086303;-0.0980488991384263;0.07605986325615266;-0.14214906095065416;-0.13385442852171536;0.05011557350624951
2022-08-06 10:34:23.400;0.3689647047565323;-556.1057120428377;-0.6397785351287977;-0.08812305306315693;-0.06854534158370384;0.11417119798000197;-0.11087231230086303;-0.09807376540239687;0.0759166709260235;-0.14214906095065416;-0.13385442852171536;0.05011557350624951
2022-08-06 10:34:23.420;0.3362005441189717;-555.5170264159024;-0.6391012746369596;-0.09225665115206994;-0.07185891018113821;0.11896903176972096;-0.11087231230086303;-0.09809863167614452;0.07577347858083172;-0.14214906095065416;-0.13385442852171536;0.05011557350624951
2022-08-06 10:34:23.440;0.30500578405391887;-554.9283441447551;-0.6384240180058285;-0.09639024924109663;-0.07517188779073436;0.12377044764915723;-0.11087231230086303;-0.09812349795955555;0.07563028622058798;-0.14214906095065416;-0.13385442852171536;0.05011557350624951
2022-08-06 10:34:23.460;0.27569179609264705;-554.3396652288284;-0.6377467652347515;-0.10052384733012332;-0.07848427405460612;0.12857544793087072;-0.11087231230086303;-0.09814836425257312;0.07548709384525765;-0.14214906095065416;-0.13385442852171536;0.05011557350624951
2022-08-06 10:34:23.480;0.24850435932669734;-553.7509896675401;-0.6370695163230587;-0.10465744541903632;-0.08179606861441258;0.1333840349286266;-0.11087231230086303;-0.09817323055536775;0.0753439014548718;-0.14903839109899408;-0.14106456617918184;0.04839208464233735
2022-08-06 10:34:23.500;0.2236325815000706;-553.1623104545943;-0.6363922632102724;-0.09639024924109663;-0.0712735436820573;0.14619416536666385;-0.10673871421189318;-0.09377530007636636;0.07678184952224054;-0.15592772124727716;-0.1482746193901221;0.04666900484525627
2022-08-06 10:34:23.520;0.20116484527722678;-552.5736205817884;-0.6357149978337213;-0.08812305306315693;-0.06074648540115746;0.1590299676526774;-0.10260511612286649;-0.08937731050266251;0.07822010091272524;-0.16281705139561709;-0.1554845881601068;0.04494633410694604
2022-08-06 10:34:23.540;0.18112178299815906;-551.9849200447279;-0.6350377201883497;-0.07985585688516039;-0.05021488589156675;0.17189148689637612;-0.09847151803395349;-0.08497926182374016;0.07965865567895136;-0.16281705139561709;-0.1554845881601068;0.04494633410694604
2022-08-06 10:34:23.560;0.16345894227901714;-551.396208838989;-0.634360430269068;-0.07158866070716385;-0.03967873726228177;0.18477876827727346;-0.0943379199449268;-0.08058115402817378;0.08109751387379838;-0.16281705139561709;-0.1554845881601068;0.04494633410694604
2022-08-06 10:34:23.580;0.14806947835247497;-550.8074869601624;-0.6336831280708036;-0.06332146452922416;-0.029138031610248305;0.19769185704493086;-0.09020432185595695;-0.07618298710527682;0.08253667554993083;-0.16281705139561709;-0.1554845881601068;0.04494633410694604
2022-08-06 10:34:23.600;0.13475455210764054;-550.2187725336044;-0.6330058344460918;-0.08657295377980745;-0.05439502621752368;0.18661839485482012;-0.0979548182727612;-0.08447616728718543;0.0795697820014789;-0.16281705139561709;-0.1554845881601068;0.04494633410694604
2022-08-06 10:34:23.620;0.12336068264844746;-549.6300836856026;-0.632328570248539;-0.1098244430303339;-0.07964843469270377;0.17556402891682232;-0.10570531468967914;-0.09276909002633005;0.0766042295076046;-0.16281705139561709;-0.1554845881601068;0.04494633410694604
2022-08-06 10:34:23.640;0.11364140741022255;-549.0414133962258;-0.6316513274019805;-0.1330759322809172;-0.10489826267493996;0.16452873007720115;-0.11345581110654024;-0.10106175542974682;0.07364001753144578;-0.15248305617319247;-0.14466960334010537;0.047530493610937086
2022-08-06 10:34:23.660;0.10535141444544327;-548.4527756977986;-0.6309741220500737;-0.1563274215313868;-0.13014451579588027;0.1535124692220453;-0.12120630752334449;-0.1093541636054951;0.0706771455361892;-0.14214906095065416;-0.13385442852171536;0.05011557350624951
2022-08-06 10:34:23.680;0.09829330584854579;-547.8641480679871;-0.6302969282817276;-0.1480602253534471;-0.12477886199028276;0.13665564873992597;-0.11500591038983288;-0.10279483561500768;0.07261787539408537;-0.14214906095065416;-0.13385442852171536;0.05011557350624951
2022-08-06 10:34:23.700;0.09218451004193096;-547.2755149994264;-0.6296197282563065;-0.13979302917545056;-0.11940581875873946;0.11984286569662306;-0.10880551325643495;-0.09623540651389106;0.07455911182200659;-0.14214906095065416;-0.13385442852171536;0.05011557350624951
2022-08-06 10:34:23.720;0.08680322294144571;-546.6868764846804;-0.628942521965256;-0.13152583299751086;-0.11402540206009704;0.10307402017766876;-0.10260511612286649;-0.08967587628333007;0.07650085490108438;-0.14214906095065416;-0.13385442852171536;0.05011557350624951
2022-08-06 10:34:23.740;0.0819541004465234;-546.0982325163423;-0.6282653094000544;-0.12325863681951432;-0.10863762782534891;0.08634901246541915;-0.09640471898941172;-0.0831162449047369;0.07844310471239435;-0.14214906095065416;-0.13385442852171536;0.05011557350624951
2022-08-06 10:34:23.760;0.0774740036479935;-545.5095830870196;-0.6275880905521972;-0.11499144064157463;-0.10324251195689627;0.06966774303861989;-0.09020432185595695;-0.07655651235941008;0.0803858613370263;-0.14214906095065416;-0.13385442852171536;0.05011557350624951
2022-08-06 10:34:23.780;0.07324428030009233;-544.9209241337303;-0.6269108607473776;-0.10052384733012332;-0.08983194740077138;0.06330647939167555;-0.09020432185595695;-0.0765067088660416;0.08067263676068581;-0.14214906095065416;-0.13395146660076307;0.0495580927139736
2022-08-06 10:34:23.800;0.06916422698807079;-544.3322515968539;-0.626233615315156;-0.08605625401861516;-0.07642041488836426;0.05695149846203673;-0.09020432185595695;-0.07645690541144035;0.08095941212424407;-0.14214906095065416;-0.13404850461495244;0.04900061291265878
2022-08-06 10:34:23.820;0.06517630137055264;-543.743565475721;-0.6255563542547623;-0.07158866070716385;-0.06300791513294612;0.05060279498118625;-0.09020432185595695;-0.0764071019956063;0.08124618742771084;-0.14214906095065416;-0.13414554256428346;0.04844313410229972
2022-08-06 10:34:23.840;0.061254377999329535;-543.1548657696767;-0.6248790775654434;-0.057121067395712544;-0.0495944488476745;0.0442603636843204;-0.09020432185595695;-0.07635729861876683;0.08153296267109944;-0.14214906095065416;-0.13414554256428346;0.04844313410229972
2022-08-06 10:34:23.860;0.057404845397234894;-542.5661524780517;-0.6242017852464288;-0.042653474084261234;-0.03618001674485427;0.03792419931029389;-0.09020432185595695;-0.0763074952805809;0.08181973785441699;-0.14214906095065416;-0.13414554256428346;0.04844313410229972
2022-08-06 10:34:23.880;0.053605115814663096;-541.9774246803063;-0.6235244762386729;-0.042653474084261234;-0.03480743597086544;0.045816513408611925;-0.09537131946714084;-0.0819607309178636;0.07912520951344515;-0.14214906095065416;-0.13414554256428346;0.04844313410229972
2022-08-06 10:34:23.900;0.04988717434579382;-541.3887025096992;-0.6228471737047262;-0.042653474084261234;-0.03343315899437371;0.05371870475569729;-0.10053831707838157;-0.08761376422577172;0.07643176446950495;-0.14214906095065416;-0.13414554256428346;0.04844313410229972
2022-08-06 10:34:23.920;0.046283886737926716;-540.7999789464011;-0.6221698695685413;-0.042653474084261234;-0.03205718402174185;0.06163078413018752;-0.10570531468967914;-0.09326659527820169;0.07373940233737208;-0.14214906095065416;-0.13414554256428346;0.04844313410229972
2022-08-06 10:34:23.940;0.04279230804045664;-540.2112539887094;-0.6214925638281593;-0.042653474084261234;-0.030679509257172555;0.06955276232100083;-0.11087231230086303;-0.0989192241487089;0.07104812273198746;-0.14214906095065416;-0.13414554256428346;0.04844313410229972
2022-08-06 10:34:23.960;0.039376357448243526;-539.6225381335462;-0.6208152685598914;-0.06332146452922416;-0.05003251473911874;0.07751751405992291;-0.11087231230086303;-0.09886949097093378;0.07133450840267397;-0.14214906095065416;-0.13414554256428346;0.04844313410229972
2022-08-06 10:34:23.980;0.036047507370090326;-539.0350111207736;-0.6201393410097149;-0.07540529425062914;-0.060480137737076944;0.08716322377775132;-0.1022948897775322;-0.08990961578515311;0.073362208677489;-0.13356612535448775;-0.12527841688762464;0.04992682538632831
2022-08-06 10:34:24.000;0.03271836849169363;-538.4498469705068;-0.6194661318432557;-0.08748920406463867;-0.07092530580715461;0.09682450517552788;-0.09371632303665223;-0.08094841247824291;0.07539083257916701;-0.1249820448052752;-0.11641001701201503;0.05141115570251742
2022-08-06 10:34:24.020;0.029298853326698904;-537.8670552971671;-0.6187956521215409;-0.09957319394493425;-0.0813680152188887;0.10650138238413653;-0.08513661180685261;-0.07198588066986389;0.07742038063720447;-0.11639681903158916;-0.10754034259173295;0.05289612540382471
2022-08-06 10:34:24.040;0.025652088056233646;-537.2854609750866;-0.6181265499070482;-0.11968597196852215;-0.100150069929132;0.11455055028532435;-0.08457987952530033;-0.07137063992635007;0.07774592997168117;-0.1158397289146329;-0.1069757947676635;0.052929292021534735
2022-08-06 10:34:24.060;0.02169223456007696;-536.7038720783239;-0.617457453934178;-0.11499493520841497;-0.09502118241383428;0.11697705231921773;-0.08402314242399456;-0.07073050216310861;0.07821480716511253;-0.11528263397479677;-0.1064112420077663;0.052962459078722546
2022-08-06 10:34:24.080;0.01723957054724745;-536.1213260997974;-0.6167872568750293;-0.1136961429625103;-0.09348924577065887;0.11829264041920684;-0.08685663196794025;-0.07369280694953062;0.07753081693859531;-0.11811794472248138;-0.10942027467069693;0.052013746634549385
2022-08-06 10:34:24.100;0.012148610830658546;-535.5368755944146;-0.6161148687299489;-0.11239730675703186;-0.0919572196574201;0.11960848108596878;-0.08968999668669397;-0.07665497158776446;0.07684689993861848;-0.12095313056476797;-0.11242914391812064;0.05106523646140815
2022-08-06 10:34:24.120;0.006282415482265158;-534.9505267282584;-0.6154402965927813;-0.11109842659681135;-0.09042510407161686;0.12092457435780535;-0.09252323659020334;-0.07961699608861039;0.07616305616134156;-0.12378819151166098;-0.11543784976947791;0.0501169285108638
2022-08-06 10:34:24.140;-0.0004965585144083295;-534.3638808750911;-0.6147653827833187;-0.104564421408611;-0.0833174564230923;0.12409577511775272;-0.0901246332578225;-0.07699497164386315;0.07740068017935897;-0.12138804649526591;-0.11291070120705626;0.05080485173130711
2022-08-06 10:34:24.160;-0.008296253861882263;-533.7785577168033;-0.6140919906841606;-0.09803025818212063;-0.07398202908084173;0.1400804214508895;-0.08359201177281506;-0.0701486226536403;0.07907403257057233;-0.1189878119611727;-0.1103834414574294;0.05149288741791658
2022-08-06 10:34:24.180;-0.017175210498205695;-533.1938891885002;-0.6134193517119775;-0.09389632948966664;-0.06718437909566788;0.15532115129155244;-0.07945808308041791;-0.06584978173074063;0.07993934228977206;-0.1189878119611727;-0.1103834414574294;0.05149288741791658
2022-08-06 10:34:24.200;-0.02716110745202882;-532.609213819167;-0.6127467048694486;-0.08976240079726949;-0.06038043684597838;0.1705981035345161;-0.07532415438802076;-0.061550938359367535;0.08080464287794875;-0.1189878119611727;-0.1103834414574294;0.05149288741791658
2022-08-06 10:34:24.220;-0.03824126852829668;-532.0245316025466;-0.6120740501493754;-0.08562847210492919;-0.053570189553258984;0.18591135343775722;-0.07119022569556677;-0.057252092550150735;0.08166993427343883;-0.1189878119611727;-0.1103834414574294;0.05149288741791658
2022-08-06 10:34:24.240;-0.050345012619274376;-531.4414083594238;-0.6114031889691977;-0.07659122823662301;-0.04151837192054941;0.20307267045418076;-0.06215613114667207;-0.04771391112611667;0.08438810282605491;-0.1140848467097122;-0.10537939640494187;0.05198841658721509
2022-08-06 10:34:24.260;-0.06339090775350331;-530.8614286146112;-0.6107359442646297;-0.0820227111541385;-0.049813307331962875;0.18670895920644526;-0.06500697070608652;-0.050799661963502274;0.08309370413544848;-0.10918150790945091;-0.10037499412175066;0.05248382924513084
2022-08-06 10:34:24.280;-0.07720988887191904;-530.2830363156027;-0.6100705258562661;-0.09214121294729694;-0.06311502781463574;0.16859869346809297;-0.07254181488965372;-0.058905024972283115;0.07996241708315122;-0.10896483803395185;-0.1001554233515094;0.052496730832667815
2022-08-06 10:34:24.300;-0.09160849081003053;-529.7046567047291;-0.6094051220451207;-0.10225972947455375;-0.0764078194941682;0.1505392617032939;-0.08007666994185314;-0.06701011210130758;0.07683263778300997;-0.10874816742881066;-0.09993585183468667;0.052509632486732905
2022-08-06 10:34:24.320;-0.10637156250200364;-529.1262897734341;-0.6087397328213495;-0.11237826073625001;-0.08969170408201776;0.13253053883580446;-0.0876115358628553;-0.07511492347909865;0.07370436558342153;-0.10853149609419788;-0.09971627957111195;0.05252253420726838
2022-08-06 10:34:24.340;-0.1212618046199021;-528.5479536481216;-0.6080743790386932;-0.11851901687617783;-0.09779465637868512;0.12136407003257865;-0.07928305279775572;-0.06617883513214196;0.07703331257148616;-0.10847112971469741;-0.09965221455297524;0.05254273223947603
2022-08-06 10:34:24.360;-0.1360383333135231;-527.9696664587027;-0.6074090815549269;-0.12465977554450092;-0.10589418213945478;0.11021710101505633;-0.07095456622950991;-0.05724241739070379;0.08036396634691911;-0.10841076327852406;-0.0995881494607147;0.05256293036337212
2022-08-06 10:34:24.380;-0.1504814893274875;-527.3918938907809;-0.6067443761236795;-0.1292172957191724;-0.11230773376454195;0.09962986828285292;-0.06104355840712827;-0.04661982761174244;0.08425895818012208;-0.10676694104244788;-0.09785249813427299;0.053061881631769836
2022-08-06 10:34:24.400;-0.16437776595792308;-526.8151231289303;-0.6060808232323301;-0.13377484430543518;-0.11871827300993587;0.08906001742042591;-0.051132414766208;-0.03599664736267272;0.08815632831296494;-0.10512307681971933;-0.09611679371158743;0.05356089081891202
2022-08-06 10:34:24.420;-0.17752280525437913;-526.2393489613096;-0.6054184168848531;-0.13833242130408507;-0.12512580408989393;0.07850752390771909;-0.04122113530112159;-0.025372876372635744;0.09205607808226368;-0.10347917060846257;-0.09438103618924742;0.05405995793251339
2022-08-06 10:34:24.440;-0.18976418414089458;-525.6640731672014;-0.6047565838972049;-0.13626534627275078;-0.12443163060928342;0.07056996112700897;-0.04328821033245589;-0.02765980229425935;0.09083253485764153;-0.10347917060846257;-0.09438103618924742;0.05405995793251339
2022-08-06 10:34:24.460;-0.2009989832129988;-525.0887966850642;-0.6040947501180052;-0.13419827124147332;-0.12373577625132626;0.06264230543599414;-0.045355285363733344;-0.029946688753760498;0.08960920433282471;-0.10347917060846257;-0.09438103618924742;0.05405995793251339
2022-08-06 10:34:24.480;-0.21116555212998578;-524.5130304862905;-0.6034323529383846;-0.13338487224643814;-0.12438774987979073;0.05419769416192999;-0.048675535293760674;-0.03358728483780027;0.08783261579295054;-0.10473304352012391;-0.095720647070209;0.053589233803454484
2022-08-06 10:34:24.500;-0.22025000818666962;-523.9362863724891;-0.6027688307046055;-0.13257146672611952;-0.12503775900475844;0.04576453394770574;-0.0519957429130713;-0.037227747066275185;0.08605651897327427;-0.105986892005145;-0.09706022448125395;0.05311855756400785
2022-08-06 10:34:24.520;-0.22828867226768135;-523.3585659982709;-0.6021041853202349;-0.13175805468102908;-0.1256858059263415;0.03734281090013525;-0.05531590822325683;-0.04086807546516269;0.08428091374616464;-0.1072407160644353;-0.09839976842397391;0.05264792920885153
2022-08-06 10:34:24.540;-0.2353341800995452;-522.7803443483062;-0.6014389632371255;-0.10568781146861284;-0.09901792883383465;0.04027495336661513;-0.06283532435659112;-0.04892672690990452;0.08132955859471824;-0.1070085627400168;-0.09816450677942612;0.05266175325153366
2022-08-06 10:34:24.560;-0.2415354545960784;-522.2020955824628;-0.6007737099582258;-0.07961752599680949;-0.07234968081471393;0.043208474337929736;-0.07035475207967323;-0.05698513627512369;0.07837952821055261;-0.10677640857806736;-0.09792924427796379;0.05267557737055473
2022-08-06 10:34:24.580;-0.24705570860529036;-521.6232606901394;-0.6001077823630359;-0.05543581799804542;-0.0476864224079101;0.04550871430353354;-0.07976134545932467;-0.0670528973813802;0.07476426273641934;-0.10843263745715248;-0.09968694761170127;0.05212143355893328
2022-08-06 10:34:24.600;-0.25207322212237393;-521.0432816949397;-0.5994405385208691;-0.03125436288246419;-0.023023192016214722;0.04780987861742325;-0.0891678075941158;-0.0771201358158109;0.0711510394232775;-0.11008882371612216;-0.10144459518534177;0.051567358761767323
2022-08-06 10:34:24.620;-0.2567990569467775;-520.4621716031179;-0.5987719933949279;-0.02877682904335188;-0.020233912260071207;0.049554283915566266;-0.0887558123073049;-0.07668236484354196;0.07129107147349689;-0.11174496735707962;-0.10320218700280748;0.05101335296938814
2022-08-06 10:34:24.640;-0.26141306662146246;-519.8818143188037;-0.598104314345479;-0.02043945913180778;-0.011198490972024189;0.05340603644592257;-0.08248926740824203;-0.06998559985381547;0.07364070291004499;-0.10754264924764456;-0.0987557711921454;0.052342579326627
2022-08-06 10:34:24.660;-0.2661120119823416;-519.3041086576777;-0.5974396858879631;-0.012101694775537908;-0.0021621946206416;0.0572603524573605;-0.07622238829875272;-0.0632883153130237;0.07599130393051734;-0.10334005673143665;-0.0943090035131604;0.05367221082030227
2022-08-06 10:34:24.680;-0.27105805785419523;-518.7277261527415;-0.5967765796714718;-0.007967542727215005;0.0023977262631227347;0.059627966052405945;-0.07415531227459127;-0.06107661898979444;0.07678189511691702;-0.0998949300245009;-0.09052715375798925;0.05554657868350876
2022-08-06 10:34:24.700;-0.27639690553043084;-518.1513391269327;-0.5961134682538879;-0.0038333906788921013;0.006957812331418012;0.06199647294255506;-0.0720882362505435;-0.0588649043655991;0.07757258162645897;-0.09644980331767883;-0.08674519758534416;0.057421520227166845
2022-08-06 10:34:24.720;-0.2822666224794671;-517.5749601220523;-0.5954503660640781;-0.026571226944554382;-0.013782754877954773;0.07392295301312402;-0.07415531227459127;-0.06107661898979444;0.07678189511691702;-0.09300467661074308;-0.08296313496617813;0.05929703560171973
2022-08-06 10:34:24.740;-0.2887081073188684;-516.999186411449;-0.5947879602423823;-0.04740015436351541;-0.0324894561567568;0.08653287407409227;-0.0743149778854999;-0.06125438292698249;0.07668094125322789;-0.09109594485164152;-0.08094620270048836;0.05988536115469856
2022-08-06 10:34:24.760;-0.29575402734514267;-516.4246038845813;-0.5941269248324067;-0.06822932486142008;-0.05119237914718511;0.09916805727357847;-0.0744746141734467;-0.06143211506209667;0.07658000097607065;-0.08918715648570341;-0.07892919849700775;0.06047376672012028
2022-08-06 10:34:24.780;-0.3033944115663;-515.8506273854655;-0.59346658663438;-0.09075076460692344;-0.07170229649736726;0.1111787238682842;-0.07632516042539095;-0.0634238837301595;0.07580456227746168;-0.08897044635505935;-0.07870958149288754;0.06048669528739037
2022-08-06 10:34:24.800;-0.31157579055928686;-515.2766705987815;-0.5928062711147588;-0.11327223764811833;-0.09220873728290613;0.12321173596822188;-0.07817570904128246;-0.06541563740622536;0.07502921484025027;-0.08875373549465948;-0.0784899637418448;0.06049962392133246
2022-08-06 10:34:24.820;-0.3201848274199067;-514.7027215802445;-0.5921459645320961;-0.110471672104552;-0.08852772883719595;0.12822121001837772;-0.07537526722691013;-0.06249329745067911;0.07567405147767126;-0.08853702390456064;-0.07827034524410692;0.060512552621947435
2022-08-06 10:34:24.840;-0.3291337028297552;-514.1285600580086;-0.5914854134719856;-0.10850077224961296;-0.08572156378656715;0.13298710802433078;-0.07340401735105928;-0.06044751881338328;0.07606302398412002;-0.08915008550246384;-0.07910951608960204;0.05922443498348162
2022-08-06 10:34:24.860;-0.33827743129272847;-513.5539778528982;-0.5908243784321796;-0.10652987749421072;-0.0829147898465159;0.13775651831161628;-0.07143277257804215;-0.058401745974343555;0.07645198759258953;-0.08976314126106999;-0.07994866282979274;0.05793642001364585
2022-08-06 10:34:24.880;-0.347476630346671;-512.9800286519239;-0.5901640716396297;-0.10132064704674804;-0.07665046013315546;0.1437230162516494;-0.0662250412099965;-0.052894038345492334;0.07807306831184313;-0.08713750368388773;-0.07716791225146835;0.058781748596743455
2022-08-06 10:34:24.900;-0.3565783527564571;-512.407785957017;-0.5895057281176026;-0.09042663690149766;-0.06401920485243195;0.1535008638403994;-0.06360107674887416;-0.0500885749034623;0.07906460583246311;-0.08451175899335439;-0.07438702349389814;0.05962723985445795
2022-08-06 10:34:24.920;-0.3654339204556465;-511.83724497394724;-0.588849342350518;-0.07953236972639388;-0.051384939841998545;0.16329399471802386;-0.060977005239259086;-0.04728296800620768;0.08005633476365404;-0.08188590718168243;-0.07160599654224598;0.06047289382227028
2022-08-06 10:34:24.940;-0.37392791759136945;-511.2675510904737;-0.5881939311393984;-0.07112442182864243;-0.04140898359199596;0.17214662013825777;-0.060837770326052976;-0.04714154806864457;0.08006607754678008;-0.08174657780454808;-0.07146479774337422;0.06048120868437579
2022-08-06 10:34:24.960;-0.38195443241382987;-510.6978470844697;-0.5875385082826913;-0.06271646567438438;-0.031430832628050354;0.18101146372846966;-0.060698535111406215;-0.047000127821341664;0.0800758203622447;-0.08160724812568887;-0.07132359863567217;0.06048952357408677
2022-08-06 10:34:24.980;-0.3894458733112349;-510.1287874273912;-0.5868838267249904;-0.05254331950965252;-0.019553845122832314;0.19060954247015172;-0.058795377560691975;-0.044960249894892;0.08082420354540965;-0.07970279937728364;-0.06930228346408285;0.061127669812149676
2022-08-06 10:34:25.000;-0.3963825636686945;-509.561033205704;-0.5862306470212073;-0.05063874645162514;-0.018077507967152684;0.18810850107195165;-0.058959348246581555;-0.045132216293630734;0.08078151020074653;-0.07779829427903096;-0.06728089454179553;0.061765907436550194
2022-08-06 10:34:25.020;-0.4027563179335034;-508.99459256129194;-0.5855789785382707;-0.04873411703891861;-0.01660096812353018;0.18560834555270844;-0.05912328980266324;-0.0453041513036041;0.08073882922273157;-0.07589373282808864;-0.0652594318630122;0.06240423646192905
2022-08-06 10:34:25.040;-0.40860721660930854;-508.4288095028096;-0.5849280665830116;-0.048594769716714836;-0.017020857913255583;0.1823889967947947;-0.06105124304942677;-0.04737463694456068;0.07995748708756256;-0.07575439047820609;-0.0651182187364725;0.06241255781173738
2022-08-06 10:34:25.060;-0.4140040592314046;-507.86302651087317;-0.5842771547043111;-0.04845542209284304;-0.017440473296833403;0.1791712482960346;-0.06297919798353036;-0.04944510657374934;0.0791762376950027;-0.07561504782659867;-0.06497700530110251;0.062420879189173384
2022-08-06 10:34:25.080;-0.41904317827104864;-507.2977075146555;-0.5836267766350911;-0.04711439949312535;-0.01656643672155056;0.1764586862644162;-0.0637063803829605;-0.05022073347443978;0.07891213175005607;-0.07427407307784151;-0.06355371341317095;0.06287036219905229
2022-08-06 10:34:25.100;-0.4238455786940667;-506.7333182281509;-0.582977468161643;-0.04577334895520835;-0.017792173344933104;0.1616691936093284;-0.06236633473573505;-0.04873459662646695;0.07972595733994137;-0.07293307039185137;-0.062130384958379636;0.06331989052996523
2022-08-06 10:34:25.120;-0.4285339643343842;-506.16986119990906;-0.5823292322159767;-0.044432270478012015;-0.019012150795536087;0.1469132338723691;-0.061026261170148643;-0.0472484123947865;0.08053988821493352;-0.07159203976754824;-0.06070701993462535;0.06376946418707163
2022-08-06 10:34:25.140;-0.43325533725855536;-505.6076031215998;-0.5816823756167455;-0.0421697359566906;-0.01924853094968526;0.1324970692908254;-0.058765422035911286;-0.04478310541033892;0.0816710365807829;-0.06932958597894512;-0.058458451688977675;0.06365034230783362
2022-08-06 10:34:25.160;-0.438146832654428;-505.0468319776919;-0.5810372296791612;-0.039907121907162946;-0.01947940758336486;0.11811273391731003;-0.05650450343321012;-0.04231767738510683;0.08280240755204993;-0.06706705266497792;-0.05620982529478624;0.06353109815328128
2022-08-06 10:34:25.180;-0.4433272506689764;-504.48680293055804;-0.5803929374957763;-0.03975227029536654;-0.021959080578856316;0.10295930661927155;-0.056349767856509914;-0.04211064764975703;0.08310033586223131;-0.06691220657864605;-0.056052899072540185;0.06354035145111414
2022-08-06 10:34:25.200;-0.4489224462463953;-503.9267784569747;-0.5797486505740879;-0.044765576672091356;-0.02975510523728886;0.08705515166181588;-0.05619503190754216;-0.042046974593766606;0.08257288718816369;-0.06675736011981925;-0.05589597246910216;0.06354960478308502
2022-08-06 10:34:25.220;-0.4550281488278767;-503.36676111447014;-0.5791043718564352;-0.04977888820184262;-0.03754421742675973;0.071190728848471;-0.0560402955863637;-0.04198330173689868;0.082045436335493;-0.06660251328849753;-0.05573904548441533;0.06355885814919393
2022-08-06 10:34:25.240;-0.46173036684047764;-502.8065598942994;-0.5784598815944999;-0.055495266524587805;-0.04606936635142134;0.055150327250629516;-0.056588131311364975;-0.04266399363788054;0.08129168766112649;-0.06715074026885404;-0.05632093044994235;0.06337507779723595
2022-08-06 10:34:25.260;-0.46909593129917787;-502.24598392404005;-0.5778149601967975;-0.06121162061560881;-0.05458737702710792;0.039150711666270155;-0.0571359623704879;-0.043344672114720595;0.08053798759483843;-0.06769896257997843;-0.05690280930383551;0.06319130502001791
2022-08-06 10:34:25.280;-0.4771665954172082;-501.68461836629285;-0.5771691304086302;-0.058771269339558785;-0.05307468691617956;0.03376916188557377;-0.05882895151133738;-0.04511116111304858;0.08014931689645;-0.07283856838170877;-0.06245676243423759;0.06090082605547398
2022-08-06 10:34:25.300;-0.4859928674420412;-501.12204953179025;-0.576521916296182;-0.0563309218376844;-0.051561200462149515;0.028392361207878025;-0.06052189609365399;-0.04687760111928441;0.0797606665702304;-0.07797808929063521;-0.068010452298779;0.05861129930977782
2022-08-06 10:34:25.320;-0.49560439426330916;-500.5582799748736;-0.5758733207981257;-0.05389057811021303;-0.05004691828705532;0.02302030578801073;-0.06221479611942726;-0.048643992135474434;0.07937203661660419;-0.08311752531039573;-0.07356387897198147;0.05632272441547492
2022-08-06 10:34:25.340;-0.5060223210463345;-499.9939090785847;-0.5752240334819234;-0.04975613740572271;-0.046720823825840085;0.01829255257289475;-0.06221479611942726;-0.048594150391430446;0.07965900396229486;-0.08311752531039573;-0.07356387897198147;0.05632272441547492
2022-08-06 10:34:25.360;-0.5172628634918514;-499.4295349526292;-0.5745747424501122;-0.045621696701232395;-0.04339414558203103;0.013568335353927097;-0.06221479611942726;-0.04854430868621051;0.07994597124789671;-0.08311752531039573;-0.07356387897198147;0.05632272441547492
2022-08-06 10:34:25.380;-0.529371390123216;-498.86493608343153;-0.5739251928597228;-0.0586041672102624;-0.05563692167178047;0.018071924844901055;-0.06692796776004428;-0.05356698830657791;0.07825998402192003;-0.08369665717287589;-0.07418148376149247;0.05611180304136454
2022-08-06 10:34:25.400;-0.5423509807137528;-498.29991133302246;-0.5732751533091484;-0.07158658290944686;-0.06787918217318989;0.022578606976889404;-0.07164111766066839;-0.058589563157305236;0.07657442515989832;-0.08427578382463352;-0.0747990815027606;0.05590089137629484
2022-08-06 10:34:25.420;-0.5562120950001346;-497.7344543383442;-0.5726246164779321;-0.08456894379980895;-0.08012092687673444;0.027088383451129516;-0.07635424582169748;-0.06361203325783293;0.07488929456770244;-0.08485490526589601;-0.07541667219607007;0.055689989419759556
2022-08-06 10:34:25.440;-0.5709794594440114;-497.16878704763803;-0.5719738377091098;-0.09701863359202889;-0.0917874262678744;0.03183314007657323;-0.08053507430096118;-0.06805785222061189;0.07344864815114427;-0.08490135198359994;-0.07546374166395253;0.0556872193337119
2022-08-06 10:34:25.460;-0.5866763708956448;-496.6031312255436;-0.5713230721344905;-0.10946831937292245;-0.10345338982941499;0.03658140796293363;-0.08471590142092822;-0.07250361038418163;0.07200830646440703;-0.08494779866776625;-0.07551081109733104;0.05568444925073379
2022-08-06 10:34:25.480;-0.6033117821864282;-496.0380751230623;-0.5706729965145457;-0.11292403460521427;-0.1050922347923553;0.04709784128738903;-0.07783655801798517;-0.06520230355319967;0.07429787520202868;-0.08323522066615041;-0.07369324003997235;0.05625776302127505
2022-08-06 10:34:25.500;-0.6209087476843533;-495.4742082359371;-0.5700242890417752;-0.11637976539105921;-0.10672807885189073;0.05763209539976888;-0.07095710796644283;-0.05790073653476924;0.07658822738715454;-0.08152259709674681;-0.0718756093566526;0.05683115062262445
2022-08-06 10:34:25.520;-0.6394691703900154;-494.9115330612476;-0.5693769525889741;-0.11983551173079832;-0.10836091761970934;0.06818419728680336;-0.06407755126164005;-0.050598909277276505;0.0788793632442708;-0.0798099279572817;-0.0700579190430517;0.05740461206548808
2022-08-06 10:34:25.540;-0.6589804084125985;-494.350145162236;-0.5687310970980293;-0.12316429851949806;-0.1098475453989387;0.07884502915633274;-0.057070971710935225;-0.04315296842948868;0.08126621119553512;-0.07797021094813417;-0.0680987008519196;0.05805902931294238
2022-08-06 10:34:25.560;-0.6794183783935281;-493.79014433717384;-0.5680868373830678;-0.13579581437323895;-0.11920986435635328;0.09789716282302141;-0.05936698994715783;-0.04567333161391929;0.08002134136388239;-0.07613044135598201;-0.06613941222002495;0.058713540757555194
2022-08-06 10:34:25.580;-0.7007212844293583;-493.2308453490914;-0.567443385104939;-0.15032862380132883;-0.13059977329115569;0.11626246197832657;-0.0635634239676719;-0.05023488827358591;0.07800463767452914;-0.0727469290726468;-0.06244798109889871;0.060423319668260866
2022-08-06 10:34:25.600;-0.7228048153174089;-492.67155746941717;-0.5667999456066126;-0.16486142698124695;-0.14198096248114567;0.1346804082968136;-0.06775985616038582;-0.05479632690641978;0.07598855259122317;-0.06936341820329162;-0.058756459197525146;0.0621335940096861
2022-08-06 10:34:25.620;-0.74555277728212;-492.1122806899584;-0.5661565188786633;-0.17939422391287962;-0.1533534115939439;0.15315113234393518;-0.07195628652529962;-0.05935764754510586;0.07397308594429397;-0.06597990874768911;-0.05506484649208687;0.0638443639066466
2022-08-06 10:34:25.640;-0.7688307546577268;-491.552993623809;-0.5655130803162663;-0.19390689976495423;-0.1646989622219941;0.17166299039095545;-0.07613260597613447;-0.06390076800752098;0.07194615804919025;-0.06602172323891509;-0.055109228329740745;0.06383034563861756
2022-08-06 10:34:25.660;-0.7924531751074124;-490.9936889124583;-0.5648696214537344;-0.19394869333956422;-0.16362305249467468;0.17809565270326289;-0.0761743876140244;-0.06392064903663908;0.07207310691140112;-0.06606353770279938;-0.055153610131753794;0.06381632741470256
2022-08-06 10:34:25.680;-0.8162229611209962;-490.43436877989006;-0.5642261448496765;-0.19410346410990087;-0.1626584642514537;0.1845401742169468;-0.076329114179849;-0.06405290404418196;0.07220564207322155;-0.06621838583089001;-0.05531053861091095;0.06380707308630917
2022-08-06 10:34:25.700;-0.8399177671145456;-489.8750480939125;-0.563582667608942;-0.1942582345078563;-0.16169277520319625;0.1909911178640078;-0.07648384037351974;-0.06418515879718001;0.07233817672519827;-0.06637323358637204;-0.05546746670859193;0.06379781879209112
2022-08-06 10:34:25.720;-0.8632925167543514;-489.3157268534487;-0.5629391897302923;-0.19441300453343047;-0.1607259844248894;0.19744848922326597;-0.07663856619492293;-0.06431741329591745;0.0724707108673881;-0.06652808096941598;-0.055624394425080936;0.06378856453197645
2022-08-06 10:34:25.740;-0.8860903767455524;-488.7562295879252;-0.5622955093414859;-0.1949145216918282;-0.16013774048369456;0.20372986772605106;-0.07713994011381686;-0.06482986142244584;0.0724171532080371;-0.07219800229620077;-0.06194064991996129;0.060174861707269045
2022-08-06 10:34:25.760;-0.9080257286526855;-488.1963689867771;-0.5616514109488204;-0.1695753122060637;-0.13475150365232835;0.20349483833071247;-0.07247316557762673;-0.059899932678114;0.07383732850023961;-0.0778679018068793;-0.06825652076253164;0.05656312706564037
2022-08-06 10:34:25.780;-0.9288689170403972;-487.6364749781569;-0.5610072741221251;-0.14338159413881613;-0.10844385515506261;0.20362775047201964;-0.06695217690073463;-0.054047478467985854;0.07563337762538769;-0.07751480567247526;-0.06787584189521567;0.05671542047335798
2022-08-06 10:34:25.800;-0.9483815120406206;-487.0768894455614;-0.5603634921853993;-0.11718781113398791;-0.08213615375186478;0.20376056808823506;-0.06143117368824136;-0.048194921004345304;0.07742987514861888;-0.07716170760130225;-0.06749516019368684;0.05686771867550089
2022-08-06 10:34:25.820;-0.9663493446604865;-486.51761261883803;-0.5597200654030738;-0.09099396319089692;-0.05582839944347384;0.20389329119527222;-0.05591015593991955;-0.042342260269741416;0.07922682114775981;-0.07680860759318975;-0.06711447565828621;0.057020021672182786
2022-08-06 10:34:25.840;-0.9826180007147908;-485.95848973555985;-0.5590768157268446;-0.08915893689385257;-0.05427184375728089;0.20225471113314786;-0.060276788194379094;-0.0470018841280293;0.07762889514185556;-0.07704086988229264;-0.06734985417722328;0.057006158905428705
2022-08-06 10:34:25.860;-0.9970199940716008;-485.39936591822334;-0.5584335649760169;-0.08732391307398757;-0.052715223584275606;0.2006165424456796;-0.06464341298063658;-0.051661425212579104;0.0760313594251496;-0.07727313133318248;-0.06758523183822263;0.05699229621540436
2022-08-06 10:34:25.880;-1.0094689748394456;-484.84100276952813;-0.5577911893456177;-0.08306087679426355;-0.04857266444381381;0.19983848959857387;-0.0665835577506968;-0.053733273013016;0.07531257784893608;-0.07163170615251246;-0.061496365899301964;0.05946421574019123
2022-08-06 10:34:25.900;-1.0199322247524043;-484.2841840028923;-0.5571505904682175;-0.07879773425509029;-0.04442999493372568;0.19906048238467822;-0.06852369034586303;-0.05580509233205788;0.07459388130289746;-0.0659901538080554;-0.05540716230433418;0.061937257910678056
2022-08-06 10:34:25.920;-1.0284229128932383;-483.72890726465994;-0.5565117656360243;-0.07453448545027186;-0.040287215046166835;0.19828252081163988;-0.07046381076494157;-0.057876883170443705;0.07387526977782777;-0.06034847429242163;-0.04931762095355907;0.06441142320623872
2022-08-06 10:34:25.940;-1.0350378036129764;-483.1721995961052;-0.5558712945727537;-0.08302213427987226;-0.05119128314189325;0.18455124036987058;-0.0727453163970253;-0.060321854984657364;0.0729805284610503;-0.0667695472474712;-0.056126210509773955;0.06229741438887704
2022-08-06 10:34:25.960;-1.0398927115428638;-482.61110327617644;-0.5552257745324876;-0.091509051071057;-0.06208924144349126;0.17085045071413862;-0.07502636535073037;-0.06276631333886229;0.07208609226862706;-0.07318997973748864;-0.06293396733684631;0.06018441391532825
2022-08-06 10:34:25.980;-1.0431620466722467;-482.0478232834939;-0.5545777422595193;-0.09357626850754741;-0.06612188287684617;0.15958554135318614;-0.07089193047774955;-0.05834279406368381;0.07366639647565165;-0.07318997973748864;-0.06293396733684631;0.06018441391532825
2022-08-06 10:34:26.000;-1.045078380263051;-481.4845471972003;-0.5539297144807032;-0.09564348594398098;-0.07015111833030474;0.14834031558946936;-0.06675749560476874;-0.053919201616643875;0.07524708179795248;-0.07318997973748864;-0.06293396733684631;0.06018441391532825
2022-08-06 10:34:26.020;-1.0459000431913794;-480.9212750140359;-0.5532816911922894;-0.09771070338052823;-0.07417695287441362;0.13711474336312524;-0.06262306073184476;-0.049495535981371575;0.07682814831684492;-0.07318997973748864;-0.06293396733684631;0.06018441391532825
2022-08-06 10:34:26.040;-1.0459029374150368;-480.3578014446466;-0.5526334362166601;-0.0962751840216356;-0.07402942536450396;0.12967779015724457;-0.06325439359047635;-0.050119746493543005;0.07688201517870663;-0.07382176348374614;-0.06360228718739336;0.05998554594084915
2022-08-06 10:34:26.060;-1.0453807654728178;-479.7939213471618;-0.5519847135458716;-0.0948396674803007;-0.07388042287320573;0.12224952092604635;-0.06388572025249317;-0.050743952988590024;0.07693586960798005;-0.07445354102889823;-0.06427059910140542;0.05978668703832479
2022-08-06 10:34:26.080;-1.0446183690674253;-479.2298379246713;-0.5513357569573739;-0.09292726822098984;-0.07321418084874054;0.11504419444561176;-0.06404043769978074;-0.05085125629019416;0.07721201176504167;-0.07460836897291401;-0.06442750485530269;0.059777444605855656
2022-08-06 10:34:26.100;-1.04388352690597;-478.6657542337416;-0.5506868000600471;-0.09101487079919934;-0.0725465664401419;0.10784697050757419;-0.06419515477474391;-0.05095855948516004;0.07748815283206678;-0.07476319654432118;-0.0645844102278943;0.05976820220748191
2022-08-06 10:34:26.120;-1.04341139051289;-478.1016702730485;-0.5500378428523677;-0.08910247521498604;-0.0718775809388923;0.1006578411790846;-0.06434987147766691;-0.05106586257371504;0.07776429280902342;-0.0749180237433471;-0.06474131521940762;0.05975895984320356
2022-08-06 10:34:26.140;-1.0433945764428676;-477.53909145085345;-0.549390617249458;-0.07957730821021869;-0.0634203099116668;0.09432941158674257;-0.059995438364602194;-0.04646102948324682;0.07911726600657865;-0.07056048076520582;-0.06011639894654763;0.06121890144734987
2022-08-06 10:34:26.160;-1.0439896468654979;-476.97955157698743;-0.5487468878413692;-0.0700516907210158;-0.054961680326218953;0.08800669143978812;-0.05564071044980068;-0.041855833125531205;0.08047059031687098;-0.06620264277477972;-0.05549109656726614;0.06267932144598642
2022-08-06 10:34:26.180;-1.0452884791723385;-476.421954927755;-0.5481053940395375;-0.06385831899444838;-0.050053740958933446;0.08049327540798767;-0.05461618380413569;-0.04080962644260211;0.08057453078130461;-0.058286469027844845;-0.04718152560491262;0.06480107466566576
2022-08-06 10:34:26.200;-1.0473227599410466;-475.8652048595468;-0.5474648741970733;-0.05766489435393396;-0.045144316687615316;0.07298852676014;-0.05359164084065782;-0.039763406390726175;0.08067845322120615;-0.05037023017069586;-0.03887175011823274;0.06692352044986549
2022-08-06 10:34:26.220;-1.0500950919587513;-475.30931302652607;-0.5468253417216495;-0.07731253248101666;-0.061874390798013934;0.09015077693734419;-0.0567016600678798;-0.04312870582949557;0.07927207393668656;-0.04245392620145694;-0.030561770076644734;0.06904665891521322
2022-08-06 10:34:26.240;-1.053507718415827;-474.7538643294174;-0.5461863190572896;-0.09798542502750252;-0.07970306147800343;0.10691419888382114;-0.06083623857724518;-0.047602492776512406;0.07740332243010517;-0.04245392620145694;-0.030561770076644734;0.06904665891521322
2022-08-06 10:34:26.260;-1.057438396433106;-474.19843266712996;-0.5455473159908456;-0.11865831757398837;-0.09752463194937278;0.12372141658790525;-0.06497081708655372;-0.05207617829423583;0.07553510846758904;-0.04245392620145694;-0.030561770076644734;0.06904665891521322
2022-08-06 10:34:26.280;-1.0617314965019944;-473.642419842894;-0.5449076443196166;-0.14131291204211038;-0.11744349335222992;0.1399057081302173;-0.07108620622900474;-0.05865708877390574;0.07297932134086782;-0.04443640623201972;-0.03265269718338004;0.06845835002785172
2022-08-06 10:34:26.300;-1.0661994291187062;-473.085228991411;-0.5442666173727084;-0.1639671625374035;-0.13735559373489892;0.15612996819120006;-0.07720147778163522;-0.06523768215472359;0.07042458553482334;-0.04641882521007901;-0.03474354766706256;0.06787012213948707
2022-08-06 10:34:26.320;-1.0706138173922137;-472.52684921211767;-0.5436242226094367;-0.1556123668713667;-0.1290912323658837;0.15544433009321246;-0.07918213812288144;-0.06731988416233747;0.06988023049178427;-0.04840118313887487;-0.036834321533604;0.0672819752372602
2022-08-06 10:34:26.340;-1.0748046681462013;-471.9678645783788;-0.5429811319840604;-0.14569406807675023;-0.11914671137904875;0.15539896537728737;-0.07959987945908864;-0.06771927656463816;0.06999437934716646;-0.05915550166349348;-0.048229061007361906;0.06379097018884394
2022-08-06 10:34:26.360;-1.0785847524711765;-471.40887139259576;-0.5423380315198816;-0.13577579640389104;-0.10920221964667931;0.15535359203871923;-0.0800176180818184;-0.06811866650823362;0.07010852703510562;-0.06990978763598932;-0.059623348910690765;0.06030213630470538
2022-08-06 10:34:26.380;-1.081791727569179;-470.8495884982767;-0.5416945977570173;-0.12622297862026244;-0.09967143959065439;0.15503782749907202;-0.08080058511333021;-0.06893288837508038;0.06994449767135347;-0.07069336981197338;-0.060455006732468064;0.06003963091729325
2022-08-06 10:34:26.400;-1.084294529363574;-470.2897549996633;-0.5410505305447902;-0.11667020722228472;-0.09014070332321822;0.1547220998462162;-0.08158354261367862;-0.06974710001806983;0.06978047126710774;-0.0714769424492907;-0.0612866520708053;0.059777140994016875
2022-08-06 10:34:26.420;-1.0860060273440535;-469.72936849886173;-0.5404058271245148;-0.11486957247092278;-0.08838654472473095;0.15441911977439204;-0.07461440032081867;-0.06238564103013999;0.07189753245174302;-0.07226050554799812;-0.062118284926214073;0.05951466653386994
2022-08-06 10:34:26.440;-1.086872155805813;-469.1686293304738;-0.5397607179735536;-0.11297289293503354;-0.08650434405192087;0.15429831372366287;-0.06754929262975651;-0.05489518392968051;0.07420273644708342;-0.072947991025611;-0.06282568422176382;0.059412239907014275
2022-08-06 10:34:26.460;-1.0868892918933346;-468.6077338408577;-0.539115428980947;-0.11107621832309178;-0.08462214770318965;0.154177512832125;-0.06048421439853513;-0.04740461715416444;0.07650864014392145;-0.07363546915973629;-0.0635330755077348;0.05930981651268841
2022-08-06 10:34:26.480;-1.0860988474164475;-468.04675953162223;-0.5384700493093569;-0.10883276504245032;-0.0823757402069738;0.15415013694633384;-0.05307255530819788;-0.03954938439377287;0.07891150319808649;-0.0670853883870528;-0.05656477511081448;0.06159803168886935
2022-08-06 10:34:26.500;-1.084599993211174;-467.4857908788181;-0.5378246761452766;-0.11950937475694445;-0.09462548303261897;0.14531147217151563;-0.055480157275802355;-0.04208205549902999;0.0782404831969421;-0.060535322017809534;-0.049596310992967574;0.06388717711149461
2022-08-06 10:34:26.520;-1.0824941687174807;-466.9248348773326;-0.5371793175360587;-0.13018595835990254;-0.10687298893006769;0.1364850289064723;-0.05788775258010759;-0.04461470741036777;0.0775695249369992;-0.05398527005212017;-0.04262768308774412;0.06617725311296674
2022-08-06 10:34:26.540;-1.0799251250900817;-466.36312494590675;-0.5365330915590323;-0.14272326064514118;-0.12112660587886026;0.12685828794337173;-0.06215531557526077;-0.04915993431924193;0.07605780027600062;-0.056187323233810815;-0.04496498251290859;0.06543880690991966
2022-08-06 10:34:26.560;-1.0770491601735275;-465.799896627439;-0.5358851187352887;-0.15526033049013677;-0.13537730501272804;0.11724634227828812;-0.0664227718740662;-0.053704981698238896;0.07454645275487692;-0.05838930108916074;-0.047302183336057624;0.06470048293734809
2022-08-06 10:34:26.580;-1.0740258133031715;-465.2359164804875;-0.5352362809613825;-0.16590573103047745;-0.14758608766479497;0.10846103533367124;-0.06879935978124507;-0.056206067427488904;0.07387802933526366;-0.058698956535234714;-0.04761599847512343;0.06468198075856613
2022-08-06 10:34:26.600;-1.0709923043212382;-464.67194169479626;-0.534587449355403;-0.16001373905123728;-0.1448641648629838;0.09010811831759025;-0.06910877066368215;-0.056495411367301074;0.0739998669194959;-0.05900861049144268;-0.047929812089421375;0.06466347871622702
2022-08-06 10:34:26.620;-1.0680954793636883;-464.10796502044104;-0.5339386155765873;-0.15412175884142698;-0.1421333411346133;0.0718078888594329;-0.06941818005761746;-0.05678475402427097;0.07412170357876047;-0.05931826295806886;-0.048243624178894606;0.06464497681033166
2022-08-06 10:34:26.640;-1.065433848491875;-463.5438488641885;-0.5332896213291375;-0.14829638956535973;-0.13948136648534515;0.05343996788709848;-0.06979415907638753;-0.057162795495365515;0.07411748355556025;-0.059694537346725696;-0.048643003372603744;0.06451882257651054
2022-08-06 10:34:26.660;-1.06306509282182;-462.9794758660646;-0.5326403315948538;-0.14247103420160556;-0.13682039759314435;0.03512527102951779;-0.07017013589747734;-0.057540835301686855;0.07411326040765509;-0.06007080953594013;-0.049042379687364246;0.06439267191117892
2022-08-06 10:34:26.680;-1.0609959446354582;-462.4151021360376;-0.5319910410185433;-0.13626020790042048;-0.13371898752874145;0.017120702926737508;-0.07016080453760054;-0.05748509415078473;0.07438028259453588;-0.060061470845365506;-0.04901464289946489;0.06449817902382637
2022-08-06 10:34:26.700;-1.0591667873251345;-461.85098512408877;-0.5313420457866475;-0.12074714468411685;-0.11950440558181086;0.009353473693852088;-0.07531938235100455;-0.06301469319017627;0.07234906550999654;-0.060052132153654014;-0.048986905840592954;0.06460368770155789
2022-08-06 10:34:26.720;-1.0574862027600975;-461.2871195677799;-0.5306933398449305;-0.10523408046719851;-0.10528835070661913;0.001595661231674761;-0.08047796049665834;-0.06854417128450763;0.0703184825255807;-0.060042793460805655;-0.04895916851074844;0.06470919794439389
2022-08-06 10:34:26.740;-1.0557975890328362;-460.72337384748243;-0.5300447717700009;-0.09028762736221552;-0.09166599384159113;-0.006306072051263101;-0.08620276689534734;-0.07466995132678989;0.068126190911042;-0.06060015787243955;-0.04952402029482528;0.06467589398351237
2022-08-06 10:34:26.760;-1.0538931060813599;-460.15961627558136;-0.5293961900602505;-0.07534122909362395;-0.07804214167461865;-0.014197951320793933;-0.09192754858431584;-0.08079556354956452;0.06593464565150242;-0.06115751745761244;-0.05008886713881111;0.06464259046472609
2022-08-06 10:34:26.780;-1.051544661701492;-459.5962823222726;-0.5287480957076278;-0.08238056602431243;-0.08298034399999565;-0.0019809372871693043;-0.08656481941832084;-0.07503109446653156;0.0681387912440119;-0.06681861308004144;-0.056097519212812585;0.06274487532611239
2022-08-06 10:34:26.800;-1.0484586452864855;-459.03380809838563;-0.5281009904411055;-0.0894199496657393;-0.08791456096114203;0.010260155052664643;-0.08120203169467999;-0.06926641988589921;0.07034370968384973;-0.07247974371221844;-0.06210608523690553;0.060847789117983275
2022-08-06 10:34:26.820;-1.044346630241427;-458.4721948870356;-0.5274548757368587;-0.09645938001909826;-0.09284478587975187;0.022525367597960866;-0.07583918541151746;-0.06350153975576944;0.07254940122444076;-0.07814090935493923;-0.06811456524792447;0.05895133166117539
2022-08-06 10:34:26.840;-1.0389286480079305;-457.9105655942476;-0.5268087425315273;-0.10662759553650858;-0.10108110763158962;0.03383230210417576;-0.07360321009863213;-0.06105394901950234;0.07372231191147183;-0.08004068118213681;-0.07010193100495599;0.05848123240633285
2022-08-06 10:34:26.860;-1.0319358499025904;-457.3480432210854;-0.5261615818710894;-0.11679564652536101;-0.10931397919964425;0.04515917914996059;-0.07136723298540204;-0.05860631644721792;0.0748954376885731;-0.0819403969362007;-0.0720892298685385;0.058011188600829655
2022-08-06 10:34:26.880;-1.0231242292696587;-456.78506515816116;-0.5255138969568593;-0.11266133655135491;-0.1035176900643684;0.054637796471006084;-0.07550154295940814;-0.06312940578944648;0.07274112231672358;-0.0819403969362007;-0.0720892298685385;0.058011188600829655
2022-08-06 10:34:26.900;-1.0123416789428419;-456.2220881902831;-0.5248662133024384;-0.10852702657723512;-0.09771890527705196;0.06413067570167463;-0.07963585293347109;-0.06765236565794197;0.07058750011440029;-0.0819403969362007;-0.0720892298685385;0.058011188600829655
2022-08-06 10:34:26.920;-0.9994909404080081;-455.6591056039251;-0.5242185231841694;-0.10439271660311533;-0.0919176216073403;0.07363783562230708;-0.08377016290759087;-0.07217519609050527;0.0684345708844285;-0.0819403969362007;-0.0720892298685385;0.058011188600829655
2022-08-06 10:34:26.940;-0.9845629107619654;-455.094746376948;-0.5235692492930678;-0.10482355343953031;-0.0909607796324714;0.08162764341094864;-0.09246665452806013;-0.08155322795388287;0.06468714549232413;-0.0865060976782921;-0.07690597940046473;0.05664853473917031
2022-08-06 10:34:26.960;-0.9676257755461387;-454.5276461330577;-0.5229168219659424;-0.10525419679566994;-0.09000209708151274;0.08962707187032493;-0.10116269221432361;-0.09093036511827535;0.060942051575651135;-0.09107147456876064;-0.08172232166396043;0.05528631513497295
2022-08-06 10:34:26.980;-0.9488477529319671;-453.9591785475568;-0.5222628215641412;-0.1055946933874452;-0.08882558063348611;0.09835932650722512;-0.09736878314677;-0.08672885532492813;0.0632119689399584;-0.09141200761490254;-0.08206741935288164;0.055266011518553704
2022-08-06 10:34:27.000;-0.9284911017920587;-453.39071065009193;-0.5216088208034372;-0.1059351881775683;-0.08764701094978378;0.10710355311160136;-0.0935748819999489;-0.08252721441797206;0.06548263776385355;-0.09175253885933543;-0.0824125151977455;0.05524570806673701
2022-08-06 10:34:27.020;-0.906902077670924;-452.82224243865494;-0.5209548196815202;-0.1062756811659824;-0.08646638565935305;0.11585976598146175;-0.08978098877368978;-0.0783254423562525;0.06775405826416403;-0.0920930683017751;-0.08275760919855202;0.05522540477956461
2022-08-06 10:34:27.040;-0.8844995234264339;-452.2534812513986;-0.5203004815020322;-0.10712546795679145;-0.08584677166121324;0.12432868224313687;-0.08649608281827881;-0.07468809064757664;0.06971660515997691;-0.09294294607292031;-0.08365958016077002;0.054940942847322205
2022-08-06 10:34:27.060;-0.8617594261420265;-451.6841347263471;-0.5196454699136059;-0.10797524352676646;-0.08522525072246268;0.13280869540950402;-0.08321118991042198;-0.07105065184995141;0.071679692006974;-0.0937928126220946;-0.08456153643993503;0.05465649909250381
2022-08-06 10:34:27.080;-0.8391967316332509;-451.11447105630214;-0.5189900934618903;-0.11042613695542514;-0.08629960655409619;0.1407753988150695;-0.08772891813648442;-0.07596710012634134;0.06947581889354915;-0.09417667948423158;-0.08507574783999416;0.05391445893894531
2022-08-06 10:34:27.100;-0.8173347350718623;-450.54475813681347;-0.5183346603505571;-0.11287702261557797;-0.08737228528721985;0.14875196612063846;-0.09224663311638182;-0.08088339802318245;0.06727267598414599;-0.09456054405671566;-0.08558995428626304;0.05317243317790776
2022-08-06 10:34:27.120;-0.7966915434205148;-449.9749959711262;-0.5176791705833397;-0.11532790050733865;-0.08844328520413924;0.15673840792285;-0.09676433485022784;-0.08579954558225467;0.06507026306337593;-0.09494440633960366;-0.08610415577862796;0.05243042180906343
2022-08-06 10:34:27.140;-0.7777465604673749;-449.4052035269051;-0.5170236459818173;-0.11785923457932768;-0.0895902422983319;0.1647525882262464;-0.10136243617150598;-0.09079305724784348;0.06288690374796513;-0.0954087411937472;-0.08657471070472411;0.05240275527233873
2022-08-06 10:34:27.160;-0.7609258815341543;-448.8354201464899;-0.5163681318078598;-0.12039055867398929;-0.09073550698255772;0.17277671523915128;-0.10596052089001518;-0.09578641740184679;0.060704261031828466;-0.09587307269765333;-0.08704526220208209;0.05237508904146715
2022-08-06 10:34:27.180;-0.7465843312758108;-448.26580246834055;-0.5157128082680761;-0.12508459420496365;-0.09436187605664159;0.17901230985042105;-0.1003195659999605;-0.08971979967181909;0.06304068468160562;-0.09539939328396585;-0.08654256371141855;0.05253355255197256
2022-08-06 10:34:27.200;-0.73497543326693;-447.69651401477313;-0.5150578634886902;-0.12977864315303123;-0.09798725600925096;0.18525395216582385;-0.09467859072386631;-0.08365299948368232;0.0653779609142191;-0.09492571038401465;-0.08603986065975278;0.052692021706591596
2022-08-06 10:34:27.220;-0.7262503371961875;-447.1275549671773;-0.5144032976783842;-0.13447270551853308;-0.10161164603406192;0.19150164733988717;-0.08903759506139153;-0.07758601678104782;0.06771609001324563;-0.09445202399808394;-0.08553715304748266;0.05285049650549656
2022-08-06 10:34:27.240;-0.7204498596907705;-446.5587637337667;-0.513748924931935;-0.14024387979048925;-0.10635468551592808;0.19753209700841712;-0.08447313929811884;-0.07263880774220155;0.06982710698570305;-0.08472035633951336;-0.07518015215185869;0.056273363832652024
2022-08-06 10:34:27.260;-0.7174861170424842;-445.9899758711181;-0.5130945560634197;-0.13878032708589672;-0.10545598172550186;0.19425298252490109;-0.09127751335048373;-0.07988591155199032;0.0674163023385681;-0.07498872609891905;-0.0648227900911138;0.05969831448770613
2022-08-06 10:34:27.280;-0.7171741675720537;-445.4213748754628;-0.5124404021782946;-0.1361684906581786;-0.10336122694983274;0.19122589360487652;-0.0969342085586149;-0.08593670572141576;0.06526208451127857;-0.07444379897838971;-0.0642444332149239;0.05988085191094239
2022-08-06 10:34:27.300;-0.7192232104239787;-444.8531471289825;-0.5117866777021923;-0.1335566418408689;-0.10126623318305761;0.18820018100781688;-0.10259092248966084;-0.09198738374507087;0.06310856868097758;-0.07389886724456218;-0.06366607030145133;0.06006339681262762
2022-08-06 10:34:27.320;-0.7232479842158217;-444.2852928821885;-0.5111333829233166;-0.1309447806339108;-0.09917100050498462;0.1851758442124556;-0.10824765514396262;-0.09803794566337132;0.06095575464768288;-0.07335393089737963;-0.0630877013504687;0.06024594919310111
2022-08-06 10:34:27.340;-0.7287891538496716;-443.7186194271562;-0.5104814466005891;-0.1269274167967751;-0.09552072110071563;0.18298401026401745;-0.11249981919817031;-0.10253133098515121;0.05965310833494453;-0.0714031485622364;-0.06097270114338471;0.06115524501045044
2022-08-06 10:34:27.360;-0.7353488478700241;-443.1539446335446;-0.5098318096620403;-0.1353125455430586;-0.10669356121244178;0.16711203934802388;-0.10848362136541567;-0.09815452722786944;0.061647999220104666;-0.06945230711061967;-0.058857610739266875;0.06206470771313466
2022-08-06 10:34:27.380;-0.7423571036011702;-442.5902754220224;-0.5091833296075555;-0.14632893268520775;-0.12068773529344767;0.1501981109899715;-0.10709704984903823;-0.09660946016170868;0.06253248480842366;-0.0701334300422296;-0.0595478787838033;0.06202402893537773
2022-08-06 10:34:27.400;-0.749248167116926;-442.0266281647273;-0.5085348748105765;-0.15734526401536186;-0.13467398630408312;0.13332872623934655;-0.1057104808520748;-0.09506437365936193;0.0634170899530968;-0.07081454576563928;-0.06023813945080292;0.06198335081755246
2022-08-06 10:34:27.420;-0.7554713672501673;-441.46299613481824;-0.5078864375321277;-0.16836153953443045;-0.14865233224967156;0.11650378208598333;-0.10432391437463906;-0.09351926771849861;0.06430181466851081;-0.07149565428118976;-0.06092839274032258;0.061942673359618006
2022-08-06 10:34:27.440;-0.7604935260622069;-440.89881357289414;-0.5072373668874708;-0.18032644956491595;-0.16367374575029103;0.09915339781678156;-0.10388563436000453;-0.09302848317334877;0.06459523834185887;-0.0731258522890208;-0.06265863370157376;0.06139640923562517
2022-08-06 10:34:27.460;-0.763789906527737;-440.33349831014493;-0.5065869931134648;-0.15611767405232513;-0.14260765385606433;0.08060000826802582;-0.10034674825228507;-0.08936985350467097;0.06521280014409392;-0.07475600901102197;-0.06438882062963103;0.06085021205585761
2022-08-06 10:34:27.480;-0.7649647564234262;-439.7685226236572;-0.5059370100090713;-0.12819612479700027;-0.11753376391195403;0.06367512099070005;-0.09309697605080913;-0.0817014483901275;0.06747591195157554;-0.07267217352432098;-0.06214891336406936;0.06171040608193312
2022-08-06 10:34:27.500;-0.7636542347752852;-439.2053783238298;-0.5052891338455876;-0.1002741363247992;-0.0924525043171549;0.046793916336207886;-0.08584706209031623;-0.07403276523788094;0.06973970236491045;-0.07058827057818107;-0.059908909556156686;0.06257075507258225
2022-08-06 10:34:27.520;-0.7595624193847543;-438.6440716817524;-0.5046433718376644;-0.07235170861366669;-0.0673638882765637;0.029956301479900027;-0.07859700636324618;-0.06636380401570108;0.07200417148116856;-0.06850430016856635;-0.05766880919640016;0.0634312590576851
2022-08-06 10:34:27.540;-0.7525047706578681;-438.08369130918436;-0.5039986754676892;-0.08475432873268574;-0.07953054461816933;0.03155315145170068;-0.07859700636324618;-0.06631395833763776;0.07229117351664449;-0.07883981693441555;-0.06863860475925776;0.05996789299080518
2022-08-06 10:34:27.560;-0.7422914328140641;-437.5233226671189;-0.5033539925932123;-0.09715694885170478;-0.09169716045656529;0.03315037619492944;-0.07859700636324618;-0.06626411269856902;0.07257817549177048;-0.0891753337003216;-0.07960798985538986;0.0565066613434988
2022-08-06 10:34:27.580;-0.7288446663724926;-436.9615993254047;-0.5027077511881575;-0.11382857000063495;-0.10840593545848165;0.033259378975121656;-0.08286350879867399;-0.07076775757010267;0.07129958052622687;-0.0934448832021495;-0.08412296152505405;0.05517112879875974
2022-08-06 10:34:27.600;-0.7121371679680507;-436.3971615612172;-0.5020583869429734;-0.13049954234332972;-0.12511409354644698;0.03336819833728999;-0.08712972822947762;-0.07527105557581848;0.0700213130672358;-0.09771414949727486;-0.08863757147753404;0.05383600648478204
2022-08-06 10:34:27.620;-0.6922065713445457;-435.83002269358985;-0.5014059151807031;-0.14716986594947912;-0.14182163478981025;0.03347683425307402;-0.09139566468885363;-0.0797740067686945;0.0687433730176421;-0.10198313261889425;-0.09315181977456177;0.052501294257945474
2022-08-06 10:34:27.640;-0.6691054426130604;-435.2615294521165;-0.5007518852626783;-0.14758763230099703;-0.1400506165976232;0.04607490080632104;-0.09181322229138544;-0.08022300653785663;0.06857082213075483;-0.10240098843422274;-0.09357527356769424;0.05247639358064404
2022-08-06 10:34:27.660;-0.6429747365900167;-434.69304228336114;-0.5000978623310854;-0.148005395939947;-0.13827528126674693;0.05869813705246418;-0.09223077718265671;-0.08067200321166723;0.06839827296159484;-0.1028188415364717;-0.09399872458408254;0.05245149315107067
2022-08-06 10:34:27.680;-0.6139681510138189;-434.1258165648105;-0.49944529065012105;-0.1443408878644732;-0.13215524241966037;0.07275175863202676;-0.0885681001841121;-0.07677161088840734;0.06969252859216635;-0.09915354871372628;-0.0902102499223929;0.05309542843074322
2022-08-06 10:34:27.700;-0.5822647793217649;-433.56112015537656;-0.4987956288433883;-0.14067617109049024;-0.12602942811261997;0.08683743571531011;-0.08490521459136602;-0.07287094743187339;0.07098711064618524;-0.0954880471477928;-0.08642155425178544;0.0537394150681898
2022-08-06 10:34:27.720;-0.5480599214750953;-432.99896453727706;-0.49814889012074337;-0.13701124559690925;-0.11989782703884444;0.10095523466518497;-0.08124212038327272;-0.06897001280250237;0.07228201921732857;-0.09182233681758234;-0.08263263755299022;0.05438345304896508
2022-08-06 10:34:27.740;-0.5115401015562128;-432.43900197839685;-0.49750467442957325;-0.11197930837005288;-0.09406210432362982;0.10508822699624076;-0.07894943853144554;-0.06651695768541543;0.07315875505696123;-0.08952801756975859;-0.08017991638831745;0.05525346098628248
2022-08-06 10:34:27.760;-0.4729444382992555;-431.8808821634084;-0.4968625787453768;-0.08694692913769586;-0.06822535503230043;0.10922389244178543;-0.07665667495481188;-0.06406379385591521;0.07403563226070897;-0.08723361653875017;-0.07772708267003736;0.05612363197071968
2022-08-06 10:34:27.780;-0.4324990021109104;-431.32367448710283;-0.4962215324421484;-0.06442536043908831;-0.04508097079846962;0.11236400846640748;-0.07687323626938536;-0.06430868254627597;0.07387693814251328;-0.08745033251795675;-0.07794670612742038;0.056110696956849004
2022-08-06 10:34:27.800;-0.390428155422368;-430.7664451479868;-0.49558046121667787;-0.041903825036854414;-0.021936266614634548;0.1155056879262677;-0.07708979685477146;-0.06455357033106424;0.07371824483708167;-0.08766704776729384;-0.07816632883782404;0.05609776200982086
2022-08-06 10:34:27.820;-0.34696144432117504;-430.2091941466715;-0.4949393650696685;-0.019382322930766804;0.0012087576975226;0.11864893151434419;-0.07730635671091335;-0.06479845721056421;0.07355955234440081;-0.0878837622869888;-0.07838595080136201;0.05608482712956153
2022-08-06 10:34:27.840;-0.3023809875707739;-429.6523531354833;-0.49429874060075424;-0.041466806124105915;-0.018258714070018556;0.13413311189927413;-0.07613677363340088;-0.0635449504692005;0.07401895571486872;-0.07637773929354452;-0.06602198075057686;0.06081276447415984
2022-08-06 10:34:27.860;-0.2568753040927808;-429.0963543458711;-0.49365908507582756;-0.06355145597535738;-0.037720325615655526;0.14965479807644488;-0.07496716928763902;-0.062291414768331776;0.07447839964330694;-0.06487161148549703;-0.05365714455746229;0.06554474164617652
2022-08-06 10:34:27.880;-0.21067331968782743;-428.5407805438808;-0.49301991848304516;-0.08699241021821535;-0.058616781860539646;0.1647544201530966;-0.07515279819264009;-0.06247995655510152;0.07446540761742693;-0.06505738622092494;-0.053845416595663664;0.06553363175441351
2022-08-06 10:34:27.900;-0.16401300985702472;-427.9852337824195;-0.492380782999366;-0.11043333409600109;-0.07950761473543722;0.17988911555660447;-0.07533842656183509;-0.06266849779128592;0.07445241564916572;-0.06524316042014888;-0.05403368808521236;0.06552252191186092
2022-08-06 10:34:27.920;-0.11711916493593988;-427.429696015075;-0.4917416578630771;-0.10855194268765445;-0.07650009452985174;0.18633024958640032;-0.06932267849625617;-0.056196950860474715;0.0769542674563537;-0.0654289340832257;-0.05422195902582416;0.06551141211847789
2022-08-06 10:34:27.940;-0.07026528406074772;-426.8737048904659;-0.4911020111564458;-0.10776655060550411;-0.07467455931808686;0.19229853100496186;-0.0644023405231664;-0.05090971633048724;0.07896648524224759;-0.06671092346072882;-0.0555826752886901;0.06508154722106774
2022-08-06 10:34:27.960;-0.02370295438943748;-426.3168102059353;-0.4904613249383864;-0.10698115129343932;-0.07284808572157786;0.1982722077211445;-0.05948203192800605;-0.04562239407047031;0.08097931752109844;-0.0679928873062714;-0.056943358131320565;0.06465172374924055
2022-08-06 10:34:27.980;0.022314380212182683;-425.7591482875214;-0.4898197560468363;-0.10605949457504948;-0.07086123590253024;0.20438196227640315;-0.054425572552780466;-0.040175120224567706;0.08312634543341701;-0.06913855015920589;-0.05824910148038498;0.06375221026496014
2022-08-06 10:34:28.000;0.0675319206532593;-425.20085508749617;-0.4891774608897296;-0.10513783382026531;-0.06887340119439855;0.21049739509067145;-0.0493691418541502;-0.03472774178887761;0.08527407535134923;-0.07028419262075758;-0.05955480614898079;0.06285279596693272
2022-08-06 10:34:28.020;0.11169561006899209;-424.64193142699514;-0.4885344404117514;-0.10628325150543105;-0.06712358203637692;0.22717735147110574;-0.0505139872596132;-0.03596595932005897;0.08475984656029034;-0.07142981469143805;-0.06086047213989332;0.061953480844030295
2022-08-06 10:34:28.040;0.1545612934931464;-424.08269221024966;-0.4878910568982794;-0.10679398755002012;-0.06467231227449943;0.24422940160244178;-0.05102446812761485;-0.03650943957168096;0.08458026730287749;-0.07194064187057947;-0.061378159712035085;0.0619229621694517
2022-08-06 10:34:28.060;0.1958968470959771;-423.52345187035826;-0.4872476720926705;-0.10730471954110499;-0.06221340379787321;0.26132601814494105;-0.05153494494404498;-0.037052915278160015;0.08440069023600927;-0.07245146499542088;-0.06189584313432306;0.061892443866321756
2022-08-06 10:34:28.080;0.23549002265168129;-422.96419654563215;-0.48660427004757756;-0.10734186833013837;-0.05926794798441293;0.2784882996689282;-0.05157207517262208;-0.03711769080407379;0.08424228207615769;-0.0724886204131927;-0.061935278759222;0.061879993268237676
2022-08-06 10:34:28.100;0.2731473229575422;-422.4049123748191;-0.4859608348161553;-0.10737901709774178;-0.05631479259026051;0.2956954758696604;-0.05160920537982605;-0.03718246618009147;0.08408387466478029;-0.07252577580953457;-0.06197471435581292;0.06186754270492045
2022-08-06 10:34:28.120;0.3087122645459227;-421.8455941696666;-0.48531736042951606;-0.09191310792010654;-0.042583823492609696;0.2853994677004037;-0.056814021540070314;-0.04275184641405616;0.08209104115713917;-0.07256293118444646;-0.062014149924550566;0.061855092176370974
2022-08-06 10:34:28.140;0.34205048651750614;-421.2863803802247;-0.4846740061691927;-0.07657716494338729;-0.028958546668977903;0.27524705062650767;-0.06214871512272424;-0.04842906338122788;0.0802276917572664;-0.08306542404403316;-0.07279922050037158;0.06041467291712621
2022-08-06 10:34:28.160;0.3730670490833903;-420.72743471191643;-0.4840309603720668;-0.061241239422713534;-0.015330828753779002;0.26511005766276874;-0.06748340230884509;-0.05410617187086331;0.07836486819407185;-0.09356790454347319;-0.08358436251643298;0.05897367175207879
2022-08-06 10:34:28.180;0.4016921333194723;-420.16861318462907;-0.4833880573944782;-0.04573819938872248;-0.0015525622393148808;0.2548756840424202;-0.07265108232015649;-0.05963541653888882;0.07638835869764993;-0.09356790454347319;-0.08358436251643298;0.05897367175207879
2022-08-06 10:34:28.200;0.42789646056967867;-419.60978234257345;-0.48274514370060195;-0.03746991137057876;0.0040498768242080985;0.23937472618819378;-0.06851693831108463;-0.055187080921108134;0.0781131671569959;-0.09356790454347319;-0.08358436251643298;0.05897367175207879
2022-08-06 10:34:28.220;0.4517008765543664;-419.05094611236564;-0.48210222380786094;-0.029201623352435035;0.009658438115447865;0.2239103447477202;-0.06438279430201277;-0.05073865797705679;0.07983843505209798;-0.09356790454347319;-0.08358436251643298;0.05897367175207879
2022-08-06 10:34:28.240;0.4731437345575349;-418.49184436670475;-0.48145899844965906;-0.022470696601430973;0.013670983176009344;0.2081406560889567;-0.06178473908257587;-0.047892308818369145;0.08121505909118376;-0.09510496963047999;-0.08517788337798038;0.058676104229530957
2022-08-06 10:34:28.260;0.4922984493404239;-417.93221722120506;-0.48081516863886486;-0.01573982089053061;0.017689926916684584;0.1924092891401843;-0.059186691055536755;-0.045045912616295425;0.08259197459657219;-0.09664199800863216;-0.0867713626351474;0.058378561207282686
2022-08-06 10:34:28.280;0.5092565370127329;-417.37232578815747;-0.4801710347752682;-0.008059908939799243;0.022719744401594966;0.17701592501658592;-0.055640375546396115;-0.041194331461120726;0.08427723277602528;-0.0903399865168204;-0.08027785047994485;0.05936900220822583
2022-08-06 10:34:28.300;0.5241255506428901;-416.8124284683945;-0.4795268941392286;0.0037540581494681646;0.03288249139486865;0.16728599944186495;-0.056228154796734486;-0.041891241537960866;0.0836608991913188;-0.08403799763265951;-0.07378439756774924;0.06035919202479256
2022-08-06 10:34:28.320;0.5370091408505293;-416.2525227895021;-0.4788827438863277;0.015567980246828483;0.043047552961322566;0.15757062433811964;-0.056815928675540306;-0.04258814444667536;0.08304457409339872;-0.07773603135592211;-0.06729100396768217;0.06134913027322231
2022-08-06 10:34:28.340;0.5480114971405885;-415.6907375994706;-0.47823643132712895;0.022595617961428616;0.048063656125773235;0.14586540726768238;-0.06218522453260533;-0.04844307144386306;0.08035798911895142;-0.08310896975308069;-0.07299358689465407;0.059549129064610185
2022-08-06 10:34:28.360;0.5572302147548807;-415.12521407793247;-0.47758581795928307;0.029623244192805487;0.05308349987418737;0.13418260357679834;-0.06755407222342313;-0.05429731278965022;0.07767267705119618;-0.08848145967999343;-0.0786955829364615;0.057749854782504606
2022-08-06 10:34:28.380;0.5647737650078988;-414.55928434991074;-0.4769347372662804;0.0456235934148026;0.06773687731864797;0.12612337920020789;-0.06395933828874689;-0.050507849155984275;0.0787206193570551;-0.084884287071187;-0.07484665270811774;0.059133413042477656
2022-08-06 10:34:28.400;0.5706859687100282;-413.99630199785315;-0.47628704741756506;0.04922237900456139;0.0704031332946009;0.12069139802050977;-0.060364403452148;-0.046618275212743754;0.08034376610396254;-0.08128691342431793;-0.07099744408839115;0.060517381559932026
2022-08-06 10:34:28.420;0.5750115107686249;-413.43628164700203;-0.47564276523892374;0.052821365731347214;0.07307028973465535;0.11526362687526426;-0.056769267693788095;-0.042728409666572986;0.08196739577102896;-0.07768933871926365;-0.06714795703123855;0.06190176046713258
2022-08-06 10:34:28.440;0.5777755095861459;-412.87774836930475;-0.4750001938815586;0.05189231788051529;0.07091218893341633;0.10821615707705678;-0.05769732144985795;-0.043671042388290005;0.08190237694700997;-0.0786180220687207;-0.06808911306052323;0.061846273282676556
2022-08-06 10:34:28.460;0.5789793228289017;-412.31921941348264;-0.474357627496347;0.05096328343506684;0.06875544747097351;0.10117647810442776;-0.05862536181486888;-0.04461366135031852;0.0818373595637194;-0.07954669201802389;-0.06903025537440044;0.061790787326117425
2022-08-06 10:34:28.480;0.5785864470316472;-411.7608558916181;-0.4737152514366307;0.0348699570774329;0.05208680799782073;0.09818409545483586;-0.05818294038518701;-0.044089500907510626;0.0822989543061663;-0.07910397044883766;-0.06856036450813008;0.061939143106271466
2022-08-06 10:34:28.500;0.5765730810067451;-411.202818994112;-0.47307325114585363;0.01877658321581066;0.0354184243219855;0.09519314291191616;-0.057740515912506396;-0.04356533325007916;0.08276057201736009;-0.07866124583449263;-0.06809046965651078;0.06208750382429873
2022-08-06 10:34:28.520;0.5728931548073687;-410.64510887636425;-0.4724316268027976;0.0026831618500295917;0.018750296300733993;0.09220361986510728;-0.05729808839659967;-0.043041158377512545;0.0832222126984492;-0.07821851817504566;-0.067620570819372;0.06223586948036619
2022-08-06 10:34:28.540;0.5674920191117149;-410.08640530646517;-0.47178885953071154;-0.01816319087430429;-0.0029453785163333635;0.0877276302870218;-0.061604540062454305;-0.047552394106638474;0.08213096222930094;-0.0825278913455314;-0.07214765208266272;0.061060336533010684
2022-08-06 10:34:28.560;0.5603406998238271;-409.52539292829897;-0.4711434360622602;-0.0390087630142375;-0.024639594790674124;0.08325491961641696;-0.0659107034131452;-0.05206329074851368;0.08103996810734149;-0.08683697600536888;-0.0766743802175256;0.05988513750371727
2022-08-06 10:34:28.580;0.5514593895893969;-408.9632234755336;-0.47049668142335677;-0.030740872906278582;-0.01399426840490392;0.09676445050299787;-0.0659107034131452;-0.052113221549767275;0.08075248354890796;-0.0833920217937667;-0.07301806899175745;0.06103925635483254
2022-08-06 10:34:28.600;0.5408226854955067;-408.40104372593487;-0.46984991493833705;-0.02247298279843335;-0.0033438627020565548;0.11030278112568048;-0.0659107034131452;-0.052163152389844925;0.08046499893040782;-0.07994706758216452;-0.06936171215829745;0.06219361236879095
2022-08-06 10:34:28.620;0.5284763283584153;-407.83885367478797;-0.46920313660177676;-0.014205092690588117;0.007311631697032084;0.12386996529379513;-0.0659107034131452;-0.05221308326908769;0.08017751425179931;-0.07650211337056234;-0.06570530970839172;0.06334820558857857
2022-08-06 10:34:28.640;0.5145269660812092;-407.27659864862653;-0.468556283513926;-0.009201743247501781;0.014649732039597296;0.13719716446170604;-0.0691723093663299;-0.05558441989384022;0.07961219118432883;-0.07976604845992696;-0.06902043076303244;0.06311099046559043
2022-08-06 10:34:28.660;0.4991470416357673;-406.71424409177416;-0.4679093159197893;-0.004198414581765064;0.021992645114405462;0.15055205183586207;-0.07243374991937657;-0.05895557917008176;0.07904692143650305;-0.08302981803114662;-0.07233538104492254;0.06287379741073895
2022-08-06 10:34:28.680;0.4825418064676028;-406.15183766386326;-0.46726228864996666;-0.008518002711809913;0.019893770412547696;0.1634078798314702;-0.0726193165401341;-0.05914405875076767;0.07903393061672759;-0.08321551716630537;-0.0725235741036272;0.06286270326299181
2022-08-06 10:34:28.700;0.46500722888463386;-405.5894337171412;-0.4666152642346577;-0.012837585005399887;0.017799234773658412;0.17628933984526896;-0.07280488262542661;-0.05933253778137981;0.07902093985450964;-0.08340121576571491;-0.07271176661419076;0.06285160916429344
2022-08-06 10:34:28.720;0.4468909120511383;-405.0270322474171;-0.4659682426690409;-0.017157161462534987;0.015709045384394216;0.18919647629699554;-0.07299044817525413;-0.05952101626174766;0.07900794914984743;-0.08358691382920469;-0.07289995857610165;0.06284051511470157
2022-08-06 10:34:28.740;0.42860387630204067;-404.46691347195156;-0.4653238472566128;-0.014756883701409151;0.020805157994768564;0.20465301378890732;-0.06646201411617625;-0.052523664945134385;0.08157478879387536;-0.08222123924349134;-0.07145045584206855;0.06329825830015601
2022-08-06 10:34:28.760;0.4105861696493651;-403.9113765038419;-0.46468472303981334;-0.012356129164174945;0.02590842193282228;0.22014814884250988;-0.05993291736890427;-0.045525411036770436;0.08414289349874338;-0.08085513462009075;-0.07000048950004611;0.06375618292763363
2022-08-06 10:34:28.780;0.39331976588568307;-403.35847295550775;-0.46404862847261086;-0.004056684308409331;0.03429338494080625;0.2204739898377408;-0.059385263534316834;-0.04488458104676596;0.08466819280184623;-0.08030710925612183;-0.06939952361341284;0.06405073195817579
2022-08-06 10:34:28.800;0.37729778101889244;-402.806235964752;-0.4634133007546275;0.004242794544893513;0.042678383251622876;0.2207998192030658;-0.05883760503783009;-0.04424373898361722;0.08519353324144596;-0.07975907922707037;-0.0687985499567958;0.06434529779929932
2022-08-06 10:34:28.820;0.36301157796985506;-402.25466637132195;-0.4627787408519609;0.012542307396074648;0.05106341686544269;0.22112563693715703;-0.0582899418792735;-0.043602884846585255;0.08571891482058458;-0.07921104453293637;-0.06819756853013814;0.06463988045194835
2022-08-06 10:34:28.840;0.350921815524732;-401.7034270010263;-0.4621445608584889;0.020293658448679253;0.05883948659382199;0.22111274181583607;-0.0582899418792735;-0.0435716476085517;0.08589876522618045;-0.07921104453293637;-0.06819756853013814;0.06463988045194835
2022-08-06 10:34:28.860;0.34143603564982117;-401.1521808623729;-0.46151037307827797;0.026494739290853886;0.06534276659888505;0.22272655414451137;-0.0582899418792735;-0.043471688549537646;0.08647428636681376;-0.07921104453293637;-0.06819756853013814;0.06463988045194835
2022-08-06 10:34:28.880;0.33491651359801344;-400.59904251599073;-0.46087400838482434;0.02691098743486009;0.06567896939824536;0.22225791191863742;-0.06406895573953619;-0.04954015543571444;0.08492561588737235;-0.08499397888675375;-0.0742116373897943;0.06341289286851115
2022-08-06 10:34:28.900;0.33163985898614756;-400.0421583960633;-0.4602333343209402;0.027327507683537533;0.0660154806062927;0.22178947480348032;-0.06984745041895479;-0.055608010525325824;0.08337741100777052;-0.09077639370752522;-0.08022511980601621;0.062186234587017886
2022-08-06 10:34:28.920;0.331761367650113;-399.4815470462272;-0.45958837222037635;0.027744299987318755;0.06635230016055615;0.22132124272817588;-0.07562542600023647;-0.061675253933991314;0.08182967157237897;-0.09655828907801478;-0.08623801588180413;0.06095990551665942
2022-08-06 10:34:28.940;0.3353593592154387;-398.9190764284649;-0.4589412711025636;0.03320198796899376;0.07210073096811342;0.2228840033596704;-0.07636765243508847;-0.06232929391605779;0.08235257066664303;-0.09730101904056809;-0.0869907167964925;0.06091554811348043
2022-08-06 10:34:28.960;0.3423511079969743;-398.35661520717986;-0.4582941807950417;0.01592383464219438;0.05067053188954773;0.19935231876570114;-0.07710987030386462;-0.06315805083934123;0.0818694209329962;-0.09804374043136121;-0.0877434089380813;0.06087119149513143
2022-08-06 10:34:28.980;0.3526131822988079;-397.7954620245073;-0.45764859533634483;0.003082228107643914;0.033961769624934135;0.17736917541096098;-0.07341986739233874;-0.05927780201223953;0.08288959497242487;-0.09435123421507896;-0.08382431123249034;0.062108548434417266
2022-08-06 10:34:29.000;0.365869791938197;-397.2369082580626;-0.45700600040745276;-0.009759588138251729;0.01726578514788102;0.1554597347044595;-0.06972965277341103;-0.055397303787934504;0.08390995776203347;-0.09065851614786524;-0.07990493626010675;0.06334624894087515
2022-08-06 10:34:29.020;0.3817535637520624;-396.6809657509366;-0.4563664096333923;-0.022601614110328683;0.0005825415637126241;0.1336237846196875;-0.06603922642559468;-0.05151655613709494;0.08493050933726565;-0.08696558620800587;-0.07598528397812743;0.0645842931216567
2022-08-06 10:34:29.040;0.39979884568837254;-396.1244309524991;-0.45572613745063667;-0.045090497630496884;-0.026374129196742757;0.1083728857774382;-0.07198766446779103;-0.05793875554441996;0.08232401518891574;-0.09291805968143407;-0.08227869137010657;0.06272951814507799
2022-08-06 10:34:29.060;0.41951067929928976;-395.5641025287405;-0.45508150084579685;-0.061377491045448096;-0.042903895051754404;0.10729613600521315;-0.07535194410612434;-0.06161444091795687;0.08059958032410908;-0.09886998269865543;-0.08857139677564874;0.060875534629773576
2022-08-06 10:34:29.080;0.4403178620304702;-395.0018867881081;-0.4544346929544576;-0.0719904490023282;-0.05337996819131163;0.10829153976486605;-0.07304666667319992;-0.0592263008930658;0.08102969877263444;-0.09914849743449494;-0.08885365047854066;0.06085890106605696
2022-08-06 10:34:29.100;0.46162120016090524;-394.4396818594032;-0.45378789750183096;-0.08260338587842853;-0.06385600950537551;0.10928707982928909;-0.07074139300467408;-0.05683817004105407;0.0814597796733052;-0.09942701096508344;-0.08913590294798723;0.060842267612694734
2022-08-06 10:34:29.120;0.482819121598;-393.8774877427568;-0.45314111448806765;-0.09321630167397643;-0.07433201899485553;0.11028275620953121;-0.06843612310048997;-0.054450048365843884;0.0818898230043974;-0.09970552329042093;-0.08941815418370425;0.06082563426968335
2022-08-06 10:34:29.140;0.5033913812158215;-393.3119730394319;-0.4524905112652417;-0.08211988154482697;-0.06369418206927335;0.1074274610488235;-0.08006883300682688;-0.06691441713703483;0.07733835568362046;-0.10927756856011328;-0.0995773404316651;0.057619329257546426
2022-08-06 10:34:29.160;0.5227831066916873;-392.7398646291622;-0.4518323222325978;-0.07102340401877427;-0.05305592297904482;0.10457449762505888;-0.09169998382005673;-0.07937651092057507;0.07279065412573793;-0.11884819041875616;-0.10973466409444654;0.05441533089746464
2022-08-06 10:34:29.180;0.5405287362114753;-392.1644654505144;-0.4511703472957152;-0.0507891505589555;-0.03262496796932979;0.10530909961613855;-0.0941995506121529;-0.08202734015278423;0.07197054951448045;-0.11928130056525887;-0.11005189986354935;0.055088503082314944
2022-08-06 10:34:29.200;0.5562548592080478;-391.5890471294624;-0.45050835033622244;-0.030554955998923106;-0.012194043555357581;0.10604376397260928;-0.09669910830952944;-0.08467814001058827;0.07115054866310366;-0.11971440779666054;-0.11036913416336347;0.05576166982639741
2022-08-06 10:34:29.220;0.5696893863577457;-391.01360966682114;-0.449846331355057;-0.010320820338051817;0.008236850266111873;0.10677849069881695;-0.09919865691252738;-0.08732891049688618;0.07033065155975482;-0.12014751211318853;-0.11068636699411627;0.05643483112975467
2022-08-06 10:34:29.240;0.5806198263327985;-390.43071870867425;-0.4491757374099362;-0.034579259982479016;-0.016867899603344227;0.10238738692358318;-0.11930177939924391;-0.10875206806192494;0.06313824785255306;-0.14233225106408653;-0.1342302779432316;0.04901193124980274
2022-08-06 10:34:29.260;0.5890553459733847;-389.83312430556543;-0.4484882277089161;-0.05882973536074587;-0.04196377387566841;0.09800067109136101;-0.13939757830140564;-0.13016590203235268;0.05595631675245549;-0.16450934472572598;-0.15776418824316352;0.04160140346594332
2022-08-06 10:34:29.280;0.5951049337954969;-389.23014532565867;-0.44779452325646396;-0.05574019198320457;-0.03779887458060571;0.1041244679919835;-0.13218012738214924;-0.12227677391094716;0.05967779353799507;-0.15935492799968287;-0.15226502148624377;0.0434927520974977
2022-08-06 10:34:29.300;0.5989302793403644;-388.6309280357018;-0.4471051464856623;-0.05265030915279567;-0.03363250220096248;0.1102547216506169;-0.12496219026635202;-0.1143867275133843;0.0634015905352392;-0.15420009837520965;-0.1467652942617974;0.04538488116282746
2022-08-06 10:34:29.320;0.6008344053661269;-388.0354962675847;-0.44642012481419674;-0.04956008681938329;-0.029464655521994843;0.1163914387742997;-0.11774376688654087;-0.10649576249513615;0.06712770920041944;-0.14904485579358706;-0.14126500644260886;0.047277791015692294
2022-08-06 10:34:29.340;0.6012148985398135;-387.4419629244876;-0.44573728720873174;-0.05034881880305875;-0.026788968037667615;0.13633115602538481;-0.12111492107734279;-0.11009077221486763;0.06590718208732671;-0.14983336269858327;-0.14224620809306998;0.04618442189118266
2022-08-06 10:34:29.360;0.600544349877064;-386.8484288756372;-0.4450544487913243;-0.05113754112136348;-0.024102627700504087;0.1563329862601721;-0.12448605154443015;-0.11368571329378341;0.06468688767903075;-0.15062185994105093;-0.14322739522702932;0.04509107690972591
2022-08-06 10:34:29.380;0.5993919471939009;-386.2566820387656;-0.4443736664935304;-0.045702190475140014;-0.014789163543046158;0.17853035277892904;-0.12163903398063525;-0.11066108982853251;0.06565176557495178;-0.14518806036863552;-0.13746111651477122;0.046906943328585804
2022-08-06 10:34:29.400;0.5983255415416389;-385.66854259417596;-0.44369703436377084;-0.04026638083468015;-0.00546161620022545;0.20080621993263748;-0.11879165480680598;-0.1076360530256224;0.06661691685917326;-0.13975380193312148;-0.13169423763332588;0.048723551993139935
2022-08-06 10:34:29.420;0.5979026974047994;-385.08403228023235;-0.44302457741120904;-0.04516328054978658;-0.008883235731762085;0.2093895073995249;-0.11129398817828218;-0.09975412670464578;0.06867716520517764;-0.13431908456555774;-0.1259267584467807;0.05054090324404559
2022-08-06 10:34:29.440;0.5987161893247832;-384.4996124074896;-0.4423522245078195;-0.061622103798129046;-0.02462811271616161;0.213824978679094;-0.11534763364291933;-0.10419959899044073;0.06650330129727067;-0.14044342825365774;-0.13238169021207113;0.04874800653945677
2022-08-06 10:34:29.460;0.6013226558072888;-383.91173698999773;-0.44167589613122443;-0.07807990709187607;-0.04037164007158722;0.21826286930620586;-0.11940078409613619;-0.10864441978261397;0.06433027693206839;-0.1465671891382918;-0.13883589341827474;0.04695586765728965
2022-08-06 10:34:29.480;0.6062199010255125;-383.3221436853855;-0.44099759139063677;-0.0884126384838737;-0.04960887791620294;0.22477184003634232;-0.11733423781773666;-0.10658299122373904;0.06425879584781047;-0.15345567673290006;-0.1460244266168047;0.0453515536413045
2022-08-06 10:34:29.500;0.6138118475262506;-382.7325597497038;-0.44031929742864834;-0.09874536987575766;-0.05884509196218701;0.23128724965054737;-0.11526769153933714;-0.10452158709116333;0.06418717513875993;-0.16034416432756515;-0.15321289523615178;0.04374753944294252
2022-08-06 10:34:29.520;0.6244398047183437;-382.14297803700174;-0.4396410060241137;-0.0946122773189586;-0.053992087156675694;0.23534619879252716;-0.11733423781773666;-0.10658299122373904;0.06425879584781047;-0.16723265192223025;-0.16040129926926738;0.0421438251213786
2022-08-06 10:34:29.540;0.6383054150297507;-381.55165719864453;-0.43896071382145757;-0.09646867819213867;-0.055510716656588244;0.23732673023923034;-0.125385533762163;-0.11501632635005166;0.06222244611999539;-0.17322090599048678;-0.16672017910661907;0.04034800267221339
2022-08-06 10:34:29.560;0.6555426518048804;-380.95687318345153;-0.4382764373651695;-0.09832469263682242;-0.057028871017141824;0.23930779750193487;-0.1334361873116663;-0.12344888390449427;0.06018675672647955;-0.17920860280690576;-0.17303835688232994;0.03855293472728416
2022-08-06 10:34:29.580;0.6761820118914661;-380.36036095131567;-0.4375901726608198;-0.09462468510446342;-0.05261480825331333;0.24334169362768332;-0.13593520080925003;-0.1259495922503433;0.060227765818733126;-0.17964141496025476;-0.17347694087180798;0.038527268083213606
2022-08-06 10:34:29.600;0.7001416417642513;-379.76384531000076;-0.43690390403433876;-0.09092468701538792;-0.048200308247292156;0.24737808914245552;-0.1384342052193901;-0.12845031588229716;0.06026863507265112;-0.18007422420208385;-0.17391552188200876;0.038501601703067045
2022-08-06 10:34:29.620;0.7272425333086119;-379.1673294036518;-0.4362176351029462;-0.09135760145449012;-0.04991374967883999;0.24001959034183074;-0.13886674899938356;-0.12888961308001257;0.06023853066270046;-0.1805070305323362;-0.1743540999127049;0.038475935586861354
2022-08-06 10:34:29.640;0.7572772535965593;-378.57073699509056;-0.43553127815865916;-0.09157563189882012;-0.0514196094978594;0.2326148570766362;-0.1390845927671407;-0.12912305383692768;0.060153135249691125;-0.1703927565944774;-0.16362162502383626;0.041852596551091636
2022-08-06 10:34:29.660;0.7899482082747428;-377.9740100551644;-0.434844766441138;-0.09179366160458358;-0.052924021931094245;0.22521854431662724;-0.13930243579695656;-0.12935649358976065;0.0600677412412125;-0.16027849747456102;-0.15288877390088373;0.04523129127937153
2022-08-06 10:34:29.680;0.8248929681365519;-377.3765341326289;-0.43415739304752493;-0.09414706235730819;-0.05669751452709093;0.21709580408800289;-0.14165382157991502;-0.13186065152009263;0.05923570830659042;-0.16263147844193426;-0.15537239335020558;0.04452153547317472
2022-08-06 10:34:29.700;0.8617614610140482;-376.777703425505;-0.4334684610256141;-0.09650037705563363;-0.060469109921232445;0.2089834807973565;-0.1440051213821434;-0.13436469705290932;0.05840381361297187;-0.16498437337019922;-0.15785590420404105;0.04381189723618295
2022-08-06 10:34:29.720;0.9001953791118601;-376.177517470358;-0.43277796984224126;-0.0885216154103432;-0.057348700320378754;0.1808758032867166;-0.1463563352090418;-0.13686863019889728;0.057572057133926435;-0.1673371822648697;-0.16033930647273564;0.0431023765460079
2022-08-06 10:34:29.740;0.939825346399977;-375.5766499655947;-0.43208669456187815;-0.07818962511572636;-0.05170548656073848;0.15370011203046552;-0.1463563352090418;-0.13686863019889728;0.057572057133926435;-0.1673371822648697;-0.16033930647273564;0.0431023765460079
2022-08-06 10:34:29.760;0.9803048162412384;-374.9757766173352;-0.4313954125587942;-0.06785763482105267;-0.046043042876565465;0.12663842794107882;-0.1463563352090418;-0.13686863019889728;0.057572057133926435;-0.1673371822648697;-0.16033930647273564;0.0431023765460079
2022-08-06 10:34:29.780;1.0213301695770314;-374.37572752375127;-0.43070507882946013;-0.05522768296771119;-0.037891496450274786;0.1006343620077148;-0.14406066874303036;-0.13439482464817587;0.058551333145944184;-0.16503995841452124;-0.15788975923896942;0.04393770751749848
2022-08-06 10:34:29.800;1.0626254624558342;-373.77733925543;-0.43001665581661513;-0.0529296393700065;-0.03777371331884538;0.08805114045791562;-0.13763205862684202;-0.1275245440779358;0.06096427810145322;-0.1627426525515112;-0.15544010110954787;0.04477319114410605
2022-08-06 10:34:29.820;1.1039840865203399;-373.1806206023539;-0.42933015363280075;-0.05063151372797847;-0.037651709570443614;0.07549223081394452;-0.13120330096952415;-0.12065393708180494;0.06337815458248475;-0.16044526467049636;-0.1529903320731023;0.0456088274565607
2022-08-06 10:34:29.840;1.1452330676760414;-372.5847397102698;-0.42864461526124126;-0.05095624093615925;-0.04032413207378127;0.06199824948414978;-0.12739482327295804;-0.11658687034135795;0.06478987631742683;-0.1607698876325081;-0.15331929040030445;0.04558954933176462
2022-08-06 10:34:29.860;1.1862408231842938;-371.98886239493004;-0.42795908100459046;-0.051280966506169534;-0.04299161843553989;0.04853297452813354;-0.12358635320608613;-0.11251975490650779;0.06620188936359117;-0.16109450895669042;-0.1536482470514784;0.04557027135567271
2022-08-06 10:34:29.880;1.2269417524079413;-371.3927597338843;-0.42727328749624965;-0.051955240632707955;-0.04604489739958595;0.03486639009782255;-0.1201271167863851;-0.10884503215853414;0.06737243784921887;-0.16176856662286454;-0.15436354509301964;0.04534502253512418
2022-08-06 10:34:29.900;1.2672734428508003;-370.7962257149411;-0.42658699772700415;-0.05676237367151771;-0.05186993017665387;0.029106369190461834;-0.12286719151412484;-0.11175282510046003;0.06646234327242873;-0.16244261722817654;-0.15507883390006327;0.04511978513385628
2022-08-06 10:34:29.920;1.3071781660016488;-370.199254989966;-0.4259002055440281;-0.06156948040688803;-0.05769398615959531;0.02335168803699883;-0.1256072495650855;-0.11466057711529487;0.06555237241640821;-0.1631166607728538;-0.1557941134726093;0.04489455915120111
2022-08-06 10:34:29.940;1.3466291131259558;-369.6015230178673;-0.4252125375751015;-0.06783626453852776;-0.06505139828712814;0.017201382939599164;-0.1298056720757117;-0.11910519314530887;0.06421997714896044;-0.16524999481475433;-0.15803577282957804;0.04430918317033328
2022-08-06 10:34:29.960;1.3855914986625337;-369.00270610457665;-0.42452362142247274;-0.0741029170277443;-0.07240756745628474;0.011057274750852386;-0.13400399345564296;-0.12354965037464893;0.06288787680477714;-0.16738325812894672;-0.1602773454490034;0.04372389000262533
2022-08-06 10:34:29.980;1.4240165601832953;-368.4033503659666;-0.4238340853717454;-0.07851400032939182;-0.07779095978995443;0.005551223942889649;-0.13634843084829384;-0.12601778527359642;0.06222317253642906;-0.16766147648024443;-0.16055927716854512;0.043707378511863126
2022-08-06 10:34:30.000;1.4618508165962534;-367.8039947341822;-0.4231445494439168;-0.07620929476820493;-0.07121056609472376;0.03009364233915157;-0.13404347710936548;-0.12353687728025164;0.06318961603705464;-0.1679396936283375;-0.1608412076568584;0.04369086713020476
2022-08-06 10:34:30.020;1.4989769953807213;-367.2046330321682;-0.4224550065325193;-0.07390459296715335;-0.06461361063552218;0.05473213241271768;-0.1317385271317093;-0.12105594603863068;0.06415620161737934;-0.16821790957345328;-0.16112313691411373;0.0436743558576671
2022-08-06 10:34:30.040;1.5352787004416206;-366.6058784306588;-0.421766162067232;-0.06944285991068;-0.05570959567436162;0.08019215040007044;-0.12727846950516408;-0.11628102968906973;0.06587870927507655;-0.1663396856175119;-0.15913003077815802;0.04430183665266796
2022-08-06 10:34:30.060;1.5706126803290317;-366.00834538475465;-0.42107872295534937;-0.06498103850498183;-0.04678762119758417;0.10575545131718744;-0.12281832357822253;-0.1115059319135625;0.06760170421869738;-0.1644614068366046;-0.1571368529411643;0.04492940609935214
2022-08-06 10:34:30.080;1.6048089984783198;-365.4114264560849;-0.4203919903620586;-0.07145859869859805;-0.05134683537173501;0.11691552728845256;-0.12516280239062638;-0.11392440959823347;0.06722325698927545;-0.1647396378227164;-0.15741879896444289;0.04491288652421943
2022-08-06 10:34:30.100;1.6377302388437123;-364.81451292875136;-0.41970526398280034;-0.07793614577565222;-0.0559027869015587;0.12809504009871198;-0.12750727602954015;-0.11634288446682461;0.06684479023071965;-0.16501786760550985;-0.15770074375643617;0.0448963670582847
2022-08-06 10:34:30.120;1.669219362938882;-364.2176047994217;-0.4190185438137409;-0.08441367973614433;-0.06045547113373928;0.1392940190888341;-0.12985174449496384;-0.11876135651751696;0.06646630395452124;-0.16529609618509866;-0.15798268731697362;0.04487984770156128
2022-08-06 10:34:30.140;1.699172131187979;-363.6202099623697;-0.41833126370590196;-0.09209263300982684;-0.06630514722306557;0.1499677402415962;-0.13339663729416174;-0.12248186143360584;0.06552707770840982;-0.1667755159755835;-0.15955260718538966;0.044385542440398496
2022-08-06 10:34:30.160;1.7274981974855717;-363.02185847258806;-0.4176428830053722;-0.09977148891948673;-0.07215184149928078;0.16065884478878978;-0.13694147498724618;-0.12620228924387078;0.06458795577814325;-0.168254901752956;-0.16112248257087458;0.04389129217888943
2022-08-06 10:34:30.180;1.7541286949885229;-362.42335000506864;-0.4169543217079075;-0.10739693415371221;-0.0783418671057099;0.1690673324153087;-0.1363018611595166;-0.1255475643035524;0.06466197465605195;-0.16761487686232712;-0.16042705003292212;0.044198535612105516
2022-08-06 10:34:30.200;1.7790840257908203;-361.82549089738313;-0.4162665074743091;-0.11502240956087917;-0.08453010237278491;0.17748687741576052;-0.13566224097061053;-0.12489283525425066;0.06473598011836845;-0.16697484560654274;-0.15973160761109284;0.0445057979813237
2022-08-06 10:34:30.220;1.8024328267797975;-361.2282818225285;-0.4155794410788345;-0.12264791514144235;-0.09071654531394202;0.1859174926387812;-0.13502261442058483;-0.12423810209636343;0.0648099721630695;-0.16633480798543232;-0.15903615530487514;0.04481307928775635
2022-08-06 10:34:30.240;1.8243045217375222;-360.63140256517363;-0.4148927541258872;-0.1315163894362854;-0.09821696303729155;0.19396491996290255;-0.13562504198633718;-0.12489970585479426;0.06448143322282185;-0.16177162043970483;-0.15416493898266026;0.04650367508629483
2022-08-06 10:34:30.260;1.8448992054495423;-360.03453257215006;-0.41420607783120184;-0.14038482366856897;-0.10571572376287364;0.20202227165118902;-0.13622746390799279;-0.12556130293457812;0.06415289897329668;-0.15720844875522388;-0.14929364190106753;0.04819477867532829
2022-08-06 10:34:30.280;1.8645010339094457;-359.4361941950119;-0.41351771221627126;-0.12419179939678315;-0.08818814055931412;0.2093776374396219;-0.13811210010137387;-0.12746127411789843;0.06410290050824141;-0.16167907154578742;-0.15403788859845235;0.0467002918506747
2022-08-06 10:34:30.300;1.8833748499915395;-358.8349168097702;-0.41282596538395966;-0.10799910254837641;-0.07065933293180038;0.2167412230210335;-0.1399965056779351;-0.12936101511993314;0.06405289420094018;-0.1661493837589738;-0.15878172907702037;0.04520630743500309
2022-08-06 10:34:30.320;1.901859697541762;-358.2307143616854;-0.41213085337776045;-0.09180673309532494;-0.05312929931435306;0.22411303626556034;-0.14188068066780346;-0.1312605259684787;0.06400288006541022;-0.17061938543303867;-0.16352516341243017;0.04371282523870246
2022-08-06 10:34:30.340;1.9203189110910845;-357.62420611098787;-0.4114330886330874;-0.07433921320387071;-0.03419916438972237;0.23217738784704167;-0.14249033018906943;-0.13176046499150829;0.06464709604869423;-0.1738139627682891;-0.16688629206333871;0.042811284520439585
2022-08-06 10:34:30.360;1.9390871194299937;-357.01601846500853;-0.4107333918078224;-0.07960079906780493;-0.037822076284019346;0.24171007692628432;-0.14568269734800054;-0.135197531721154;0.06330276553520076;-0.1770083815037502;-0.1702472246190041;0.04190993821151867
2022-08-06 10:34:30.380;1.9585860379409934;-356.40699101732025;-0.41003272882253516;-0.08166705438441113;-0.038054325762946206;0.2523027945394407;-0.14568269734800054;-0.13524726355822025;0.06301635770889646;-0.1770083815037502;-0.1702472246190041;0.04190993821151867
2022-08-06 10:34:30.400;1.9791546630507333;-355.7979710715226;-0.4093320744678886;-0.08373330970107418;-0.038283660154579735;0.26291265786548745;-0.14568269734800054;-0.1352969954340537;0.06272994982187896;-0.1770083815037502;-0.1702472246190041;0.04190993821151867
2022-08-06 10:34:30.420;2.001080681307636;-355.18895136447827;-0.40863142038791866;-0.08579956501773722;-0.03851007550898444;0.27353969107109766;-0.14568269734800054;-0.1353467273488249;0.062443541874118935;-0.1770083815037502;-0.1702472246190041;0.04190993821151867
2022-08-06 10:34:30.440;2.0246297795466965;-354.57879378191865;-0.4079294572253147;-0.09188168208532943;-0.04300982083785598;0.2827669424927457;-0.1496949778567327;-0.13967012183595529;0.060733351612721975;-0.18102324050687102;-0.17448536971113526;0.04069659712385665
2022-08-06 10:34:30.460;2.0500075467025485;-353.9663666531196;-0.4072248830358196;-0.097963491287544;-0.051633350899042085;0.26826551890754846;-0.14957461198448385;-0.13944814767196334;0.06131607792537874;-0.18503784900525133;-0.17872319841359285;0.03948359953402836
2022-08-06 10:34:30.480;2.0773635752017356;-353.3528110149855;-0.4065190105391256;-0.10043149403412599;-0.05638447369156907;0.25517905234459803;-0.14584367955071542;-0.13536045128582685;0.06329488051863308;-0.18543955913571253;-0.17913026051434144;0.03945980737594468
2022-08-06 10:34:30.500;2.1067640593778334;-352.73926146003214;-0.40581314504090044;-0.10289948853869646;-0.06113106676244584;0.24211871730243395;-0.14211275607660667;-0.131272653082668;0.06527427801630736;-0.18584126675790102;-0.17953732004832545;0.03943601544461384
2022-08-06 10:34:30.520;2.1382119324050866;-352.1257179835011;-0.40510728653566963;-0.10536747480142594;-0.06587313780986292;0.22908446813183847;-0.13838184156204392;-0.12718475303179133;0.0672542705773429;-0.1862429718719305;-0.17994437701599963;0.039412223739995866
2022-08-06 10:34:30.540;2.171646329095627;-351.5117986102341;-0.4044009955754975;-0.10862990539368411;-0.07148325532162758;0.2156427647300907;-0.13544476510050885;-0.1239700135546613;0.06879356136874915;-0.18743895700970015;-0.18121344909695836;0.03901300223757076
2022-08-06 10:34:30.560;2.2069291023705744;-350.8971230919924;-0.4036938346992037;-0.11395846903195661;-0.07944245214955359;0.2006144754346071;-0.14283856230874648;-0.13198199048999726;0.06538388075887003;-0.18863491991720238;-0.18248249211126222;0.038613816649458954
2022-08-06 10:34:30.580;2.2438790414443;-350.28207389436284;-0.40298624391894344;-0.11809081373183972;-0.08611547741415748;0.18607980064269292;-0.14903707935868482;-0.13871274246454135;0.06244472207221641;-0.18863491991720238;-0.18248249211126222;0.038613816649458954
2022-08-06 10:34:30.600;2.282260262251796;-349.6670317554017;-0.40227866125941353;-0.12222315843172282;-0.09278283386189301;0.17157774411892834;-0.15523559640850948;-0.14544324584854706;0.059506886321451624;-0.18863491991720238;-0.18248249211126222;0.038613816649458954
2022-08-06 10:34:30.620;2.321788508331152;-349.0519966692009;-0.40157108671381697;-0.12635550313160593;-0.09944453237577378;0.15710824182642646;-0.16143411345833414;-0.15217350074524205;0.05657037297288525;-0.18863491991720238;-0.18248249211126222;0.038613816649458954
2022-08-06 10:34:30.640;2.362182896204314;-348.43696129814634;-0.40086351184050695;-0.13048784783148903;-0.10610058382187404;0.14267122983856417;-0.16763263050821564;-0.15890350725779712;0.05363518149312352;-0.18863491991720238;-0.18248249211126222;0.038613816649458954
2022-08-06 10:34:30.660;2.4031353447243538;-347.82193478370755;-0.4001559471563976;-0.12273970151920821;-0.10232640115154723;0.11965770100731454;-0.15988448419587797;-0.15055307078542768;0.056946667158976894;-0.18863491991720238;-0.18248249211126222;0.038613816649458954
2022-08-06 10:34:30.680;2.444280268758796;-347.20690426779765;-0.39944837786874743;-0.11499155520687054;-0.09853830375030626;0.09672649492074736;-0.15213633788359715;-0.14220231199904987;0.06025985353863472;-0.18863491991720238;-0.18238148018434686;0.03919420761634829
2022-08-06 10:34:30.700;2.485298058088949;-346.5918697357338;-0.39874080396066436;-0.10724340889458972;-0.09473633307388596;0.07387735542708818;-0.14438819157125948;-0.13385123074399274;0.06357474142011021;-0.18863491991720238;-0.18228046818722987;0.03977459965734287
2022-08-06 10:34:30.720;2.525866696634573;-345.97683117289125;-0.3980332254153233;-0.0994952625823089;-0.09092053047712412;0.05111002706811174;-0.13664004525897866;-0.12549982686592642;0.06689133159160843;-0.18863491991720238;-0.18217945611991126;0.04035499277244181
2022-08-06 10:34:30.740;2.5656873778515203;-345.3617854770346;-0.39732563866372;-0.09123057318254268;-0.08125548609135436;0.05900313091720655;-0.14077238995886177;-0.1299705335728376;0.06502676211927572;-0.18863491991720238;-0.18217945611991126;0.04035499277244181
2022-08-06 10:34:30.760;2.6044679436085967;-344.7467295523602;-0.39661804014424973;-0.08296588378266279;-0.07158866197622515;0.06690614354895796;-0.14490473465874487;-0.13444113911699418;0.06316272890509289;-0.18863491991720238;-0.18217945611991126;0.04035499277244181
2022-08-06 10:34:30.780;2.641950434528112;-344.13166339716554;-0.39591042985495384;-0.07470119438289657;-0.06192005616529528;0.07481907589870573;-0.14903707935868482;-0.1389116435254536;0.06129923181021546;-0.18863491991720238;-0.18217945611991126;0.04035499277244181
2022-08-06 10:34:30.800;2.6779129514198834;-343.5165870097335;-0.3952028077938568;-0.06643650498307352;-0.05224966669064557;0.08274193891240955;-0.15316942405856793;-0.14338204682515965;0.059436270695792714;-0.18863491991720238;-0.18217945611991126;0.04035499277244181
2022-08-06 10:34:30.820;2.712157335800611;-342.9015003883469;-0.3944951739589831;-0.058171815583250464;-0.04257749158162838;0.09067474354676897;-0.15730176875845103;-0.14785234904322664;0.05757384542297128;-0.18863491991720238;-0.18217945611991126;0.04035499277244181
2022-08-06 10:34:30.840;2.7445100857830163;-342.28640879452723;-0.3937875344035137;-0.06023798793324886;-0.042851509911233876;0.10102172753937921;-0.15110325170856953;-0.14117171697639463;0.060224517381996634;-0.18863491991720238;-0.18217945611991126;0.04035499277244181
2022-08-06 10:34:30.860;2.774850592930462;-341.6713174891556;-0.3930798951798929;-0.06230416028319041;-0.04312267027839667;0.11138550869307995;-0.14490473465874487;-0.13449087853020814;0.0628762782972414;-0.18863491991720238;-0.18217945611991126;0.04035499277244181
2022-08-06 10:34:30.880;2.8031143624090094;-341.0562191367426;-0.39237224784891805;-0.06437033263318881;-0.04339096879775539;0.12176611074249788;-0.13870621760886337;-0.1278098336250295;0.0655291285723596;-0.18863491991720238;-0.18217945611991126;0.04035499277244181
2022-08-06 10:34:30.900;2.829252304887111;-340.44112839917216;-0.391664609278531;-0.06643650498307352;-0.043656401579060145;0.13216355745163977;-0.1325077005590387;-0.12112858218218747;0.06818306861097234;-0.18863491991720238;-0.18217945611991126;0.04035499277244181
2022-08-06 10:34:30.920;2.8532301355784693;-339.82603794095485;-0.39095697102952903;-0.06850267733301507;-0.04391896472779777;0.14257787261366506;-0.12630918350921405;-0.11444712412227176;0.07083809881696279;-0.18863491991720238;-0.18217945611991126;0.04035499277244181
2022-08-06 10:34:30.940;2.8750924152542385;-339.21094321885175;-0.39024932787508815;-0.06333724645816119;-0.03559730923794646;0.16062942642840383;-0.13664004525897866;-0.12540651286055748;0.06742871851540677;-0.18863491991720238;-0.18217945611991126;0.04035499277244181
2022-08-06 10:34:30.960;2.8948860402715013;-338.5958396865244;-0.38954167458481836;-0.058171815583250464;-0.02726682372625433;0.17873177343164492;-0.14697090700868642;-0.13636557742122335;0.06402098485175145;-0.18863491991720238;-0.18217945611991126;0.04035499277244181
2022-08-06 10:34:30.980;2.912702568977031;-337.98072733473236;-0.38883401114808885;-0.05300638470839658;-0.018927486951586303;0.19688503856992234;-0.15730176875845103;-0.14732431793267864;0.0606148972294811;-0.18863491991720238;-0.18217945611991126;0.04035499277244181
2022-08-06 10:34:31.000;2.928665872289363;-337.36560615423514;-0.38812633755426884;-0.0478409538335427;-0.01057927762977684;0.2150893470596662;-0.16763263050821564;-0.15828273452265051;0.05721045505236777;-0.18863491991720238;-0.18217945611991126;0.04035499277244181
2022-08-06 10:34:31.020;2.9429150736485985;-336.7504826012082;-0.3874186612309433;-0.051973298533425805;-0.01444304398242835;0.21671684299547334;-0.16143411345833414;-0.15172635445897953;0.05914562104272658;-0.18863491991720238;-0.18217945611991126;0.04035499277244181
2022-08-06 10:34:31.040;2.955647643491173;-336.13536313645454;-0.3867109896110212;-0.05610564323330891;-0.018306749848282067;0.21834473857052217;-0.15523559640850948;-0.145169873680139;0.061081291611336574;-0.18863491991720238;-0.18217945611991126;0.04035499277244181
2022-08-06 10:34:31.060;2.9670711549919444;-335.52024775991595;-0.38600332269443544;-0.06023798793324886;-0.022170395216935646;0.21997303386777833;-0.14903707935868482;-0.13861329216731377;0.06301746683866138;-0.18863491991720238;-0.18217945611991126;0.04035499277244181
2022-08-06 10:34:31.080;2.9774173341675203;-334.9051364715633;-0.38529566048115266;-0.06437033263318881;-0.02603398007713409;0.22160172897008668;-0.14283856230874648;-0.13205660990208656;0.0649541468053032;-0.18863491991720238;-0.18217945611991126;0.04035499277244181
2022-08-06 10:34:31.100;2.9869218039421055;-334.29002927136753;-0.3845880029711393;-0.06850267733301507;-0.02989750441830452;0.22323082396037996;-0.13664004525897866;-0.12549982686592642;0.06689133159160843;-0.18863491991720238;-0.18217945611991126;0.04035499277244181
2022-08-06 10:34:31.120;2.995831729860875;-333.67492264525936;-0.383880346121592;-0.06643650498307352;-0.027119061383505283;0.22728684113634579;-0.1345738729090371;-0.12328932284113847;0.0676804947664289;-0.18863491991720238;-0.18217945611991126;0.04035499277244181
2022-08-06 10:34:31.140;3.0044099475250023;-333.05980574625573;-0.383172677453468;-0.06437033263318881;-0.02434017376427633;0.23134539066666715;-0.1325077005590387;-0.1210788005563117;0.06846975306626568;-0.18863491991720238;-0.18217945611991126;0.04035499277244181
2022-08-06 10:34:31.160;3.012898840467108;-332.44469323928206;-0.3824650138382079;-0.06230416028319041;-0.021560841321136337;0.2354064739368127;-0.13044152820909716;-0.11886826000951345;0.06925910650117917;-0.18863491991720238;-0.18217945611991126;0.04035499277244181
2022-08-06 10:34:31.180;3.021503255178271;-331.8295777911917;-0.38175734683930457;-0.06023798793324886;-0.01878106381454714;0.2394700923328159;-0.1283753558591556;-0.11665770119886787;0.07004855508135233;-0.18863491991720238;-0.18217945611991126;0.04035499277244181
2022-08-06 10:34:31.200;3.030434714354717;-331.21445940153353;-0.38104967645623905;-0.058171815583250464;-0.016000841004629507;0.2435362472415381;-0.12630918350921405;-0.11444712412227176;0.07083809881696279;-0.18863491991720238;-0.18217945611991126;0.04035499277244181
2022-08-06 10:34:31.220;3.0398455327422003;-330.59934486890415;-0.3803420105105389;-0.06591996189558813;-0.02607135500145219;0.23033205494492393;-0.13405732982155172;-0.12270558379039898;0.06805695989212879;-0.18863491991720238;-0.18217945611991126;0.04035499277244181
2022-08-06 10:34:31.240;3.049879436362244;-329.9842409897028;-0.3796343568212037;-0.0736681082079258;-0.03613715401107598;0.2171546263660682;-0.14180547613388939;-0.13096381972788862;0.06527697587721715;-0.18863491991720238;-0.18217945611991126;0.04035499277244181
2022-08-06 10:34:31.260;3.0606186813608725;-329.3691477591419;-0.3789267153827256;-0.08141625452026346;-0.0461982463095616;0.20400391392530093;-0.1495536224461702;-0.13922183201824367;0.06249814636311779;-0.18863491991720238;-0.18217945611991126;0.04035499277244181
2022-08-06 10:34:31.280;3.072095666888722;-328.7540651724339;-0.37821908618959665;-0.08916440083254429;-0.056254640160862124;0.1908798701174561;-0.15730176875845103;-0.14747962074513765;0.05972047094067978;-0.18863491991720238;-0.18208248446899233;0.04091217117346346
2022-08-06 10:34:31.300;3.084308021061755;-328.138985829959;-0.37751146072883485;-0.07883353908283652;-0.05233000860372172;0.15382438670164067;-0.15730176875845103;-0.14745477226963288;0.05986357918680163;-0.18863491991720238;-0.18198551275349928;0.0414693505643875
2022-08-06 10:34:31.320;3.097166676496333;-327.52390231553727;-0.37680383046840643;-0.06850267733301507;-0.04836949024101855;0.11698067445741689;-0.15730176875845103;-0.14742992380396203;0.060006687417701876;-0.18863491991720238;-0.18188854097320473;0.04202653094521569
2022-08-06 10:34:31.340;3.110549748465223;-326.9088145913047;-0.37609619536475025;-0.058171815583250464;-0.04437325636920164;0.08034767969246026;-0.15730176875845103;-0.1474050753478977;0.06014979563341427;-0.18863491991720238;-0.18188854097320473;0.04202653094521569
2022-08-06 10:34:31.360;3.1242843965136435;-326.29372261958633;-0.37538855537452276;-0.0478409538335427;-0.04034147761311502;0.04392435328130695;-0.15730176875845103;-0.14738022690149677;0.060292903833929046;-0.18863491991720238;-0.18188854097320473;0.04202653094521569
2022-08-06 10:34:31.380;3.1381759899406525;-325.67861903037556;-0.3746809020188107;-0.03751009208377809;-0.036274323928385144;0.007709650646797073;-0.15730176875845103;-0.1473553784648729;0.060436012019238206;-0.18863491991720238;-0.18188854097320473;0.04202653094521569
2022-08-06 10:34:31.400;3.1519834811614533;-325.0635183565828;-0.37397325201717657;-0.033377747383894985;-0.031992755065605394;0.00848800773100944;-0.15316942405856793;-0.1429843577027654;0.06172662727661038;-0.18863491991720238;-0.18188854097320473;0.04202653094521569
2022-08-06 10:34:31.420;3.1654212808300146;-324.4484131522695;-0.37326559680335036;-0.02924540268401188;-0.027711165489197498;0.009266462903340766;-0.14903707935868482;-0.13861329216731377;0.06301746683866138;-0.18863491991720238;-0.18188854097320473;0.04202653094521569
2022-08-06 10:34:31.440;3.178221301891479;-323.8333034174357;-0.37255793637733203;-0.02511305798407193;-0.023429555196660345;0.010045016174847099;-0.14490473465874487;-0.13424218185300418;0.06430853072930987;-0.18863491991720238;-0.18188854097320473;0.04202653094521569
2022-08-06 10:34:31.460;3.1901025221206365;-323.2181891521104;-0.37185027073915516;-0.020980713284188823;-0.019147924185265452;0.010823667556566718;-0.14077238995886177;-0.12987102675432283;0.06559981897232792;-0.18863491991720238;-0.18188854097320473;0.04202653094521569
2022-08-06 10:34:31.480;3.2007919339403745;-322.60307035629376;-0.37114259988881965;-0.016848368584305717;-0.014866272452852769;0.011602417059507708;-0.13664004525897866;-0.12549982686592642;0.06689133159160843;-0.18863491991720238;-0.18188854097320473;0.04202653094521569
2022-08-06 10:34:31.500;3.210033010866389;-321.9879478483708;-0.3704349247678467;-0.016848368584305717;-0.012131471629661661;0.027325369851225467;-0.1345738729090371;-0.12326443556801081;0.06782381746798194;-0.18863491991720238;-0.18188854097320473;0.04202653094521569
2022-08-06 10:34:31.520;3.2176011510857045;-321.37282244316157;-0.3697272463136556;-0.016848368584305717;-0.009389907198826819;0.04308770159173214;-0.1325077005590387;-0.12102901896920315;0.06875643746099502;-0.18863491991720238;-0.18188854097320473;0.04202653094521569
2022-08-06 10:34:31.540;3.2233063588918096;-320.757694133521;-0.3690195645180265;-0.016848368584305717;-0.0066415648465500965;0.058889498258948514;-0.13044152820909716;-0.11879357706632021;0.06968919158802489;-0.18863491991720238;-0.18188854097320473;0.04202653094521569
2022-08-06 10:34:31.560;3.227002271820684;-320.142562912275;-0.3683118793727057;-0.016848368584305717;-0.003886430234533833;0.07473084599457991;-0.1283753558591556;-0.1165581098558377;0.0706220798664301;-0.18863491991720238;-0.18188854097320473;0.04202653094521569
2022-08-06 10:34:31.580;3.228585270689134;-319.5275704057931;-0.3676043538134612;-0.017989090847095213;-0.002258867280065857;0.09067060992171694;-0.1274486854000756;-0.11545548928940974;0.0716164771192691;-0.1897750319940279;-0.18302301390968978;0.04207869270637232
2022-08-06 10:34:31.600;3.2280172241621017;-318.9128582134217;-0.36689715074497176;-0.01654709779722907;-0.0004567053490838191;0.09271340238206704;-0.1311708621962211;-0.1193204419532421;0.07087001902447643;-0.19091512386711074;-0.1841574671381636;0.042130851685280746
2022-08-06 10:34:31.620;3.22529776963909;-318.29842636625835;-0.366190270203014;-0.015105104872361608;0.0013455728794973254;0.09475685224290586;-0.1348929984612468;-0.12318533843315294;0.0701236321533214;-0.19205519553718986;-0.1852919006592515;0.04218300788201823
2022-08-06 10:34:31.640;3.220517786196714;-317.6841256747357;-0.36548354055064763;-0.012429675271221186;0.0043764513424910945;0.09674834116816733;-0.1373830428961682;-0.12582330676919895;0.06932241916159576;-0.19196250295408035;-0.18519797252275794;0.04218850061541968
2022-08-06 10:34:31.660;3.2137882422347297;-317.0698288562926;-0.3647768153541125;-0.009754243882923674;0.007407445710011729;0.09874045733551196;-0.13987308885131;-0.12846125953975474;0.06852129208451796;-0.1918698102375025;-0.1851040442496128;0.04219399336089236
2022-08-06 10:34:31.680;3.205244377968078;-316.455411515366;-0.36406995150103005;-0.010125273624623787;0.008257493612884304;0.10576894990329144;-0.14437598844866528;-0.1333291592427699;0.06651084539815955;-0.19224062828731903;-0.18549753636881405;0.04207013821996597
2022-08-06 10:34:31.700;3.1951021405858073;-315.84075662388204;-0.36336281435503887;-0.0104963012281587;0.00910886352439988;0.11280514813656772;-0.14887887532565713;-0.13819692752289114;0.06450102754246867;-0.19261144420016407;-0.1858910256934223;0.04194628653387422
2022-08-06 10:34:31.720;3.1835987082600328;-315.22586427084025;-0.3626554040185296;-0.010867326693244195;0.009961556653447445;0.11984905933756007;-0.1533817494823424;-0.1430645644149635;0.06249183833840544;-0.1929822579758671;-0.1862845122230965;0.04182243830253274
2022-08-06 10:34:31.740;3.1709984744866286;-314.6110264245435;-0.36194805638996363;-0.010180945906029137;0.011938758219312007;0.12725814052613593;-0.15682847374389297;-0.14680809163612452;0.060852531929868725;-0.19229626880479245;-0.18556322730051988;0.04201335416257734
2022-08-06 10:34:31.760;3.1575785497528517;-313.99653510853386;-0.3612411074313532;-0.009494557800451275;0.013917458495338764;0.13467587170946782;-0.16027521027702818;-0.15055155417601185;0.05921363525400736;-0.19161027231961825;-0.1848419333714446;0.042204278789228056
2022-08-06 10:34:31.780;3.143622421970851;-313.38221679337585;-0.3605343575036626;-0.011437048249717918;0.014199961040983311;0.14750895959571064;-0.1601516986566125;-0.15040126756522199;0.05936533109435693;-0.1914866813244167;-0.1847166949540906;0.04221160249854261
2022-08-06 10:34:31.800;3.1294147833561583;-312.7678978476397;-0.3598276068505158;-0.013379540225287201;0.01448683511781823;0.16036769551960717;-0.16002818679893238;-0.1502509806264456;0.05951702736894493;-0.1913630900917802;-0.18459145629378781;0.04221892622932444
2022-08-06 10:34:31.820;3.1152259729472913;-312.15357826671243;-0.3591208554666057;-0.01532203372727281;0.014778088060918293;0.17325212413099678;-0.15990467470410152;-0.15010069335962584;0.05966872407779267;-0.1912394986217656;-0.18446621739064994;0.04222624998157709
2022-08-06 10:34:31.840;3.1013058071158106;-311.5395139072716;-0.35841439770533823;-0.01658584339082836;0.015806740323025537;0.18646124096848204;-0.15910328052310518;-0.1492170731641167;0.06012600537918722;-0.1904375894243877;-0.18361527246861442;0.04249410234893958
2022-08-06 10:34:31.860;3.0878650221108015;-310.925960840621;-0.35770852816703846;-0.017849654499343615;0.01684003459572736;0.19969752595110002;-0.15830187635398119;-0.14833343658263942;0.06058332120667753;-0.18963567023240202;-0.18276431447634423;0.04276197087458744
2022-08-06 10:34:31.880;3.0751128271770427;-310.31265285413974;-0.3570029405841806;-0.015143285949875462;0.022900889810355096;0.21893641478474368;-0.1530129457162488;-0.14265100408325537;0.06274210365816657;-0.1895120754438686;-0.18263907191686712;0.042769296242473054
2022-08-06 10:34:31.900;3.0631864115641942;-309.6993454510739;-0.35629735367252;-0.012436914957788758;0.028971606186384946;0.23823238382559797;-0.1477240104312827;-0.13696842940250775;0.06490160843902615;-0.1893884804178434;-0.18251382911432756;0.04277662163183482
2022-08-06 10:34:31.920;3.052165447011859;-309.08603130994743;-0.3555917590089762;-0.009730541523310876;0.035052208579056554;0.25758558098658124;-0.14243507049919657;-0.1312857124976503;0.06706183576735203;-0.18926488515444007;-0.18238858606895292;0.042783947042667414
2022-08-06 10:34:31.940;3.0421103347111496;-308.4729770875492;-0.3548864633720736;-0.006312973166927804;0.04191141327802583;0.2773125196631403;-0.13643574498566835;-0.1248346069051749;0.06954157478956624;-0.18843050294668373;-0.18150317704828467;0.04306267382092255
2022-08-06 10:34:31.960;3.03300442830263;-307.8604589559909;-0.35418178448735455;-0.015809002616663292;0.031161432208445916;0.27029149335078984;-0.1356018282943623;-0.12391600110625944;0.07001232356339937;-0.18759610991866893;-0.18061775387712942;0.04334141809417513
2022-08-06 10:34:31.980;3.0248274172843814;-307.24865958745795;-0.35347793251224197;-0.02467124024730083;0.021086467187128477;0.2634944603471343;-0.1341347383754723;-0.1223240025635377;0.07070180407583138;-0.18612818199192915;-0.17906447713323814;0.043806364476004944
2022-08-06 10:34:32.000;3.017489048547308;-306.63775276505476;-0.35277510737760787;-0.033533549122637396;0.011012701342647091;0.25670441255922327;-0.1326676149848467;-0.12073195455015906;0.07139136999754392;-0.18466022057429754;-0.17751115742021284;0.04427136045347346
2022-08-06 10:34:32.020;3.0108660081125462;-306.0277397336249;-0.3520733105155976;-0.04239592924483304;0.0009401335344385586;0.24992134378504094;-0.13120045812123493;-0.11913985706259922;0.07208102134000782;-0.18319222566458038;-0.17595779473538187;0.04473640603256257
2022-08-06 10:34:32.040;3.0048036387708885;-305.41817949503456;-0.35137203457458;-0.0524487595734513;-0.010416118998964663;0.24262553172695878;-0.13092250043089138;-0.11883265685295186;0.07224376632424168;-0.18291410920363305;-0.17567596801501395;0.04475290135827947
2022-08-06 10:34:32.060;2.9991247984020077;-304.80863138930727;-0.3506707725919613;-0.06250160854585829;-0.023606983652175728;0.22477576920265818;-0.13064454153899163;-0.11855035299080185;0.07226312978536509;-0.1826359915404474;-0.17539414006444076;0.04476939679288172
2022-08-06 10:34:32.080;2.993639594318056;-304.1986873574133;-0.34996905511130066;-0.07410950052400267;-0.038438354341710834;0.20646481374499537;-0.1319202191757185;-0.11991754191480908;0.0717620979361353;-0.1839123978496069;-0.17674862922103785;0.04434288746843951
2022-08-06 10:34:32.100;2.9881573492825946;-303.5879389453112;-0.34926641222171134;-0.08571727609074742;-0.05326043405304759;0.18820583181594674;-0.13319587150677847;-0.12128469638488326;0.0712611143375188;-0.18518877883849072;-0.1781030852627623;0.04391641909223054
2022-08-06 10:34:32.120;2.9824806966091773;-302.97638728474703;-0.3485628452252242;-0.09732493524955999;-0.06807324559625627;0.16999869278463287;-0.13447149853296736;-0.1226518164028434;0.07076017898427622;-0.18646513450823576;-0.17945750819154682;0.04348999165978107
2022-08-06 10:34:32.140;2.9764504173875386;-302.36371242111636;-0.347857986026199;-0.10958935822736748;-0.08359713615348952;0.15149128557647717;-0.1364034649658592;-0.1247405247629203;0.06989683229575494;-0.18839820448834743;-0.18152431634365485;0.04275507085298891
2022-08-06 10:34:32.160;2.9699214660832958;-301.74961248940235;-0.34715148734038;-0.11152278395280746;-0.08968654253456876;0.12762236651825098;-0.13833537335934665;-0.12698467094028132;0.06813798001056615;-0.19033121639608552;-0.18359104446471974;0.04202026647010637
2022-08-06 10:34:32.180;2.9627354583849193;-301.13479685383936;-0.34644416526442107;-0.11152278395280746;-0.09367599801740667;0.10467422631114687;-0.13833537335934665;-0.12714019295153633;0.06724233661303991;-0.19033121639608552;-0.1834940733091912;0.042577447136260105
2022-08-06 10:34:32.200;2.954796954208329;-300.5199854311286;-0.34573684803518884;-0.11152278395280746;-0.0976513380485109;0.08180832270761496;-0.13833537335934665;-0.1272957153423917;0.06634669262366;-0.19033121639608552;-0.18339710208886117;0.04313462879232244
2022-08-06 10:34:32.220;2.9460346302550438;-299.905178206398;-0.3450295356355736;-0.11152278395280746;-0.1016126053988593;0.05902439856039887;-0.13833537335934665;-0.12745123811301795;0.06545104804218749;-0.19033121639608552;-0.18330013080384333;0.04369181143829515
2022-08-06 10:34:32.240;2.9364507894961545;-299.291657230664;-0.34432370301665666;-0.0803596623352405;-0.07145835684886848;0.05261656541467108;-0.13403611065572107;-0.12275728081859683;0.06763661366133267;-0.18602949793563184;-0.17874634841479065;0.0450655338767314
2022-08-06 10:34:32.260;2.925994079241523;-298.6807102479579;-0.3436208316791169;-0.04919545486251309;-0.04130232420576263;0.04621418657293663;-0.129736560496859;-0.11806288183574765;0.06982300618682125;-0.18172749185577786;-0.1741921959529691;0.04643968801692022
2022-08-06 10:34:32.280;2.914678152764674;-298.0710392932597;-0.3429194283634153;-0.022118149392213127;-0.015510761691277963;0.03829655059758874;-0.12952036636405495;-0.11774371730867728;0.07041159293774957;-0.18151117423195373;-0.17397299155425117;0.04645252218741458
2022-08-06 10:34:32.300;2.9025523492647274;-297.4613407158249;-0.3422179932688028;0.004959196940376387;0.010282245387738698;0.03038858819708512;-0.1293041715043941;-0.11742455153059694;0.07100018250120588;-0.1812948558808749;-0.173753786411055;0.046465356423778026
2022-08-06 10:34:32.320;2.889685824208253;-296.8516145152753;-0.3415165263948441;0.032036584135482826;0.03607669586429196;0.022490289536705177;-0.12908797591770593;-0.11710538450150665;0.07158877487731452;-0.18107853680237085;-0.17353458052372162;0.04647819072604786
2022-08-06 10:34:32.340;2.8761164099926666;-296.2428281849643;-0.3408161408059566;0.022589673184086223;0.028435884987541016;0.03305511489952462;-0.12614108515756328;-0.11387238341503547;0.07317643179827726;-0.17812996276591875;-0.17040554488454518;0.04746391201818412
2022-08-06 10:34:32.360;2.86197201095321;-295.6359521688064;-0.34011795296106645;0.013142644945332904;0.020797974614279013;0.04363820247257166;-0.12319405935047456;-0.11063916755610848;0.07476451776441717;-0.17518125360549774;-0.16727633250008012;0.048449851963253465
2022-08-06 10:34:32.380;2.847370233564993;-295.0301435122019;-0.33942099307287005;0.0013728117062328238;0.010666415541916052;0.053285092647777255;-0.12256698540212341;-0.10990796483107346;0.07535139535999402;-0.17455382146988185;-0.16662380269434607;0.04858316502346671
2022-08-06 10:34:32.400;2.832423521322892;-294.4245780127603;-0.33872431292776944;-0.01039706913934424;0.0005371971008365506;0.06294668408116699;-0.12193990533872778;-0.10917675067033628;0.07593830161190773;-0.1739263832156972;-0.1659712658316721;0.0487164828261859
2022-08-06 10:34:32.420;2.817229036302884;-293.81924852365773;-0.33802790430361473;-0.022166997591909876;-0.009589677781580264;0.07262299622673485;-0.12131281916011716;-0.10844552507366956;0.07652523652174814;-0.1732989388428301;-0.1653187219120582;0.04884980537165262
2022-08-06 10:34:32.440;2.801898100600294;-293.2140461223971;-0.3373316418892033;-0.04076353367617003;-0.02700255361364512;0.07979185842238223;-0.11924653737295188;-0.1063094183604889;0.07688524167979605;-0.1732989388428301;-0.1653187219120582;0.04884980537165262
2022-08-06 10:34:32.460;2.7865515978690905;-292.60886184866104;-0.3366354003298215;-0.05936006976048702;-0.044414224802810764;0.0869686710598554;-0.1171802555857866;-0.10417331461982116;0.07724522483711649;-0.1732989388428301;-0.1653187219120582;0.04884980537165262
2022-08-06 10:34:32.480;2.7713009456147346;-292.00439664952137;-0.33593998603849673;-0.07554182681201382;-0.05925671100337482;0.09498728596097283;-0.11270117588630768;-0.09946504192983951;0.07847378954209816;-0.17088481444119097;-0.16276862006202464;0.049589172228892586
2022-08-06 10:34:32.500;2.7562445586893034;-291.4013530765733;-0.33524620727419974;-0.09172380335553498;-0.07409778958342272;0.10301628768069637;-0.10822197120395316;-0.0947565995235422;0.07970257426909733;-0.16847059946189447;-0.16021840332729198;0.05032866592831464
2022-08-06 10:34:32.520;2.7414777970201896;-290.79973434960266;-0.33455406774117213;-0.10790599940219181;-0.08893745880576276;0.11105568850789105;-0.10374264153065127;-0.09004798738643416;0.08093157904522386;-0.16605629389851728;-0.1576680716968326;0.05106828649492723
2022-08-06 10:34:32.540;2.727129970452933;-290.198817988472;-0.3338627362534109;-0.09199113021833227;-0.06897319399152835;0.1340349906239009;-0.10590849915447365;-0.092356954674095;0.08015164256908047;-0.16563900763128103;-0.15724520830929123;0.051093084660427834
2022-08-06 10:34:32.560;2.7132359046191414;-289.5978798901415;-0.33317137975782546;-0.07607621366116746;-0.04899420289101286;0.15709724907030242;-0.1080743615177866;-0.09466591100791533;0.07937178609441986;-0.16522171865750224;-0.15682234215216795;0.05111788307171228
2022-08-06 10:34:32.580;2.699858213984906;-288.99656169226364;-0.3324795859721235;-0.061682637075875846;-0.030605487139187204;0.17979174038550383;-0.11176030000452641;-0.09858066328589388;0.07812927464563746;-0.16632535305808105;-0.15799357258930513;0.05074867410141515
2022-08-06 10:34:32.600;2.687053259257641;-288.39450543969724;-0.3317869430824882;-0.04728915968803449;-0.012202768842460188;0.20256611438163485;-0.1154461998848646;-0.10249533103583275;0.07688699827440626;-0.16742896853019928;-0.15916477826408482;0.050379495777399974
2022-08-06 10:34:32.620;2.6748157926431837;-287.79172811129683;-0.3310934706224478;-0.06079104479351827;-0.02497768712951043;0.20701705050478747;-0.11035021901053454;-0.09694506972825678;0.07939916025911486;-0.16853256507453906;-0.1603359591779281;0.05001034809678462
2022-08-06 10:34:32.640;2.663227017291316;-287.18920807395625;-0.3304002941660157;-0.07093479367210875;-0.03417807017686769;0.21264619477901903;-0.1018989267813808;-0.08781904621960024;0.08311227652702069;-0.16627903023839607;-0.15796217318677463;0.050662128030050546
2022-08-06 10:34:32.660;2.652290747132075;-286.5879298943546;-0.3297085464198231;-0.08107865657933644;-0.043377765014586345;0.2182804137343286;-0.09344745917771746;-0.0786924346608302;0.0868275760753221;-0.16402541647482494;-0.15558828889669485;0.05131400859112656
2022-08-06 10:34:32.680;2.6419822356133595;-285.9872756570476;-0.3290175164955817;-0.09347674435599629;-0.05496943673606225;0.22316772358898795;-0.08724841528944438;-0.0719590407312225;0.08977795898229246;-0.16402541647482494;-0.15558828889669485;0.05131400859112656
2022-08-06 10:34:32.700;2.6322901458381853;-285.3866333978149;-0.32832650035166056;-0.10587483213265614;-0.06656056341367744;0.22805863523380054;-0.08104937140105761;-0.06522539720710796;0.09272967000214294;-0.16402541647482494;-0.15558828889669485;0.05131400859112656
2022-08-06 10:34:32.720;2.6232026114773292;-284.7859930382183;-0.3276354863931988;-0.09967578824432621;-0.05864604600347789;0.23780406840427215;-0.08518206732670563;-0.06977278262277053;0.09042623351963908;-0.16402541647482494;-0.15558828889669485;0.05131400859112656
2022-08-06 10:34:32.740;2.614646675159695;-284.1851792237794;-0.326944272881518;-0.0936112972826777;-0.05089357793312743;0.2473937817633205;-0.08944922497996544;-0.07448500654142975;0.08795057035050391;-0.1641599444417885;-0.15574881954881903;0.05116694795689991
2022-08-06 10:34:32.760;2.6065561613899146;-283.58402676252445;-0.3262526697695163;-0.08754681180005264;-0.04313863203268298;0.25699756380041094;-0.09371637851270265;-0.07919705834486734;0.08547581364085488;-0.1642944721280024;-0.1559093492764987;0.05101989092393211
2022-08-06 10:34:32.780;2.5988587960053473;-282.98270041304204;-0.3255608666057024;-0.08106951198288925;-0.034933893593890986;0.26680554854645244;-0.0975710173571187;-0.08346157506311869;0.08319424225163896;-0.164016273966066;-0.15562743306742277;0.05103642266970976
2022-08-06 10:34:32.800;2.5914748254649735;-282.38136484837014;-0.32486905284016243;-0.07459219905126702;-0.026726537351212443;0.2766282711860901;-0.10142566294015154;-0.08772595838885167;0.08091342750187458;-0.16373807460132284;-0.15534551562745946;0.05105295452471914
2022-08-06 10:34:32.820;2.5843109604890575;-281.78002416609525;-0.3241772331870143;-0.07431392900053879;-0.026443943932324743;0.2766475229284939;-0.10114761126501293;-0.08741237625050502;0.08111235646544213;-0.16345987403365925;-0.15506359695660876;0.05106948648894605
2022-08-06 10:34:32.840;2.577295018568362;-281.1796199526798;-0.32348649090577963;-0.07143802929408594;-0.023363296393572597;0.27776738605111717;-0.09827396845363268;-0.08430109165268362;0.08242218937741619;-0.1605846924302874;-0.15201229390874005;0.05203144875138932
2022-08-06 10:34:32.860;2.5703356804061643;-280.5810926538179;-0.32279790794356944;-0.06856200108256871;-0.020282474282087293;0.2788874918682289;-0.0954001972379146;-0.0811896195638937;0.0837323373080201;-0.15770938235374032;-0.148960822782783;0.05299361906456923
2022-08-06 10:34:32.880;2.5633568968820217;-279.9817242375211;-0.32210835730764414;-0.07365531054773555;-0.025757367002402276;0.2767950699278581;-0.10048950967054537;-0.08663255925309699;0.08179982047846135;-0.1628014200358585;-0.15438109441674897;0.0511962229067624
2022-08-06 10:34:32.900;2.5562968435844993;-279.378825273212;-0.321414744910103;-0.07668189663849034;-0.030579722015122712;0.26652464604597537;-0.10764473977197753;-0.09424228501048759;0.07932850368342503;-0.1678930548076174;-0.15980082797136674;0.04939953958005727
2022-08-06 10:34:32.920;2.549077349855226;-278.77240901700134;-0.3207170860015988;-0.07970815243669449;-0.03539879616230124;0.2562711857637261;-0.11479949457341121;-0.10185133379476241;0.07685822849787805;-0.17298428672563304;-0.16522002356435905;0.04760356877092509
2022-08-06 10:34:32.940;2.541655004444975;-278.1642379655168;-0.3200174082676709;-0.07713176811762423;-0.03422489296102427;0.2481507434560264;-0.11635610045211564;-0.10346978827188735;0.07653377845646325;-0.1673086055450277;-0.15922128512715972;0.049361206104950206
2022-08-06 10:34:32.960;2.533971736347245;-277.55606433813955;-0.31931772757027604;-0.07455537247727761;-0.03304928126718565;0.24004034012958186;-0.11791270956936017;-0.1050882499420922;0.07620930242638746;-0.16163290212687897;-0.15322241702591555;0.05111939750580863
2022-08-06 10:34:32.980;2.5259798918517573;-276.94749548090476;-0.31861759217591656;-0.07371350065710658;-0.03370085106090315;0.23143194530654299;-0.1212023721783666;-0.10853555389720526;0.07536850588795563;-0.16285701589464097;-0.15452150600214054;0.0507098884935786
2022-08-06 10:34:33.000;2.517634419199039;-276.33814347319276;-0.31791655579662875;-0.07907044453736489;-0.04240172564036371;0.21230248326726464;-0.11622689868155334;-0.10321423785156725;0.07725873963015939;-0.16408110637609852;-0.15582056451518156;0.05030041718289979
2022-08-06 10:34:33.020;2.5089093940844074;-275.7280135620458;-0.31721462446893584;-0.08442733018790705;-0.051092714215233315;0.19322957482482472;-0.11125145432097128;-0.09789284813782473;0.07914950807941068;-0.16530517357204744;-0.15711959256657337;0.0498909835698802
2022-08-06 10:34:33.040;2.4997726187598266;-275.11720387776586;-0.3165119110880292;-0.0890143970895565;-0.058975600495589475;0.17436162926541243;-0.10550685519924485;-0.09177297555148556;0.08119342267584795;-0.16575961622038093;-0.15762406118852823;0.04961145063778538
2022-08-06 10:34:33.060;2.490186695199906;-274.50581232166587;-0.3158085282856572;-0.0936014478108973;-0.06684888201911932;0.1555489499807141;-0.09976227232734658;-0.0856529978933267;0.08323796338385403;-0.1662140556602445;-0.15812852391690058;0.04933193235529476
2022-08-06 10:34:33.080;2.480114342179362;-273.8941338412478;-0.31510481538773694;-0.09773396505261189;-0.0742012867808377;0.13710903435254718;-0.09356349646483153;-0.07901999880814259;0.08561191500075882;-0.1662140556602445;-0.15812852391690058;0.04933193235529476
2022-08-06 10:34:33.100;2.4695400984334883;-273.28245360215806;-0.3144011004665316;-0.08481984867233905;-0.06350659177670437;0.12408867523472011;-0.09356349646483153;-0.07898881344126352;0.08579148860018737;-0.1662140556602445;-0.15812852391690058;0.04933193235529476
2022-08-06 10:34:33.120;2.458396477638045;-272.67076210592495;-0.31369737259440966;-0.07190573229212305;-0.05280759141900049;0.11109457588362215;-0.09356349646483153;-0.0789576280895048;0.08597106217616712;-0.1662140556602445;-0.15812852391690058;0.04933193235529476
2022-08-06 10:34:33.140;2.4466556480739294;-272.0593793316293;-0.31299399989517057;-0.057595624014425084;-0.040631983934904525;0.09853825171842878;-0.09216863732401492;-0.07745213578393617;0.08657965578188254;-0.16481849943840743;-0.15666527212545134;0.049696650479804205
2022-08-06 10:34:33.160;2.434275768489871;-271.448647491452;-0.3122913760709523;-0.04328536097847291;-0.028452273225784808;0.08600618427619722;-0.09077374792970971;-0.07594660092572525;0.08718831446051745;-0.1634229129479614;-0.15520198371154947;0.05006140133307557
2022-08-06 10:34:33.180;2.4212140416423455;-270.8382299730074;-0.31158911386196897;-0.030578491520543594;-0.014596044871982627;0.09236710152308802;-0.0945973890733498;-0.08005498079065632;0.08562673530060305;-0.16311383822232628;-0.15488878158157604;0.050079749869187395
2022-08-06 10:34:33.200;2.407447986269081;-270.22779708510643;-0.3108868339710089;-0.01787159411145467;-0.0007385880130392763;0.0987344440237381;-0.0984210375547363;-0.0841632974548574;0.0840655260632115;-0.1628047620118842;-0.15457557793212118;0.05009809853987335
2022-08-06 10:34:33.220;2.392965168862906;-269.6173488267741;-0.31018453639695037;-0.005164668751206136;0.013120098453750728;0.10510821752284105;-0.10224469337432396;-0.08827155093361938;0.08250468667104194;-0.16249568431680572;-0.15426237276341226;0.050116447345116555
2022-08-06 10:34:33.240;2.377771343314769;-269.00718472153676;-0.309482565730253;0.008165533140470416;0.02766308202816603;0.11182013796124757;-0.10544578358896928;-0.09169508414745309;0.0812890335472698;-0.16156368548547206;-0.15327329710089543;0.050428196273485604
2022-08-06 10:34:33.260;2.361897688750344;-268.39760460223624;-0.30878126691723223;0.021495828344768597;0.04220750045746158;0.11853924185438913;-0.1086468869142081;-0.09511858805088735;0.08007360101831207;-0.16063167315513383;-0.1522842037791179;0.050739967056159685
2022-08-06 10:34:33.280;2.3453831563482774;-267.7870886239034;-0.3080788914338809;0.020045372882464108;0.04133685865238235;0.1219014511529597;-0.11215960293875327;-0.09897568808516866;0.07816204702302443;-0.16414639558615463;-0.1560289662292007;0.04947931105161629
2022-08-06 10:34:33.300;2.328335112008524;-267.17412154377234;-0.30737369605085235;0.018595059335609676;0.04046662400767431;0.1252652388895612;-0.11567212710965435;-0.10283247930234296;0.07625112352530916;-0.16766092605382354;-0.159773470635173;0.04821900393941725
2022-08-06 10:34:33.320;2.310879875885101;-266.5587131254506;-0.30666569200080673;0.017144887689653387;0.03959679658956006;0.12863060557983808;-0.11918445944544231;-0.10668896176266429;0.0743408303056583;-0.1711752645768989;-0.1635177170364841;0.04695904561285591
2022-08-06 10:34:33.340;2.2931872892929897;-265.94208405212703;-0.3059562836334667;0.019674945552878853;0.042975318888718306;0.1334592849898728;-0.11872116728246596;-0.10629313134872831;0.07394290835024542;-0.17071170778893574;-0.16304797629044288;0.0469865338241906
2022-08-06 10:34:33.360;2.2754499463875084;-265.32545015405776;-0.3052468697154397;0.022205013373593374;0.0463544932392459;0.13829161815108204;-0.11825787178147351;-0.10589729865326802;0.07354498183193492;-0.17024814766108065;-0.16257823212674793;0.04701402233769869
2022-08-06 10:34:33.380;2.2578999764680185;-264.7070481436749;-0.30453542165123965;0.012512222525288053;0.03891129746707733;0.15141801982997016;-0.12587792962292355;-0.11398555994096427;0.07100387086525384;-0.1792488379024313;-0.17212964540829034;0.04400590620686007
2022-08-06 10:34:33.400;2.240823389811977;-264.0851468509136;-0.30381994779535004;0.002820070450525236;0.03147296151612622;0.16456990292673357;-0.13349742855594826;-0.12207304412648767;0.06846388408995097;-0.1882489160946612;-0.18168009865547674;0.040999609908221046
2022-08-06 10:34:33.420;2.2245094841459494;-263.4597587397802;-0.30310046248713757;-0.006871442944827777;0.024039491357793707;0.17774730674662997;-0.14111636866444854;-0.1301597513984447;0.06592502098971487;-0.19724838232854935;-0.19122959218191227;0.03799513231703955
2022-08-06 10:34:33.440;2.209287472891205;-262.83263213811006;-0.30237897711148304;-0.01058633665081743;0.022983134967514474;0.19311027342458154;-0.14276563067041792;-0.1318722335339757;0.06559447519664374;-0.19683129832219137;-0.1908069581634777;0.038019799090875495
2022-08-06 10:34:33.460;2.195472969872952;-262.20550553614885;-0.3016574917354937;-0.014301239556402834;0.021932959833716126;0.20850970699422078;-0.1444148959265803;-0.13358472269728594;0.06526390416272942;-0.19641421161190564;-0.19038432137858763;0.03804446610846757
2022-08-06 10:34:33.480;2.1833863204419175;-261.5796064893584;-0.30093741861518153;-0.018131972888340897;0.020643333551017662;0.2232013118916214;-0.13275401350656324;-0.1211020521648365;0.06975934202272782;-0.19249913706783772;-0.18623000197641204;0.03935132722658086
2022-08-06 10:34:33.500;2.173336260179151;-260.95616738612443;-0.30022017556665426;-0.021962677389979035;0.019359534470336115;0.2379270851480726;-0.12109268343456137;-0.10861831061443894;0.07425803843017675;-0.1885838242827127;-0.18207537105399751;0.04065857332007017
2022-08-06 10:34:33.520;2.1656029106226486;-260.3351979433719;-0.29950577376886556;-0.025793353054666568;0.018081574428801872;0.25268709913126486;-0.1094309056658389;-0.09613349755485245;0.07875999563263658;-0.1846682732306668;-0.1779204285607534;0.041966204516247
2022-08-06 10:34:33.540;2.1604270907243532;-259.71620686370443;-0.2987936480027901;-0.030833058178757256;0.015493873252491852;0.2668929940610285;-0.09897661736285812;-0.08496319222384585;0.0826700080033369;-0.17679543170373435;-0.16939589543858347;0.04557411196612815
2022-08-06 10:34:33.560;2.1580093967726857;-259.09869615600473;-0.2980832253485304;-0.0281243968720446;0.019653590813017985;0.27518530287720644;-0.10040294624368329;-0.08648035738465154;0.08217602521668521;-0.16892237965828016;-0.1608707188050289;0.04918433323518023
2022-08-06 10:34:33.580;2.1584711011446065;-258.4819235874529;-0.29737365189537135;-0.027877052490282495;0.02118537757453609;0.28256893267490657;-0.10428831685808149;-0.09062628203965772;0.08075486736224224;-0.1686751411301053;-0.16062018063354344;0.04919900033678193
2022-08-06 10:34:33.600;2.161883596815984;-257.8651487308889;-0.29666407580994103;-0.027629707157927896;0.02271859122336295;0.2899608609804556;-0.10817369357973661;-0.0947721557185659;0.07933400420303016;-0.16842790165167898;-0.16036964148969446;0.04921366752441525
2022-08-06 10:34:33.620;2.1682417137192007;-257.2483715847993;-0.29595449709049837;-0.027382360875208178;0.024253233115725692;0.2973610959399089;-0.11205907640893287;-0.09891797843177841;0.07791343568916975;-0.16818066122328545;-0.16011910137382301;0.0492283347980349
2022-08-06 10:34:33.640;2.1774808820480667;-256.63269521970506;-0.2952461847778511;-0.02388958710201905;0.02928070385572923;0.30611875932675137;-0.11270227960223878;-0.09957490446614514;0.07784751792454347;-0.16468938221771268;-0.1564140239995595;0.05039610259733074
2022-08-06 10:34:33.660;2.1894332339310836;-256.01925668559124;-0.29454044700489207;-0.032794390300011855;0.019299791780692743;0.30010894185290926;-0.10508021546373669;-0.09143788072460524;0.0806575689626543;-0.16119791377678538;-0.15270869880527016;0.05156417710428585
2022-08-06 10:34:33.680;2.203895547275614;-255.40685781629145;-0.29383590532687925;-0.04500358589575626;0.005753698867831503;0.2926654888079696;-0.1007592225384073;-0.08686496484872208;0.08202014849136141;-0.161009407450873;-0.15253085344676265;0.05149965286907143
2022-08-06 10:34:33.700;2.220599127134184;-254.79429585282196;-0.2931311760152085;-0.057212797080808286;-0.0077908466597911286;0.2852305106445838;-0.09643822368067134;-0.08229198975421781;0.08338299774266655;-0.16082090057295417;-0.15235300752402736;0.051435128786469164
2022-08-06 10:34:33.720;2.2392155345430815;-254.18157085205166;-0.2924262591353053;-0.0694220238549974;-0.021333846405557466;0.27780399882255047;-0.09211721889058566;-0.0777189554317701;0.0847461167596979;-0.16063239314268785;-0.15217516103683693;0.051370604856505686
2022-08-06 10:34:33.740;2.259371220498357;-253.568771577171;-0.29172125680585437;-0.08181981455516052;-0.03505147163261668;0.2704609691690898;-0.0879846219904934;-0.07332176329409634;0.0861853981885039;-0.16063239314268785;-0.15217516103683693;0.051370604856505686
2022-08-06 10:34:33.760;2.2806894439978493;-252.955977024576;-0.2910162599092141;-0.0740711953675941;-0.030293163383735333;0.2531009742747532;-0.10089898730316094;-0.08707837128039131;0.08159894256202538;-0.16063239314268785;-0.15217516103683693;0.051370604856505686
2022-08-06 10:34:33.780;2.3027261519819873;-252.3429140631124;-0.29031095421834807;-0.06665040207849415;-0.025905504536215318;0.23550273380233744;-0.11414089787651704;-0.1012131902627047;0.07672703019121485;-0.16096013134187714;-0.15254666282930884;0.05112485773657838
2022-08-06 10:34:33.800;2.3250556731396297;-251.72931951593637;-0.2896050369582768;-0.05922962466036097;-0.021509881991196522;0.21795191219450327;-0.1273827775494496;-0.11534729364230856;0.07185866157921605;-0.16128786787265526;-0.15291816099113476;0.05087912142468998
2022-08-06 10:34:33.820;2.347264536007244;-251.11519381436665;-0.28889850862521593;-0.05180886311308086;-0.017106313723477484;0.20044839752652166;-0.14062462632218597;-0.1294806818673564;0.06699383452449581;-0.16161560273513587;-0.1532896555228831;0.05063339592036531
2022-08-06 10:34:33.840;2.368945732450776;-250.50080710869952;-0.2881916800168379;-0.05928563263688602;-0.027546327691855055;0.1835527832690671;-0.12950550970000307;-0.11775168017239679;0.07027987739778485;-0.16082743711171688;-0.15249096629594305;0.050680175039148345
2022-08-06 10:34:33.860;2.38976705205393;-249.88642932989023;-0.2874848616784713;-0.0667624374962088;-0.037978658999438863;0.1667012581961389;-0.1183863271873733;-0.10602231750598179;0.07356738714641153;-0.1600392618334432;-0.1516922671892189;0.050726955032464716
2022-08-06 10:34:33.880;2.409428750589629;-249.27172201347275;-0.286777664219582;-0.07607274599399716;-0.05032154768324304;0.1494424547608615;-0.10909906904097255;-0.0962118709078581;0.07639104691337906;-0.16108411356105634;-0.1528011124582349;0.0503774286478853
2022-08-06 10:34:33.900;2.427698838289188;-248.6563690528492;-0.2860697239715153;-0.08538297787680449;-0.06265617109230348;0.13223023267662892;-0.0998118684960545;-0.08640127682527776;0.0792157234337072;-0.16212894832323954;-0.1539099355328517;0.0500279297311641
2022-08-06 10:34:33.920;2.4444039019792814;-248.04036386007647;-0.2853610333550925;-0.09469313314627925;-0.07498254849204855;0.11506448083749543;-0.09052472555108437;-0.07659053521390291;0.08204141687603617;-0.1631737661203907;-0.15501873641409247;0.049678458279898585
2022-08-06 10:34:33.940;2.459484313130292;-247.42464242960705;-0.2846526691964399;-0.08374746886505591;-0.06303247296066061;0.1206265521514478;-0.08784607577333503;-0.0736862484241314;0.08328604649770988;-0.16049377768706208;-0.15221014982483894;0.050370781824018884
2022-08-06 10:34:33.960;2.4728827251623837;-246.8101416557547;-0.28394570935694;-0.07280153994184957;-0.05108119670379452;0.12619364331716376;-0.08516731442485792;-0.07078180102691789;0.08453093624345964;-0.1578136776272423;-0.14940142858984018;0.05106322382114925
2022-08-06 10:34:33.980;2.4846446217959097;-246.19624639032554;-0.2832394461319212;-0.0641961639965416;-0.041610209558346156;0.13100279263060166;-0.08482747234059929;-0.07036179600205372;0.0849855890213691;-0.15747366570684207;-0.1490568763031206;0.05108340643800968
2022-08-06 10:34:34.000;2.494892166986492;-245.58234021564567;-0.2825331703562231;-0.05559076684420461;-0.03213852560353203;0.1358155873719733;-0.08448762846042968;-0.06994178844060883;0.08544024537033668;-0.15713365198973506;-0.14871232217780062;0.0511035892176368
2022-08-06 10:34:34.020;2.503802158719769;-244.96842313108937;-0.2818268820291258;-0.04698534848438385;-0.02266614437573722;0.14063202998638857;-0.08414778278440593;-0.06952177834281059;0.08589490529043964;-0.15679363647575073;-0.14836776621382342;0.05112377216007147
2022-08-06 10:34:34.040;2.511596554143554;-244.35456310066365;-0.2811206593406424;-0.039027880209232535;-0.014843779483985742;0.13969808019995433;-0.08393921324127263;-0.0691734752186548;0.08669524720214472;-0.15658496269997713;-0.148146310417701;0.05119358542082342
2022-08-06 10:34:34.060;2.518539204190551;-243.74082810496475;-0.28041458049987106;-0.03107040008939066;-0.007021391896646634;0.13876424562602807;-0.08373064302170263;-0.06882516775603875;0.08749561030691311;-0.15637628824742578;-0.14792485373629916;0.05126339977733885
2022-08-06 10:34:34.080;2.524905466459663;-243.12566122947464;-0.27970685433569437;-0.0277595981837635;-0.004181928771320287;0.13598839764690318;-0.0881645777318667;-0.07346713446118969;0.08638821353387094;-0.16081243881700047;-0.1526445437381767;0.04971138910756512
2022-08-06 10:34:34.100;2.5309867493295126;-242.5075127160162;-0.2789956979100937;-0.024448727758738187;-0.0013421485765299224;0.13321405641684336;-0.09259820679275066;-0.07810875803041739;0.08528099489035501;-0.1652482835845568;-0.15736382676351468;0.04815991166076028
2022-08-06 10:34:34.120;2.5370353444777183;-241.88640560559725;-0.27828113773087493;-0.039217335115779406;-0.014933544185542047;0.14027513859899088;-0.10116399796500986;-0.0873712837767684;0.08144367661445262;-0.1696838225876114;-0.1620827028894496;0.04660896723333341
2022-08-06 10:34:34.140;2.5433272628388726;-241.2638244377231;-0.27756488170444765;-0.0495485044234556;-0.02376407998176333;0.14910950847622662;-0.10529646568803486;-0.09186779668717548;0.07943159732653449;-0.1696838225876114;-0.1620827028894496;0.04660896723333341
2022-08-06 10:34:34.160;2.550064581655053;-240.64126014758222;-0.27684864509521256;-0.059879673731245475;-0.03259265529587552;0.15795593978471523;-0.10942893341117355;-0.09636419417122255;0.07742013330853315;-0.1696838225876114;-0.1620827028894496;0.04660896723333341
2022-08-06 10:34:34.180;2.557408537470311;-240.02029554703768;-0.2761342488682006;-0.06488362274740211;-0.0357350787890347;0.1687621037848448;-0.10823866516280845;-0.09517123316950205;0.07741138880506959;-0.16435812240450431;-0.15644432624668525;0.04831303181660651
2022-08-06 10:34:34.200;2.5654452721958654;-239.40252909901756;-0.27542353199439945;-0.06988751085992817;-0.038874220625675804;0.1795873982754559;-0.10704810835627399;-0.09397796862966601;0.07740272475616106;-0.15903198140079766;-0.1508053820476789;0.05001775998046387
2022-08-06 10:34:34.220;2.574223297080355;-238.78796835015964;-0.2747165031559298;-0.058360555018339255;-0.024864722941945416;0.19363788953067562;-0.10379091506668914;-0.09052363257787732;0.07847158639697582;-0.15370539951180362;-0.14516587017010352;0.05172315201796973
2022-08-06 10:34:34.240;2.583670793480019;-238.1750048541071;-0.2740113118962477;-0.05169769305456384;-0.016066036304810183;0.20579041179159674;-0.10539385159076886;-0.09228883231545382;0.07756987182687602;-0.15324171684244092;-0.14469599446891834;0.05175068114988424
2022-08-06 10:34:34.260;2.5936818089735176;-237.5620308441794;-0.2733061085407508;-0.04503480789588821;-0.007263305472040571;0.2179657971698168;-0.10699679139278118;-0.09405401231187938;0.07666828150557325;-0.1527780308315947;-0.14422611534837415;0.0517782105846285
2022-08-06 10:34:34.280;2.6040812844503343;-236.94981108816137;-0.2726017729257771;-0.03644505207967086;0.003632011952074521;0.2310555074676719;-0.10667468758364151;-0.09372991177908574;0.07667321779729352;-0.1435002348567842;-0.1345052898417407;0.05416233787782687
2022-08-06 10:34:34.300;2.614635385600335;-236.3391123024412;-0.2718991871294584;-0.027855105149626525;0.014532265850245807;0.24417207367011962;-0.10635252917520432;-0.09340575328112521;0.07667817234703023;-0.13422223642669096;-0.1247840822692865;0.05654735204492756
2022-08-06 10:34:34.320;2.6250485860218493;-235.7299452737425;-0.2711983635615113;-0.03166340104996834;0.012289881951996762;0.2532558980343733;-0.09776469352632233;-0.0842125486033396;0.07998910580490026;-0.12494403552909361;-0.11506249257604395;0.0589332532564697
2022-08-06 10:34:34.340;2.6350182023290922;-235.1195826650437;-0.27049616452410846;-0.043350937252625954;0.0015750619442904679;0.25908654050754;-0.09704898022200581;-0.08349321389837172;0.07999537093864273;-0.13043102362592762;-0.12091713098163837;0.056916568433546644
2022-08-06 10:34:34.360;2.6442249853988757;-234.50530096288276;-0.2697894567182827;-0.055037770671617636;-0.009138383228933122;0.2649215731044334;-0.09633303433437135;-0.08277362924624043;0.08000173128721766;-0.13591754394752442;-0.12677113433386467;0.054900768154296564
2022-08-06 10:34:34.380;2.652344356083984;-233.88906124306232;-0.2690804962873844;-0.061236752754439294;-0.013936869500501103;0.27310353294424505;-0.09013405225154969;-0.07614062515343534;0.08237454599367311;-0.13591754394752442;-0.12677113433386467;0.054900768154296564
2022-08-06 10:34:34.400;2.6590568147941984;-233.2728339548994;-0.2683715501586367;-0.06743573483726095;-0.018733675205371725;0.28129564478464264;-0.08393507016872803;-0.0695074563356215;0.08474821874907512;-0.13591754394752442;-0.12677113433386467;0.054900768154296564
2022-08-06 10:34:34.420;2.6640963864699225;-232.65660518309596;-0.2676626023230168;-0.05968700723371967;-0.01113759461148689;0.2802607932639596;-0.08393507016872803;-0.06938274458857308;0.08546631726977072;-0.13591754394752442;-0.12677113433386467;0.054900768154296564
2022-08-06 10:34:34.440;2.6672133689746738;-232.04012875210174;-0.26695336956488874;-0.05208679298795005;-0.003734165627836461;0.27897507859539417;-0.08408346434074332;-0.06945097901628827;0.08593091049742885;-0.1463976543814134;-0.13773409411567172;0.052308834479553035
2022-08-06 10:34:34.460;2.6682315393179312;-231.42316523232876;-0.2662435764295903;-0.044486586346067725;0.003669290110362766;0.27768963248790346;-0.08423185817130019;-0.06951922267253252;0.0863954495188839;-0.15687775387936753;-0.14869686978181562;0.04971772133670793
2022-08-06 10:34:34.480;2.667047631690259;-230.8059536438741;-0.26553349790067987;-0.03642865023567765;0.011579443389475585;0.2766767020949823;-0.08392290640218647;-0.06908073160283124;0.08713504406417982;-0.15656864771153423;-0.14838363797713328;0.049736059112419184
2022-08-06 10:34:34.500;2.663605891514201;-230.18874627691548;-0.26482342422844063;-0.04645108056507752;-0.005844405562388744;0.23430249636448863;-0.08774661245589499;-0.07328892797320208;0.08499911857490261;-0.1562595400587803;-0.14807040465262844;0.04975439702255713
2022-08-06 10:34:34.520;2.657999427319931;-229.57155655428505;-0.26411337085533193;-0.05647353146622436;-0.02322080717292252;0.19220196346037532;-0.09157032584820257;-0.07749700574370166;0.08286387104690096;-0.15595043092116256;-0.1477571698088127;0.0497727350670818
2022-08-06 10:34:34.540;2.6503714736667705;-228.95429092381528;-0.26340323015313233;-0.06710204809115794;-0.041181439229806216;0.15023960808823666;-0.09599961182387773;-0.08233667295413483;0.08059110892188759;-0.15624721412831022;-0.14807212724872443;0.0496734708201787
2022-08-06 10:34:34.560;2.640950959980452;-228.3368558680013;-0.26269289453349853;-0.0777305421693768;-0.05909473306221358;0.10854980765277045;-0.10042888796052551;-0.08717618480724099;0.07831912524109885;-0.15654399596678203;-0.14838708289795477;0.04957420878908536
2022-08-06 10:34:34.580;2.630045729003257;-227.72005392239225;-0.26198328728314907;-0.08554835344176581;-0.07397228800434519;0.06810000258852345;-0.1020495995125188;-0.08902097102039619;0.07706185158812495;-0.14714279896173466;-0.1385488017052694;0.05192212796358309
2022-08-06 10:34:34.600;2.6180579744248123;-227.10467373133724;-0.26127531570750356;-0.0727026109349822;-0.05955801109027803;0.07687036292922844;-0.09953755769961248;-0.08629435108181127;0.07824627906511239;-0.13774138421325333;-0.12871012791515568;0.054270906407007935
2022-08-06 10:34:34.620;2.605377632456188;-226.49070310232491;-0.2605689657795399;-0.05985659086866235;-0.045141180478058374;0.0856531825768565;-0.0970254177625165;-0.08356758640663742;0.07943095517714927;-0.12833975170775247;-0.11887106147281656;0.05662054427948515
2022-08-06 10:34:34.640;2.5924666823559632;-225.87742389890627;-0.25986341131050417;-0.04915360485637166;-0.033017905061715425;0.09361170206891511;-0.09665465655981365;-0.0831411912179405;0.07974375370103193;-0.12796875226075244;-0.11849510215472492;0.05664258996187499
2022-08-06 10:34:34.660;2.5798217115408155;-225.2641382271322;-0.25915784939987074;-0.03845059023279873;-0.020892776015589476;0.10158025376814273;-0.09628389321957087;-0.08271479330604592;0.08005655494586872;-0.12759775067473456;-0.11811914064765006;0.05666463583825987
2022-08-06 10:34:34.680;2.5679499464738327;-224.65136769995297;-0.2584528801435603;-0.0264638956329577;-0.007373317375286348;0.11015944566778835;-0.09463066672312692;-0.08089296695529669;0.08099369448012528;-0.1259434618451074;-0.11636341301669972;0.05721862425012425
2022-08-06 10:34:34.700;2.557322291423936;-224.0396531744409;-0.25774912577712616;-0.03255813086360604;-0.014763670179352317;0.10282565596073479;-0.08781137189858867;-0.07362426495384256;0.0834424180585911;-0.12428913049046386;-0.11460762973877081;0.057772681585880115
2022-08-06 10:34:34.720;2.548442336696154;-223.42900748995453;-0.25704660107176347;-0.038652412087571975;-0.02215258858442226;0.0955001785658558;-0.08099197555289805;-0.06635528179659644;0.0858920704389563;-0.12263475660887124;-0.11285179081033903;0.05832680785515265
2022-08-06 10:34:34.740;2.541746398662928;-222.81758421911945;-0.2563431817827913;-0.05009907867218999;-0.03528352914620214;0.08603843866222505;-0.07952056927299367;-0.0648421750668362;0.08610216200460208;-0.1263315818248394;-0.11679534623334575;0.056973674580418354
2022-08-06 10:34:34.760;2.537634341792322;-222.20354173359374;-0.2556367491866337;-0.061545335045764205;-0.04841141670519633;0.07659131904063532;-0.07804908266168553;-0.06332898173368307;0.08631228599751228;-0.1300281946998858;-0.12073861387233364;0.055620940119636586
2022-08-06 10:34:34.780;2.5364628241043325;-221.58818986104598;-0.25492881019035696;-0.05741259628030093;-0.04343775856623111;0.08134659081506257;-0.08424819080979518;-0.06996239845417307;0.08393798865448954;-0.1300281946998858;-0.12073861387233364;0.055620940119636586
2022-08-06 10:34:34.800;2.5384785500087905;-220.97283272296045;-0.2542208651362787;-0.05327985751483766;-0.038463462552190464;0.08610544009653331;-0.09044729895790482;-0.07659565040429328;0.08156454958536585;-0.1300281946998858;-0.12073861387233364;0.055620940119636586
2022-08-06 10:34:34.820;2.543876162256219;-220.35747031871142;-0.253512914023679;-0.049147118749544916;-0.033488528243342586;0.09086786924851076;-0.09664640710595762;-0.08322873763906813;0.07919196851528554;-0.1300281946998858;-0.12073861387233364;0.055620940119636586
2022-08-06 10:34:34.840;2.5527768136740057;-219.74232583803678;-0.2528052136238883;-0.043752617979805564;-0.027194181275806528;0.09593704343245069;-0.10158487835231966;-0.08854174475154508;0.07713590926324176;-0.12876672972265268;-0.11942649280251771;0.05589002907859175
2022-08-06 10:34:34.860;2.5652188549295323;-219.12762264078629;-0.25209802090394445;-0.038358056471793134;-0.020899033898306385;0.10101033226263922;-0.10652337889151653;-0.09385465991234554;0.07508048701897252;-0.12750524001659969;-0.11811434319105274;0.056159137311619034
2022-08-06 10:34:34.880;2.581172288253107;-218.51312374923873;-0.25139106322996485;-0.025433988409247377;-0.005016007175900228;0.11777242381035169;-0.10393175402807486;-0.09108537469906963;0.07605073834113352;-0.1269796500192193;-0.11758172782060683;0.056190362884901646
2022-08-06 10:34:34.900;2.6005139215969524;-217.8986139878325;-0.25068409305062506;-0.012509871050099264;0.01087492672732182;0.1345787638540461;-0.10134011737417126;-0.08831604951645744;0.07702113618176121;-0.12645405572891022;-0.11704910805730151;0.056221588847432
2022-08-06 10:34:34.920;2.623068782379873;-217.28408602327545;-0.24997710192925043;0.00041429560639016927;0.02677378589939039;0.15142945495735205;-0.09874846892969202;-0.0855466843602457;0.07799168056110428;-0.1259284571457293;-0.11651648390096625;0.05625281519920211
2022-08-06 10:34:34.940;2.6485887045486782;-216.66873838192987;-0.24926916780081135;0.010288464673010367;0.03944623241860867;0.16732520239272475;-0.09920359254615363;-0.08601336067928145;0.07793443011217249;-0.12845161769638125;-0.11919432955909315;0.05540803233969882
2022-08-06 10:34:34.960;2.676788688948406;-216.0517716478571;-0.24855937096758288;0.020162516666687225;0.05212542221081762;0.18325982054640555;-0.09965865331204071;-0.08647997011782849;0.07787720141519294;-0.13097467932641038;-0.12187204578253841;0.054563409759315284
2022-08-06 10:34:34.980;2.7073030587233715;-215.43390332160197;-0.24784853688673542;0.0011627650496279784;0.03394476253341949;0.1883477787452792;-0.09024759505197011;-0.07654937755776103;0.08067699967032915;-0.1293114573595595;-0.12020172120020334;0.05457531923673642
2022-08-06 10:34:35.000;2.739807052904718;-214.8158488871777;-0.2471374886954963;-0.01783718091235187;0.01576445204417709;0.19343958566962005;-0.0808364048213761;-0.06661841925696166;0.0834779747920118;-0.1276481924024857;-0.11853135382904156;0.05458722667454463
2022-08-06 10:34:35.020;2.773926508170697;-214.19760841882817;-0.2464262264792802;-0.036837321226528275;-0.002415509008162786;0.19853524366575126;-0.07142508261463121;-0.05668709511845549;0.08628012720731792;-0.12598488445336997;-0.11686094366694988;0.05459913207247524
2022-08-06 10:34:35.040;2.809275934141872;-213.57928550914949;-0.24571486941744097;-0.05750130355238525;-0.02226691954584581;0.20362105104178863;-0.06367608924247037;-0.04842617372062108;0.089069556782162;-0.12598488445336997;-0.1166726103193696;0.0556810524154594
2022-08-06 10:34:35.060;2.845526772044793;-212.96097240801464;-0.2450035236399595;-0.05750130355238525;-0.020859397998695073;0.2117173579494258;-0.06987528394019904;-0.0549850313523379;0.08712522034824755;-0.12598488445336997;-0.11648427672758999;0.05676297649081441
2022-08-06 10:34:35.080;2.8823087722668936;-212.34320384241437;-0.24429280432996273;-0.05552815122280208;-0.017351518409189026;0.22050604820793662;-0.07410281840147803;-0.05944427569570365;0.08587732636223144;-0.12401208403263908;-0.1144023617887342;0.05735551989427545
2022-08-06 10:34:35.100;2.9193035403797047;-211.72652682454645;-0.24358334080424238;-0.05355493840448844;-0.013841473414604621;0.22930687931377403;-0.07833037687904465;-0.06390350811479806;0.08462960645369844;-0.12203922313380744;-0.11232037063882672;0.05794814525242753
2022-08-06 10:34:35.120;2.9562374061594516;-211.11094331889035;-0.24287513532285762;-0.05158166509409057;-0.010329260449825739;0.23811986638493376;-0.0825579593736947;-0.0683627286106443;0.08338206062556175;-0.12006630175374866;-0.11023830327224005;0.05854085257824515
2022-08-06 10:34:35.140;2.9928680890706776;-210.49589776549692;-0.24216754873515284;-0.050932215350201204;-0.008254790172120607;0.24630417514605707;-0.08810836382908604;-0.07426236111930251;0.08148435598471337;-0.11941696783821598;-0.10958028614618343;0.05857944548998706
2022-08-06 10:34:35.160;3.0290016340285937;-209.8808571120826;-0.24145996778468823;-0.05028275905300461;-0.009010325381300532;0.23820901606569667;-0.08745944034782127;-0.07367802995397454;0.08109919794869569;-0.11876762737062663;-0.10892226231516133;0.05861803899600737
2022-08-06 10:34:35.180;3.064493912666047;-209.2650356217273;-0.240751488510931;-0.05274169867573164;-0.013056190213067254;0.22912977008815893;-0.08991636264899938;-0.07638619353925691;0.07970260348485336;-0.12122612844518343;-0.11153155635128087;0.05779452869866475
2022-08-06 10:34:35.200;3.0992405728309436;-208.6476553831235;-0.24004121595641897;-0.05520054436834698;-0.017099703740004912;0.22006351703013927;-0.09237319109708864;-0.07909420354817343;0.07830633117092933;-0.12368453560639736;-0.1141407274904509;0.05697117063863111
2022-08-06 10:34:35.220;3.13316875462176;-208.02872036273038;-0.239329154684413;-0.05765929613727394;-0.02114086884879285;0.21101023996034574;-0.0948299256984555;-0.08180206000198353;0.07691038092873459;-0.12614284886063487;-0.11674977574529066;0.05614796478429174
2022-08-06 10:34:35.240;3.1662465818869863;-207.41017778668174;-0.2386175449047445;-0.05326604106983268;-0.017884361797460002;0.20438382150348477;-0.0904402748709785;-0.07721098864279696;0.07798076025211564;-0.12175037732361815;-0.11212132244787654;0.05742726786633234
2022-08-06 10:34:35.260;3.198442698389555;-206.79397604228143;-0.23790862816312708;-0.040606646966182325;-0.012082439683272383;0.16469005038036943;-0.08191740483336929;-0.06809764756226144;0.08120702364483723;-0.11735760596399913;-0.10749249497251867;0.05870695732654596
2022-08-06 10:34:35.280;3.2297401684417;-206.17894461469405;-0.2372010578266265;-0.03178408179468306;-0.010335262131977885;0.12382518403187426;-0.07722823184123939;-0.06308542596590172;0.08297151510360479;-0.11680101100960982;-0.10692845671536588;0.05874003912255965
2022-08-06 10:34:35.300;3.2601465684006277;-205.56390982891753;-0.2364934836266567;-0.02296148003631515;-0.008544048820372296;0.08321912451272073;-0.07253903815213647;-0.05807309083623835;0.0847364896946381;-0.11624441124103768;-0.10636441353153714;0.05877312135521606
2022-08-06 10:34:35.320;3.289667675930964;-204.94887163848762;-0.23578590550976225;-0.014138841690510162;-0.0067090331453165675;0.042870444303014565;-0.06784982376577631;-0.053060642148885506;0.08650194753810592;-0.11568780665816902;-0.10580036542108928;0.058806204024583586
2022-08-06 10:34:35.340;3.318304133157218;-204.33300720183615;-0.23507737682791977;-0.008466931714110615;-0.008165399771403514;0.001779485370898115;-0.06630854436891553;-0.051391146766228246;0.08720873475465751;-0.11828095088088375;-0.10855256627644394;0.057937572911780144
2022-08-06 10:34:35.360;3.346043088331001;-203.71550803754508;-0.23436696745391397;-0.026559064290609058;-0.03242974689314693;-0.03335651152098329;-0.06890010396002566;-0.05407552510680347;0.0867271861295702;-0.12087399062312087;-0.11130463040569794;0.05706911116920388
2022-08-06 10:34:35.380;3.372925031084388;-203.09793153097417;-0.2336564691005479;-0.03919623955516727;-0.05086793959529601;-0.06646417524856396;-0.06604126408418409;-0.050948827188868506;0.08821111158534745;-0.11801351794087722;-0.10829542658422042;0.05787379370064549
2022-08-06 10:34:35.400;3.398952715356522;-202.48184449534892;-0.23294768432702664;-0.05183359380265529;-0.06927566539051;-0.09939637459548845;-0.06318229713311752;-0.04782193536802737;0.08969539428679685;-0.11515291811087636;-0.10528606573763;0.058678631046868546
2022-08-06 10:34:35.420;3.4241546245499235;-201.8672429387152;-0.23224060854075831;-0.06447112704364599;-0.08765306247588356;-0.13215391556507594;-0.06032320309687833;-0.044694849616540466;0.09118003432697463;-0.112292191123057;-0.10227654784887363;0.059483623242683414
2022-08-06 10:34:35.440;3.4486102128472504;-201.25337462250172;-0.23153437631979024;-0.045872663648026446;-0.06806423658762029;-0.12681039443404885;-0.06032320309687833;-0.04471980582663804;0.09103634481969713;-0.112292191123057;-0.10227654784887363;0.059483623242683414
2022-08-06 10:34:35.460;3.4723199050856772;-200.63948561670986;-0.23082812029624677;-0.027274200252350056;-0.04847447803260607;-0.12146214185127668;-0.06032320309687833;-0.044744762046512676;0.09089265529747514;-0.112292191123057;-0.10227654784887363;0.059483623242683414
2022-08-06 10:34:35.480;3.4953565783253944;-200.02509800029657;-0.2301212906400898;-0.009492570091993002;-0.02979016703838866;-0.11660845223237803;-0.06113932549524037;-0.04568283033923848;0.0902071938995137;-0.10966462946685951;-0.0994231390068876;0.060735301491641636
2022-08-06 10:34:35.500;3.5178175401932967;-199.40973455925268;-0.2294133383346969;0.008288965552708305;-0.01110518110280978;-0.11175088752902163;-0.06195543754127897;-0.046620874758808384;0.08952180720800662;-0.10703707687383357;-0.09656969487571132;0.061987215083098235
2022-08-06 10:34:35.520;3.5398285072319498;-198.79339670394984;-0.22870426500264723;0.02607040668380023;0.007580480353535535;-0.10688944501444642;-0.06277153923510781;-0.04755889530670032;0.08883649521512638;-0.10440953334392233;-0.09371621544840991;0.06323936405161934
2022-08-06 10:34:35.540;3.5615339738856084;-198.17656443281885;-0.22799462286393465;0.02964364891323612;0.012815386224726666;-0.09740741153064114;-0.059201864896031964;-0.043833487837126484;0.08966028866713671;-0.10083769278565669;-0.09009657075830546;0.06345181372476194
2022-08-06 10:34:35.560;3.5831190998265003;-197.55971703897376;-0.22728496332711295;0.033217089475670036;0.018053066128768336;-0.08791063430110935;-0.05563199242205741;-0.04010786605939387;0.09048415222466488;-0.0972656539722685;-0.08647672318340938;0.06366428139141522
2022-08-06 10:34:35.580;3.6047646274254075;-196.94312034942413;-0.2265755922160769;0.034034009456206604;0.020539316276281028;-0.07833240131503505;-0.054815888137987656;-0.03913322444955014;0.09138027782631752;-0.0964490544439478;-0.0856099833045505;0.06393808848773386
2022-08-06 10:34:35.600;3.626694925996598;-196.3270404126888;-0.2258668156095593;0.03485093980145848;0.023028166499297953;-0.06873915651399898;-0.053999773499491255;-0.038158557426434925;0.09227648646300057;-0.09563244455494768;-0.08474322986381821;0.06421191239732682
2022-08-06 10:34:35.620;3.6491277424606885;-195.71147766873037;-0.22515863401372047;0.03566788051170988;0.0255196202878345;-0.059130879114941415;-0.053183648506397674;-0.037183864988286075;0.0931727781422973;-0.09481582430498392;-0.0838764628606441;0.06448575312137805
2022-08-06 10:34:35.640;3.6722227270907952;-195.0962430496802;-0.22445082991314663;0.007684471298659901;2.184874769994849e-06;-0.04442428091528594;-0.05791880141944006;-0.042356975978201206;0.09074789685437956;-0.09438434057852518;-0.08357562212518133;0.06372780586818472
2022-08-06 10:34:35.660;3.696206780870643;-194.4811692751755;-0.22374321085812343;-0.020299019683079678;-0.025509894446120285;-0.029683148869041;-0.06265396683473767;-0.0475299337876649;0.08832390212334662;-0.09395285395924802;-0.0832747831082088;0.06296983547906354
2022-08-06 10:34:35.680;3.7212548578834617;-193.86618529364205;-0.22303569510650886;-0.04834293647547838;-0.05108839507781582;-0.014972047945241762;-0.06744944305179246;-0.05277519485596116;0.0858320206226253;-0.09358170256893672;-0.08289866412428637;0.06299191240578761
2022-08-06 10:34:35.700;3.7474908465885957;-193.25122737992933;-0.2223282093449336;-0.07638692395141788;-0.07666157091935943;-0.00022664141026584872;-0.07224493037053747;-0.05802029159590205;0.08334107921685963;-0.0932105490380728;-0.08252254294961858;0.06301398952683268
2022-08-06 10:34:35.720;3.775047936413777;-192.63627734577312;-0.2216207326484893;-0.06774952425632819;-0.06785693070864696;0.0005688447321237078;-0.06567434325855714;-0.051009567824984;0.08574126629866985;-0.0928393933667131;-0.08214641958460334;0.06303606684218188
2022-08-06 10:34:35.740;3.8039195286770844;-192.0214195490189;-0.22091336206767853;-0.05916309704127798;-0.05908700630792296;0.0014587387982256672;-0.059154698632561065;-0.04403241394603441;0.0882424201047316;-0.09251922845021099;-0.08180659908566668;0.06314340054808465
2022-08-06 10:34:35.760;3.8340980436538965;-191.40675657061365;-0.22020621561799106;-0.05057664995848654;-0.050317031704512516;0.002348755716013784;-0.05263503870880726;-0.03705506088643773;0.09074453207511013;-0.09219906194112681;-0.08146677650216816;0.063250736837964
2022-08-06 10:34:35.780;3.86552867756363;-190.79218534938263;-0.21949917473145328;-0.041660779471328624;-0.04122971972728706;0.0031628924450455287;-0.045786192601688924;-0.02976119174629588;0.09316687330252815;-0.0949938115848532;-0.08458997231036847;0.06141271304557794
2022-08-06 10:34:35.800;3.8981064884988443;-190.17760278713104;-0.21879212079750135;-0.03274486535252663;-0.03214233672671085;0.0039771370210868184;-0.03893731213641871;-0.022467114383992737;0.09559011185625899;-0.09778857012122089;-0.08771307707553433;0.059575234710655955
2022-08-06 10:34:35.820;3.931694226568724;-189.56300752243988;-0.21808505224987434;-0.025895487079367285;-0.020479486143049286;0.031519746810941385;-0.038288135746448404;-0.021782776436019446;0.09577928236885391;-0.10058333755017301;-0.09083609082296107;0.057738301695816396
2022-08-06 10:34:35.840;3.966115585350602;-188.94847325453156;-0.21737805387673312;-0.019463692868157523;-0.009206984922261796;0.05922727245679127;-0.038056255441766496;-0.021509219580785555;0.09601448774540344;-0.10035133309048305;-0.0905898576258437;0.05781600231617201
2022-08-06 10:34:35.860;4.001190956885993;-188.33407505362266;-0.21667121204351528;-0.0130318878880189;0.0020867070928964893;0.0870568776769316;-0.037824374301258956;-0.021235660781449894;0.09624969921881732;-0.10011932779439903;-0.09034362333426316;0.05789370429211704
2022-08-06 10:34:35.880;4.036728290792508;-187.7203988505862;-0.21596520084147278;-0.0023116286510003192;0.017856332518501716;0.11588060038153714;-0.03330747501527043;-0.016504281528362696;0.09739220067258714;-0.0956000100366019;-0.08566282586679108;0.058742714071509994
2022-08-06 10:34:35.900;4.0725269252640555;-187.10805403162522;-0.2152607213463253;0.008409141531217301;0.033649495552392494;0.1448362387709965;-0.02879025852231365;-0.011772528273716887;0.0985349895574732;-0.09108037490193155;-0.08098167053839234;0.05959192581642725
2022-08-06 10:34:35.920;4.108428169625082;-186.4970382491083;-0.21455777085721192;0.018097082951499033;0.04580600901217835;0.15883940258261564;-0.02427272478271192;-0.007096632096555311;0.09935434079655447;-0.08656042235071126;-0.07630015729648676;0.060441339587605114
2022-08-06 10:34:35.940;4.144287651068163;-185.8866835889712;-0.21385558096432794;0.02391366246411053;0.05392242895109334;0.17194857086190574;-0.023623400372080994;-0.006468351145791473;0.09921991768992289;-0.085910750273964;-0.07545321116543846;0.06156318040769282
2022-08-06 10:34:35.960;4.18003026390105;-185.27631868524622;-0.21315337928658448;0.029730271714981882;0.06204356371975095;0.18508449408860095;-0.022974069406721753;-0.005840064097263564;0.09908549245808196;-0.08526107163890728;-0.07460625433003543;0.06268504240049211
2022-08-06 10:34:35.980;4.215630866268848;-184.66818563696143;-0.21245374527389682;0.041864728087887215;0.07696664097303696;0.2008779744239586;-0.016012547364447016;0.00159191936845815;0.10165157028762817;-0.07829582220670872;-0.0672133296131392;0.06502037451511278
2022-08-06 10:34:36.000;4.251100165541104;-184.0645492782569;-0.21175928453206447;0.04469964010507965;0.08055949236173987;0.20517969398942437;-0.009050271920067132;0.009056170085877113;0.10439894121242688;-0.07132981896893043;-0.05981941814451375;0.06735693003266263
2022-08-06 10:34:36.020;4.286542888183919;-183.46544950885436;-0.2110700429642044;0.04753510750464329;0.08415350546820477;0.20948484158797775;-0.00208724292874507;0.01652144817237655;0.10714775588835046;-0.06436306178073536;-0.052424519638009315;0.06969470967280156
2022-08-06 10:34:36.040;4.3221174344814886;-182.86754101684346;-0.21038217191581218;0.04343815232192583;0.08014381986927432;0.21006843512269757;-0.0020505534460752983;0.016372362226071857;0.10607755440496547;-0.06432635265349163;-0.052546141255788825;0.0687846741527336
2022-08-06 10:34:36.060;4.358039784620063;-182.26746521118184;-0.20969180745524565;0.03934119609522213;0.07613411087308108;0.21065191732057809;-0.0020138639595970176;0.016223299032198213;0.10500748642621183;-0.06428964352260991;-0.05266774353509618;0.06787475156282863
2022-08-06 10:34:36.080;4.394567436021221;-181.66630969043035;-0.20900020082340917;0.03520751921280407;0.07226902538362978;0.21227894754197862;-0.0020138639595970176;0.016223299032198213;0.10500748642621183;-0.06428964352260991;-0.052793604121518456;0.06715185527186307
2022-08-06 10:34:36.100;4.43202902599009;-181.06515470872546;-0.20830859481172534;0.03520751921280407;0.07509122882171582;0.22850796533659867;-0.004080702400891312;0.014061231729307622;0.1045015761713941;-0.06428964352260991;-0.05291946459885821;0.06642896064713089
2022-08-06 10:34:36.120;4.470755495334781;-180.46399680591276;-0.20761698543941776;0.03520751921280407;0.07792038291151115;0.24477747839209307;-0.006147540842071919;0.01189916858832163;0.10399568316101249;-0.06428964352260991;-0.05304532496717229;0.06570606768862675
2022-08-06 10:34:36.140;4.511079439059883;-179.86368884500553;-0.2069263538930441;0.038314385565001885;0.08405816249725362;0.2621452373979061;-0.005110128026466043;0.01303905332716937;0.10456435997189573;-0.06118366364341554;-0.049770847728609624;0.06661977577722489
2022-08-06 10:34:36.160;4.5533232819162714;-179.26510766676074;-0.2062377089446469;0.0414214018399548;0.0902042108555996;0.2795599124807504;-0.004072609739090183;0.014179058514493192;0.10513311740930043;-0.058077533884155486;-0.04649618288743795;0.06753367998280524
2022-08-06 10:34:36.180;4.597793309420856;-178.66738518854982;-0.20555005189807823;0.04191674993387551;0.09355847437668885;0.29599185526052185;-0.005644568419789664;0.012519639479741329;0.10466179935035669;-0.05758232712656408;-0.04599433438181677;0.06756320385509262
2022-08-06 10:34:36.200;4.6447290669991865;-178.06965900313662;-0.20486239058651393;0.04241210183880639;0.09491828710806871;0.3009535290892824;-0.0051496405267457135;0.012922304568839138;0.10412054098387191;-0.05708711655892884;-0.045492481976907584;0.0675927280745876
2022-08-06 10:34:36.220;4.694309623270036;-177.47193013513606;-0.20417472618873458;0.04290745755503167;0.09627874825624971;0.30591894214878046;-0.00465470882570429;0.013324971896714999;0.1035792759393468;-0.056591902181079234;-0.04499062567253986;0.06762225264129818
2022-08-06 10:34:36.240;4.7466205829990376;-176.8733512430117;-0.2034860838704323;0.04031119049625431;0.09435463214000706;0.30983743265645014;-0.0072487535287777405;0.010443863968795597;0.10197979650092748;-0.05918742845465985;-0.047745616760437315;0.06675155949631417
2022-08-06 10:34:36.260;4.801663195886568;-176.27307739291427;-0.20279549156725185;0.037715028118441296;0.0924309778596033;0.3137580759647882;-0.009842693640585765;0.007562934962813017;0.10038071925068248;-0.06178285007711892;-0.050500470848419354;0.0658810362318123
2022-08-06 10:34:36.280;4.859340640958805;-175.6711390778728;-0.20210298436026694;0.03790664035432201;0.0933443592511729;0.31790544794110787;-0.009651245421046895;0.007516540696464347;0.09900760350524429;-0.06159129251335216;-0.050426433715642816;0.06520271711296477
2022-08-06 10:34:36.300;4.919416471409863;-175.06756783830497;-0.20140859853553217;0.03809825315073567;0.09178919690796405;0.3078550120948069;-0.009459796641600349;0.007663909018141624;0.09874992994443943;-0.06139973438922297;-0.05035238602857817;0.06452445719771482
2022-08-06 10:34:36.320;4.98156523166355;-174.46236928895087;-0.20071234055259313;0.03828986650751176;0.09023670070851253;0.2978201209471836;-0.009268347302246127;0.007811264296584852;0.09849217853502168;-0.06120817570490189;-0.050278327787680155;0.06384625648417686
2022-08-06 10:34:36.340;5.045344135193464;-173.8563590009071;-0.20001514869507134;0.03828986650751176;0.08863176023188757;0.2885897084700728;-0.009268347302246127;0.007904988524877865;0.09903172432658458;-0.06120817570490189;-0.050278327787680155;0.06384625648417686
2022-08-06 10:34:36.360;5.110242222733326;-173.25035038416536;-0.19931795876031916;0.03828986650751176;0.08702903589297861;0.2793722106124825;-0.009268347302246127;0.007998712616405612;0.09957126990875143;-0.06120817570490189;-0.050278327787680155;0.06384625648417686
2022-08-06 10:34:36.380;5.175619301650732;-172.6427596119538;-0.19861894861569157;0.025617754109134694;0.06791033205390917;0.2425530504467588;-0.009537395998528098;0.007511842317548201;0.0983228270397225;-0.06354540228135974;-0.05288234020952132;0.06235462398225167
2022-08-06 10:34:36.400;5.240817049208615;-172.03203281528113;-0.19791633059383415;0.012945893325650104;0.04882831408385968;0.20594288473320255;-0.009806393264419455;0.007025064189896568;0.09707461843115794;-0.06588254402697302;-0.05548619231200291;0.060863403937049476
2022-08-06 10:34:36.420;5.305134045364568;-171.4181790803632;-0.19721011514809372;0.0002742841427902931;0.029782801416072147;0.16954065700394771;-0.010075339103671865;0.0065383782223094045;0.09582664404091545;-0.06821960094731239;-0.05808988412087501;0.059372596239837705
2022-08-06 10:34:36.440;5.367818288893887;-170.80277328633383;-0.196502114117197;-0.00936339262977981;0.014119704243821474;0.13508202803456548;-0.007312630410716281;0.009407104210119144;0.09638050467233406;-0.06752332508073877;-0.05738429601660755;0.059413977229684
2022-08-06 10:34:36.460;5.428126049082822;-170.18738219419174;-0.19579413000026413;-0.01900111154992601;-0.0015113875973931101;0.1008077475279352;-0.004549904253188686;0.012275854056362334;0.09693439179263486;-0.06682704168173004;-0.05667870020420196;0.059455358902698485
2022-08-06 10:34:36.480;5.485341490386742;-169.5708183640454;-0.19508479669272558;-0.026864477324636482;-0.011167278866285102;0.09065422500744802;-0.010344081409435546;0.006093162835703936;0.0948162287993437;-0.07055642085486724;-0.06063685167634958;0.05820620734801274
2022-08-06 10:34:36.500;5.5387797278608435;-168.95189894072973;-0.19437275336456578;-0.03472752058223705;-0.020819868570729483;0.08051748031987938;-0.016137989404079178;-8.911120013266327e-05;0.09269883658317468;-0.07428558396759044;-0.06459472040091896;0.05695740600929078
2022-08-06 10:34:36.520;5.58782402177207;-168.33063300852518;-0.19365801046690492;-0.04259024135438949;-0.03046916124103305;0.0703974879712117;-0.021931628263949676;-0.0062709681356167835;0.09058221485512874;-0.07801453104218226;-0.06855230642179322;0.05570895477629012
2022-08-06 10:34:36.540;5.631948360759978;-167.7085431579835;-0.19294231968243877;-0.044648867821649674;-0.03396566950980073;0.06216933908661382;-0.021924787345788843;-0.006289724280257758;0.0904347156061478;-0.0759397801134547;-0.06639708803731992;0.05613509364627589
2022-08-06 10:34:36.560;5.670694983379431;-167.0871478479021;-0.19222742794043635;-0.04670748661908419;-0.03746033711255237;0.053951747846341824;-0.021917909190811713;-0.006308441294116562;0.09028722655071242;-0.07386496230219208;-0.06424179302359789;0.05656128159289686
2022-08-06 10:34:36.580;5.703758465327589;-166.46608545423805;-0.19151291920614852;-0.026054699722806163;-0.01671287652087372;0.054094980813715665;-0.019351078838859337;-0.0037325909629757348;0.09028675696041777;-0.07129666592311068;-0.061639179637325014;0.05671376091819713
2022-08-06 10:34:36.600;5.730863766373875;-165.84499396826868;-0.19079837700226654;-0.0054014896271041835;0.004035009131055034;0.05423819587910916;-0.016784146055918825;-0.0011566378669485289;0.09028628721019949;-0.06872826705437873;-0.05903646137261376;0.056866249524489376
2022-08-06 10:34:36.620;5.751892910367349;-165.22387338954286;-0.1900838013282714;0.015252143694510778;0.02478331986938187;0.05438139304432976;-0.014217110834657376;0.0014194180014683866;0.0902858173001091;-0.06615976568894766;-0.05643363822224501;0.057018747412579174
2022-08-06 10:34:36.640;5.76680394065496;-164.60361293185997;-0.18937021519092184;0.036165053459797036;0.04594622918559921;0.05541241441564626;-0.01139134155001642;0.004417328331477677;0.0912190993202433;-0.06333238248600637;-0.053432856270205775;0.05796553181793662
2022-08-06 10:34:36.660;5.775663152756277;-163.9851380419641;-0.18865868328160557;0.03279277151352744;0.045641111416696134;0.073110246688735;-0.004431717248415623;0.011870337722065472;0.09391722430071958;-0.060504875087868726;-0.05043191179106543;0.0589125175225611
2022-08-06 10:34:36.680;5.778693709543655;-163.36756073643483;-0.1879481840090682;0.026746958581895797;0.04247845084259083;0.08980346090196889;-0.00014332440425590676;0.0164512304402038;0.09551341590242046;-0.05690535163727972;-0.0463959210570124;0.061356752340584464
2022-08-06 10:34:36.700;5.7761583740443;-162.7499863711928;-0.18723768811921981;0.020701139397431234;0.03932318701967219;0.10654048946105465;0.004145073228336571;0.02103220271673223;0.09710999559470324;-0.05330582413403917;-0.042359770408779696;0.06380183340265777
2022-08-06 10:34:36.720;5.768398756904372;-162.13241493840906;-0.1865271956030535;0.014655313960361127;0.03617533610318091;0.12332143231089798;0.008433475649304967;0.025613254568249033;0.09870696346132224;-0.0497062925783176;-0.038323459801176796;0.06624776095040019
2022-08-06 10:34:36.740;5.755818415300096;-161.5152543619115;-0.18581717576146548;0.009741062267721645;0.03425358688692981;0.14062486262828244;0.013852695956906302;0.03141541874496312;0.10080053072436623;-0.04842012153016739;-0.03695827391959483;0.06667917742471907
2022-08-06 10:34:36.760;5.738865121852198;-160.8989134104704;-0.18510809886742616;0.006893668328189051;0.031761332065709524;0.1427231197620964;0.011004430206220661;0.028319460995682277;0.09943296840669547;-0.04713392478384648;-0.035593054395292256;0.06711063561827757
2022-08-06 10:34:36.780;5.71802541247158;-160.2837771704435;-0.18440040794818824;0.005750562063951747;0.031065130579545297;0.1453154600380948;0.00985929703583821;0.027021502088508953;0.09857665802305071;-0.04414359819673663;-0.032442778866141;0.06797719549406711
2022-08-06 10:34:36.800;5.693800350390104;-159.67023195033107;-0.18369454743703317;0.0046075093881086104;0.03036918438490588;0.14790899292221038;0.008714217359830911;0.025723620020166038;0.09772047561020081;-0.04115313269158705;-0.029292330264411248;0.06884393271112721
2022-08-06 10:34:36.820;5.666690032751134;-159.05828189248132;-0.1829905220995755;0.003464510306343982;0.029673493580812504;0.1505037189811027;0.007569191183598889;0.02442581479292727;0.0968644211499683;-0.038162528256972195;-0.02614170857003728;0.06971084731155308
2022-08-06 10:34:36.840;5.637197529859293;-158.44712601036736;-0.18228741043118807;0.0028135024037965195;0.02934149544440956;0.15235099314923772;0.0069158226706704795;0.023486938829002213;0.09523428126793565;-0.03984732232771293;-0.028432315336999636;0.06626092331904587
2022-08-06 10:34:36.860;5.6058213542820985;-157.83594847557106;-0.18158427385221065;0.02438284238257893;0.05329258624126609;0.16561977423147667;0.010396544723427326;0.027115990101471255;0.09601700615796993;-0.041532052213764103;-0.030722576701066373;0.06281259683739826
2022-08-06 10:34:36.880;5.572938053554444;-157.2249299896721;-0.18088132025295875;0.04307610358171132;0.07436200054550213;0.1789118442986437;0.01100306159870712;0.027859904852938655;0.09679551903721073;-0.04092518893065389;-0.030078457497040745;0.0630160051050126
2022-08-06 10:34:36.900;5.538950731824122;-156.6142860042819;-0.18017879750234175;0.06176944628026604;0.09543654653404232;0.19223158579920518;0.011609584191752731;0.028603835254706667;0.09757408691802727;-0.04031831992648094;-0.029434330804633646;0.06321942265317038
2022-08-06 10:34:36.920;5.504209594689993;-156.00400950763287;-0.17947669753358694;0.0804628704793231;0.11651623362282848;0.2055790497485539;0.012216112502564158;0.029347781307684784;0.09835270980424671;-0.0397114452013021;-0.028790196623788233;0.06342284948233257
2022-08-06 10:34:36.940;5.468953237363373;-155.39233714082366;-0.17877299166914185;0.08022490528333037;0.116798445080601;0.20857451613169609;0.00991521853664068;0.026795980086184557;0.09695542916409394;-0.0440818164777248;-0.03345560259560898;0.06180444930438789
2022-08-06 10:34:36.960;5.433402918409991;-154.77751348703896;-0.17806566036852287;0.07998711214389687;0.1170810335252348;0.21157118008758413;0.007614558715012265;0.024244485027317353;0.09555853997615049;-0.048451891077657905;-0.03812060452264632;0.06018661698846284
2022-08-06 10:34:36.980;5.397688150785844;-154.161115582996;-0.1773565179526746;0.08412101503785152;0.12207409503937683;0.2164283228842887;0.00968151016193275;0.026406536249773183;0.09606373927008693;-0.04500697199943815;-0.03433852391384562;0.06206309842308677
2022-08-06 10:34:37.000;5.361856946970645;-153.54471238690167;-0.1766473694485219;0.08825491793174933;0.12706780649542893;0.22128911082294866;0.011748461608853233;0.02856859162827874;0.09656895578156721;-0.04156205292110471;-0.030556336773315707;0.06394015406165643
2022-08-06 10:34:37.020;5.325889007248509;-152.92830389810115;-0.17593821485531147;0.0923888208255903;0.13206216832000095;0.2261535463068416;0.013815413055830561;0.030730651162208744;0.09707418950639024;-0.0381171338429418;-0.026774043072464337;0.06581778405462213
2022-08-06 10:34:37.040;5.289690560478842;-152.31142982214078;-0.17522852462172786;0.08435786677955548;0.12183634676247479;0.21369490519044376;0.014050112247936397;0.03074927831907104;0.09582562951571294;-0.03581415223805706;-0.024510271131816808;0.06555251659507988
2022-08-06 10:34:37.060;5.253121265468697;-151.69363055824215;-0.17451776999450283;0.07632683083744496;0.1116146841461294;0.2012602663054226;0.014284860922749942;0.030767990222138053;0.09457727662349846;-0.03351108823897775;-0.02224641990994769;0.06528723418198723
2022-08-06 10:34:37.080;5.215973773206899;-151.07537509613758;-0.17380649052854014;0.06630158089848237;0.0994525381547895;0.189173828206064;0.012527276537163345;0.02884524259079768;0.09366245507616533;-0.033201504978020324;-0.02193269209567461;0.06530564843677222
2022-08-06 10:34:37.100;5.178028466786409;-150.45713173025433;-0.1730952249788214;0.05627631036020375;0.08729439852399068;0.1771099979923676;0.010769689221810097;0.026922515865955177;0.09274776135494722;-0.03289192022822007;-0.02161896275771369;0.0653240628266527
2022-08-06 10:34:37.120;5.139041960487248;-149.8389004566343;-0.17238397334079295;0.04625101922238173;0.0751402586743346;0.16506873853218362;0.00901209897674704;0.024999810044938897;0.0918331954438587;-0.03258233398946331;-0.02130523189617861;0.06534247735166954
2022-08-06 10:34:37.140;5.098753429250868;-149.22219222733838;-0.1716744739075082;0.04691120013825412;0.07262859407020628;0.14681911123109703;0.015869422381776133;0.0323969607589234;0.09480053861302551;-0.027789128779371453;-0.016217579649719482;0.0669500352926411
2022-08-06 10:34:37.160;5.0569053428634945;-148.6085476123044;-0.17096849904626477;0.047571601224035476;0.07012577837857847;0.12861983327625115;0.02272717087490861;0.03979482402193213;0.09776940469600248;-0.022995566668438272;-0.011129460164397642;0.06855817261913799
2022-08-06 10:34:37.180;5.013297861098404;-147.99446301376884;-0.17026201800068622;0.03956881802889711;0.058243889157747475;0.10647549610821105;0.02092849108706929;0.037782020636576874;0.09657364173717475;-0.026863568833444873;-0.015346717320767311;0.06661980055356054
2022-08-06 10:34:37.200;4.967760006422426;-147.3764472416733;-0.16955101428899025;0.031566377611284224;0.04637604996659306;0.08440970718824481;0.019129988317992286;0.03576943989967418;0.0953781257991686;-0.03073133864949895;-0.01956360455773165;0.06468217021753553
2022-08-06 10:34:37.220;4.920189091384227;-146.75452529203176;-0.1688355166681432;0.023564279936465482;0.03452221752732143;0.06242221414674809;0.017331662547725557;0.033757081780471765;0.09418285682473382;-0.03459887614144108;-0.023780121955212508;0.06274528132229218
2022-08-06 10:34:37.240;4.870581907127284;-146.13064813495293;-0.16811776965527767;0.04010009233297751;0.050008620047915286;0.05606806759661431;0.017331662547725557;0.03368214558006599;0.09375151252525349;-0.03459887614144108;-0.023780121955212508;0.06274528132229218
2022-08-06 10:34:37.260;4.818975759765859;-145.5067543612604;-0.16740000352562812;0.05663590472948954;0.06549597132592666;0.0497201800856395;0.017331662547725557;0.033607209291950824;0.09332016809135801;-0.03459887614144108;-0.023780121955212508;0.06274528132229218
2022-08-06 10:34:37.280;4.765524257879565;-144.88284397037205;-0.1666822182785249;0.07317171712600157;0.08098427068065561;0.043378546407011775;0.017331662547725557;0.03353227291629679;0.09288882352305095;-0.03459887614144108;-0.023780121955212508;0.06274528132229218
2022-08-06 10:34:37.300;4.710475834085457;-144.25891696170584;-0.16596441391329836;0.08970752952245675;0.0964735174314022;0.03704316135742669;0.017331662547725557;0.033457336452990205;0.09245747882021238;-0.03459887614144108;-0.023780121955212508;0.06274528132229218
2022-08-06 10:34:37.320;4.65417050657763;-143.63497333469422;-0.16524659042929557;0.10624334191891194;0.11196371089803492;0.030714019737273723;0.017331662547725557;0.033382399901974225;0.09202613398285475;-0.03459887614144108;-0.023780121955212508;0.06274528132229218
2022-08-06 10:34:37.340;4.597023833573974;-143.01101704382017;-0.16452875237599926;0.11399450397982491;0.12008159197560175;0.03267162181762551;0.017331662547725557;0.033444847033912595;0.09238558802331642;-0.03459887614144108;-0.023780121955212508;0.06274528132229218
2022-08-06 10:34:37.360;4.539545885299672;-142.38705204387225;-0.16381090430324366;0.12174566604073789;0.12819959734994413;0.0346298411022552;0.017331662547725557;0.03350729410491482;0.09274504197037814;-0.03459887614144108;-0.023780121955212508;0.06274528132229218
2022-08-06 10:34:37.380;4.482263096669163;-141.76307089646434;-0.16309303765344765;0.12949682810159402;0.13631772705823764;0.036588677764301636;0.017331662547725557;0.03356974111503774;0.09310449582401326;-0.03459887614144108;-0.023780121955212508;0.06274528132229218
2022-08-06 10:34:37.400;4.42575156030458;-141.13908847831044;-0.16237516954170655;0.1372479901623933;0.14443598113811262;0.03854813197709195;0.017331662547725557;0.033632188064451896;0.09346394958429194;-0.03459887614144108;-0.023780121955212508;0.06274528132229218
2022-08-06 10:34:37.420;4.370590148333604;-140.51510957143182;-0.16165730546955454;0.12071217776588128;0.1297716781685061;0.049623371314177156;0.017331662547725557;0.033607209291950824;0.09332016809135801;-0.03459887614144108;-0.023780121955212508;0.06274528132229218
2022-08-06 10:34:37.440;4.317360594746738;-139.89114639478066;-0.16093945949443275;0.1041763653694261;0.11511046380925549;0.060717869585420026;0.017331662547725557;0.033582230509843214;0.09317638658352934;-0.03459887614144108;-0.023780121955212508;0.06274528132229218
2022-08-06 10:34:37.460;4.266596055397696;-139.26719894544658;-0.16022163161299288;0.08764055297291407;0.10045234227251498;0.07183165552449733;0.017331662547725557;0.03355725171790169;0.09303260506074995;-0.03459887614144108;-0.023780121955212508;0.06274528132229218
2022-08-06 10:34:37.480;4.218763448931968;-138.6432672204901;-0.15950382182185321;0.07110474057640204;0.0857973177752136;0.08296475790147095;0.017331662547725557;0.03353227291629679;0.09288882352305095;-0.03459887614144108;-0.023780121955212508;0.06274528132229218
2022-08-06 10:34:37.500;4.174257914191298;-138.01935121698625;-0.1587860301176487;0.05456892817994685;0.07114539453865731;0.09411720552292291;0.017331662547725557;0.03350729410491482;0.09274504197037814;-0.03459887614144108;-0.023780121955212508;0.06274528132229218
2022-08-06 10:34:37.520;4.133404736381043;-137.3954430712256;-0.15806824745347975;0.05250195163034732;0.0711496003885621;0.10606435823991855;0.017331662547725557;0.03355725171790169;0.09303260506074995;-0.03459887614144108;-0.023780121955212508;0.06274528132229218
2022-08-06 10:34:37.540;4.096406659156949;-136.77153491890203;-0.15735046478176043;0.05043497508074779;0.07115762067749287;0.11803389450976365;0.017331662547725557;0.033607209291950824;0.09332016809135801;-0.03459887614144108;-0.023780121955212508;0.06274528132229218
2022-08-06 10:34:37.560;4.063388403287856;-136.14762675592647;-0.15663268209778639;0.0483679985312051;0.0711694613977123;0.13002585084356522;0.017331662547725557;0.033657166827119056;0.09360773106223075;-0.03459887614144108;-0.023780121955212508;0.06274528132229218
2022-08-06 10:34:37.580;4.034385136610163;-135.52371857819526;-0.15591489939683653;0.04630102198160557;0.0711851285489864;0.14204026380425105;0.017331662547725557;0.03370712432323586;0.09389529397335306;-0.031153915225498707;-0.020123647260902544;0.06390006479096577
2022-08-06 10:34:37.600;4.009350197340878;-134.89981038160477;-0.15519711667418978;0.04423404543211973;0.07120462813909612;0.15407717000692323;0.017331662547725557;0.033757081780471765;0.09418285682473382;-0.027708954309556333;-0.01646712692439678;0.06505508556659123
2022-08-06 10:34:37.620;3.9881667177677342;-134.27590651773062;-0.15447933893616891;0.033899162684292605;0.06310861552330138;0.16715456854394706;0.014747941860754565;0.030929645178936482;0.09283274913096484;-0.02426399339361396;-0.012810560937111859;0.06621034369218037
2022-08-06 10:34:37.640;3.9706495400337563;-133.65200390048994;-0.15376156263235255;0.023564279936465482;0.05501697824817242;0.18025839945532773;0.012164221173840417;0.02810225927832022;0.09148291280996013;-0.02426399339361396;-0.012810560937111859;0.06621034369218037
2022-08-06 10:34:37.660;3.9565814405799653;-133.02811740015022;-0.15304380487041963;0.013229397188638359;0.04692972350917657;0.19338870896581817;0.009580500486869425;0.02527492406890275;0.09013334781336013;-0.02426399339361396;-0.012810560937111859;0.06621034369218037
2022-08-06 10:34:37.680;3.945737086999883;-132.40423957471648;-0.1523260570886371;0.002894514440868079;0.03884685851133085;0.2065455433701322;0.006996779799898434;0.022447639541873343;0.0887840540929643;-0.02426399339361396;-0.012810560937111859;0.06621034369218037
2022-08-06 10:34:37.700;3.9378714678930145;-131.78036059882288;-0.15160830798329414;0.013229397188638359;0.049074194715412744;0.2057208671235209;0.006996779799898434;0.022372756092728707;0.08835300267840118;-0.02426399339361396;-0.012810560937111859;0.06621034369218037
2022-08-06 10:34:37.720;3.932709026452673;-131.15647064950463;-0.1508905462534422;0.023564279936465482;0.05930153573873653;0.20489627877485095;0.006996779799898434;0.02229787255593152;0.0879219511289957;-0.02426399339361396;-0.012810560937111859;0.06621034369218037
2022-08-06 10:34:37.740;3.93000766508473;-130.5325697269509;-0.15017277189929892;0.033899162684292605;0.06952888158238224;0.20407177832001544;0.006996779799898434;0.02222298893165231;0.08749089944475497;-0.0294314347674991;-0.018295392798506782;0.0644775455127311
2022-08-06 10:34:37.760;3.929549161014397;-129.90865783135087;-0.14945498492108197;0.04423404543211973;0.07975623224737305;0.20324736575499802;0.006996779799898434;0.022148105219663705;0.08705984762565233;-0.03459887614144108;-0.023780121955212508;0.06274528132229218
2022-08-06 10:34:37.780;3.9311410337239816;-129.28473496287916;-0.14873718531899222;0.05456892817994685;0.08998358773461845;0.20242304107568376;0.006996779799898434;0.02207322142002255;0.0866287956716123;-0.03459887614144108;-0.023780121955212508;0.06274528132229218
2022-08-06 10:34:37.800;3.934614361704572;-128.66080144169246;-0.1480193734613578;0.06697078747725982;0.09961449046133097;0.18624407413126232;0.0028628267008130592;0.01764959395340071;0.08504565513825213;-0.03459887614144108;-0.023780121955212508;0.06274528132229218
2022-08-06 10:34:37.820;3.939832384409013;-128.03685758435313;-0.14730154971237172;0.07937264677468647;0.10925204499684682;0.17010525383340713;-0.0012711263983291587;0.013226039760503738;0.08346289616980318;-0.03459887614144108;-0.023780121955212508;0.06274528132229218
2022-08-06 10:34:37.840;3.9466803610111207;-127.41290338390536;-0.14658371406403156;0.09177450607205628;0.11889623788786352;0.15400649391668964;-0.005405079497414533;0.008802558824903883;0.0818805186848719;-0.03459887614144108;-0.023780121955212508;0.06274528132229218
2022-08-06 10:34:37.860;3.9550687189238634;-126.78893883340788;-0.14586586650835168;0.1041763653694261;0.12854705570296332;0.1379477082758367;-0.009539032596613595;0.004379151130173398;0.08029852260194215;-0.03459887614144108;-0.023780121955212508;0.06274528132229218
2022-08-06 10:34:37.880;3.964885493529364;-126.16495648756245;-0.14514799847979873;0.1165782246667959;0.1382044850324995;0.12192881096553343;-0.01367298569569897;-4.418333988809309e-05;0.07871690783959906;-0.031153915225498707;-0.020123647260902544;0.06390006479096577
2022-08-06 10:34:37.900;3.9760075547732345;-125.5409831558718;-0.14443014082168906;0.10831031846851147;0.12560936447888693;0.09721948272878844;-0.007472056047014064;0.0066905919311253115;0.08166366173257078;-0.027708954309556333;-0.01646712692439678;0.06505508556659123
2022-08-06 10:34:37.920;3.9883712034842183;-124.91702332739806;-0.14371229869851843;0.10004241227028388;0.11303091486572825;0.07260577521459677;-0.0012711263983291587;0.013425616603377932;0.08461174231814805;-0.02426399339361396;-0.012810560937111859;0.06621034369218037
2022-08-06 10:34:37.940;4.001834372888959;-124.29307698457706;-0.14299447209007993;0.09177450607205628;0.10046908087289452;0.04808736460399743;0.004929803250298903;0.020160890780665852;0.08756115013160137;-0.02426399339361396;-0.012810560937111859;0.06621034369218037
2022-08-06 10:34:37.960;4.01623437617577;-123.66914410990285;-0.14227666097623362;0.08350659987377185;0.08792380733384775;0.023663928040807747;0.011130732899097495;0.026896414566444093;0.09051188570846236;-0.02426399339361396;-0.012810560937111859;0.06621034369218037
2022-08-06 10:34:37.980;4.031373146607251;-123.04522468594223;-0.14155886533692327;0.07523869367548741;0.07539503923552715;-0.000664856371139777;0.017331662547725557;0.033632188064451896;0.09346394958429194;-0.02426399339361396;-0.012810560937111859;0.06621034369218037
2022-08-06 10:34:38.000;4.047012919935699;-122.42131957429956;-0.14084108616339203;0.06232009024080298;0.061244189746926025;-0.00749866788539677;0.017331662547725557;0.03350729410491482;0.09274504197037814;-0.02426399339361396;-0.012810560937111859;0.06621034369218037
2022-08-06 10:34:38.020;4.062883020858989;-121.7974296447428;-0.14012332445627493;0.04940148680600487;0.04709473929997543;-0.01432495483691465;0.017331662547725557;0.033382399901974225;0.09202613398285475;-0.02426399339361396;-0.012810560937111859;0.06621034369218037
2022-08-06 10:34:38.040;4.078677781003492;-121.17355489615147;-0.13940558021428293;0.036482883371206754;0.03294668650110211;-0.021143724545570564;0.017331662547725557;0.0332575054557438;0.09130722562161697;-0.0294314347674991;-0.018484078813060023;0.06339394149677702
2022-08-06 10:34:38.060;4.094066859771868;-120.54969532739051;-0.13868785343611018;0.023564279936465482;0.01880002995838126;-0.027954984324793486;0.017331662547725557;0.03313261076582563;0.09058831688644986;-0.03459887614144108;-0.024157356939952024;0.06057883148175769
2022-08-06 10:34:38.080;4.108718069547358;-119.92584506293497;-0.137970137362188;0.019430326837380107;0.0156040257482708;-0.02248457431280393;0.017331662547725557;0.033157589723238345;0.09073209866339571;-0.03459887614144108;-0.024157356939952024;0.06057883148175769
2022-08-06 10:34:38.100;4.122258947090675;-119.30199822739087;-0.1372524252330984;0.01529637373823789;0.012408815645951421;-0.017009384011029915;0.017331662547725557;0.03318256867104452;0.09087588042538997;-0.03459887614144108;-0.024157356939952024;0.06057883148175769
2022-08-06 10:34:38.120;4.134351648865574;-118.6781548199433;-0.13653471704790393;0.011162420639095672;0.009214400218208851;-0.011529409804332147;0.017331662547725557;0.0332075476089031;0.09101966217242019;-0.03459887614144108;-0.024157356939952024;0.06057883148175769
2022-08-06 10:34:38.140;4.1446492542560955;-118.05430740299198;-0.13581700424992738;0.0070284675399534535;0.006020780032283568;-0.00604464807511107;0.017331662547725557;0.03323252653715514;0.09116344390449882;-0.03459887614144108;-0.024157356939952024;0.06057883148175769
2022-08-06 10:34:38.160;4.152856507419556;-117.43047084922;-0.13509930394962677;0.002894514440868079;0.002827955655416048;-0.0005550952034081291;0.017331662547725557;0.0332575054557438;0.09130722562161697;-0.03459887614144108;-0.024157356939952024;0.06057883148175769
2022-08-06 10:34:38.180;4.158741601455248;-116.80663750139502;-0.1343816073376466;-0.0012394386583309824;4.532269488422003e-05;0.007292762475314518;0.015264685998126026;0.031045573243524416;0.09051503269289629;-0.03459887614144108;-0.024157356939952024;0.06057883148175769
2022-08-06 10:34:38.200;4.162095902762994;-116.18280713856075;-0.13366391415978507;-0.005373391757359514;-0.00273566533039471;0.015150423254007173;0.013197709448583339;0.028833659364444486;0.08972293522860664;-0.03459887614144108;-0.024157356939952024;0.06057883148175769
2022-08-06 10:34:38.220;4.162780716499858;-115.55897975897096;-0.1329462244140332;-0.009507344856558575;-0.0055150067241562795;0.023017897755625683;0.011130732899097495;0.026621763816173427;0.08893093321848689;-0.03459887614144108;-0.024157356939952024;0.06057883148175769
2022-08-06 10:34:38.240;4.160842613783317;-114.93510023890849;-0.13222847468264456;0.015388531354005863;0.02116856797735167;0.032814008059188104;0.038075773025333604;0.053876266377564264;0.09016231591480217;-0.005569461079058868;0.0052602383507860395;0.062303223461218415
2022-08-06 10:34:38.260;4.156146972008568;-114.3111134254359;-0.131510601514256;0.040296675286015216;0.04786760551413849;0.042626754697689506;0.06503348717783553;0.08114369005765099;0.09139463584340479;0.0234730501993603;0.03469123530135221;0.06402880182959247
2022-08-06 10:34:38.280;4.1486552620496875;-113.69138154963002;-0.13079762349031301;0.059139494173564344;0.07265394235244216;0.07642594008445425;0.07353057084404924;0.09023069597467526;0.0946162265981183;0.03714714795092178;0.049205380233388496;0.068614157743073
2022-08-06 10:34:38.300;4.138561088271805;-113.08032879851089;-0.13009463047022457;0.07798570537897831;0.09747684566442771;0.1104136326307561;0.08203006921841194;0.09932059111824998;0.09784033041243134;0.050824150096165255;0.0637233277727205;0.07320422915015357
2022-08-06 10:34:38.320;4.126014899798836;-112.47808174178499;-0.1294017680676387;0.09683531015463132;0.12233648572620481;0.14459080439609284;0.09053198324156853;0.10841337689735298;0.10106694970860985;0.06450405773194134;0.07824508008496878;0.07779902149679518
2022-08-06 10:34:38.340;4.11119338509603;-111.88133257182926;-0.12871523077531147;0.10620041090095356;0.13703037962150333;0.1750379391465735;0.08955552254960963;0.10729235358420652;0.10025498302046554;0.06869965001249412;0.08265423215203782;0.07895191724800465
2022-08-06 10:34:38.360;4.09430914756343;-111.28671983145614;-0.12803115136420926;0.10626108888948238;0.13788166818354952;0.1795816199679825;0.0978840311891318;0.11616125996292936;0.10319454851773546;0.07289551566282526;0.08706371945845603;0.08010513268908337
2022-08-06 10:34:38.380;4.075584748398668;-110.69317119105108;-0.12734829615977147;0.10454448869728594;0.13675025961205378;0.18297976219498047;0.10443673104899887;0.12304262755399265;0.1049518821227533;0.07531429895806596;0.08951503390369453;0.0802496895570437
2022-08-06 10:34:38.400;4.05523175398271;-110.09962455312052;-0.12666544325910464;0.10282791033364447;0.13561917520027222;0.18637970523152791;0.11098959074050896;0.12992425256991424;0.10670970067317498;0.07773317311103156;0.0919664413424357;0.08039425472822881
2022-08-06 10:34:38.420;4.033476170870724;-109.5060728415483;-0.12598258452140548;0.10111135380094538;0.1344884150854817;0.18978144992153023;0.11754261027383706;0.1368061350479266;0.10846800429390768;0.08015213812797484;0.09441794178064811;0.08053882820339542
2022-08-06 10:34:38.440;4.0104859041581316;-108.91259090815583;-0.12529980606085628;0.09718978063989425;0.13113089445820592;0.19310213293744027;0.1218920884901209;0.14146193785527572;0.1101416548963261;0.08036615555323934;0.09464514211867936;0.08061077552921692
2022-08-06 10:34:38.460;3.9864432361494946;-108.31924797234387;-0.12461718751175287;0.10360719381793615;0.13884918897050724;0.2004530042057846;0.12417377517787287;0.14395468820951152;0.11130945132193659;0.08058017368967185;0.09487234338837425;0.08068272401203913
2022-08-06 10:34:38.480;3.9614683065125873;-107.7259672831351;-0.12393464057500615;0.11015174913467263;0.14668630814022876;0.20775330500074407;0.12658251716883484;0.14656445863452205;0.1124168852901759;0.08092131936041724;0.09521807780612335;0.08070311442905176
2022-08-06 10:34:38.500;3.9356621854485043;-107.13267772153631;-0.12325208343091114;0.11669632086312731;0.15452491905349675;0.21506186313874487;0.12899126583406684;0.14917427039760156;0.1135245026016456;0.08126246683838545;0.09556381407344361;0.08072350501122827
2022-08-06 10:34:38.520;3.9091004406176415;-106.5393792860923;-0.12256951607779368;0.12324090900352758;0.16236502317351764;0.22237868683566386;0.1314000211737394;0.151784123504207;0.11463230328353013;0.08160361612369016;0.09590955219084663;0.08074389575859442
2022-08-06 10:34:38.540;3.8818390877542472;-105.94695842995861;-0.12188795834639646;0.13212924819600858;0.17273469688981535;0.23071656241466698;0.13615092936553452;0.15692465884868767;0.11677690254044926;0.08428825104647686;0.09875957282139325;0.08164650051852718
2022-08-06 10:34:38.560;3.85390250620316;-105.35631076532445;-0.12120844060458304;0.13222947741627422;0.17036723244367735;0.21652879668183989;0.13883414375775516;0.15973903652255927;0.11747662631556377;0.08697299788321189;0.10160974005651724;0.08254928737696954
2022-08-06 10:34:38.580;3.8253477525169184;-104.7671772870599;-0.1205306648767725;0.1339784169504128;0.169634938490983;0.20223075252508682;0.14316502829641564;0.16418181036298307;0.11803166179578461;0.09130635588786973;0.1060921202486611;0.08332913774832118
2022-08-06 10:34:38.600;3.7962048811039333;-104.17929117420135;-0.11985432419556362;0.1357275708194834;0.16890814686538747;0.18796367914194523;0.14749620427588894;0.16862489515771273;0.11858678759419661;0.09564000549994844;0.11057482690210918;0.08410916100233656
2022-08-06 10:34:38.620;3.7665351942886858;-103.59265512032289;-0.11917942165981123;0.13747693905060032;0.1681868481869877;0.1737275193219654;0.1518276717313043;0.17306829094631127;0.1191420037305182;0.0999739467543499;0.11505786006216567;0.08488935718789214
2022-08-06 10:34:38.640;3.7363880751566123;-103.00663779087336;-0.11850523094305335;0.13798884888751672;0.16688526603300247;0.16329369700360896;0.15233925287069638;0.1735879454157967;0.1191779675563458;0.10565567100218587;0.12106523913837464;0.08665954510063578
2022-08-06 10:34:38.660;3.7058726040376424;-102.42062745613657;-0.11783104827344726;0.1385007627933419;0.16558657455837178;0.15287671919213164;0.1528508380764393;0.1741076040638987;0.11921393182020168;0.11133741757982207;0.1270727488009129;0.08843029089235355
2022-08-06 10:34:38.680;3.675156785661347;-101.83722497033159;-0.11715986583515205;0.14628336173433354;0.17209505361986643;0.1454000170521974;0.16062843980760277;0.18244757964917113;0.12229016299554285;0.11911973889801075;0.13533526216502878;0.0910507147059958
2022-08-06 10:34:38.700;3.644394526042248;-101.25906192464026;-0.11649471117403698;0.15406690111143462;0.1786057290994698;0.13793102737125462;0.16840698137114174;0.19078883754051645;0.12536819893715112;0.12690300061877124;0.14359900792248936;0.09367267108994248
2022-08-06 10:34:38.720;3.6137960476702906;-100.68618647615222;-0.11583563969300767;0.16185138112683717;0.18511860041311579;0.1304697447478249;0.17618646296890716;0.19913137817170679;0.12844804083598582;0.1346872029442956;0.15186398647313126;0.09629616105082661
2022-08-06 10:34:38.740;3.583611914703484;-100.11733017976076;-0.1151811920940661;0.16556050536030398;0.18831381303871453;0.12744339218278;0.18195871622342707;0.20505655929546407;0.1292093625786741;0.14253238049713346;0.16000736885604283;0.09787051786442014
2022-08-06 10:34:38.760;3.554105324784902;-99.5512068851458;-0.11452988871003766;0.16927036135854223;0.19150998606741254;0.1244184348141042;0.18773181258863048;0.21098264525014798;0.12997099290759362;0.15037851369988076;0.1681518410132412;0.09944554749891932
2022-08-06 10:34:38.780;3.525544289409102;-98.98645586187922;-0.11388016407216135;0.1651339162145291;0.1865256586388817;0.11962714732720059;0.18566359001662391;0.2087181605450965;0.12888432961948304;0.15037851369988076;0.16805367413400063;0.09888209559023675
2022-08-06 10:34:38.800;3.4982405386487727;-98.42170967703714;-0.11323044500070896;0.16099747107045914;0.18154197386766313;0.11483946196423744;0.18359536744461735;0.20645370849943134;0.12779784106019587;0.15037851369988076;0.1679555073209258;0.09831864469377205
2022-08-06 10:34:38.820;3.4724795263888835;-97.85696833003749;-0.11258073149501084;0.15686102592644602;0.1765589313314102;0.11005537634631146;0.18152714487255395;0.20418928910826395;0.12671152720492618;0.15037851369988076;0.16785734057424406;0.09775519480953054
2022-08-06 10:34:38.840;3.448541197848442;-97.28931959506735;-0.11192767314969586;0.16539697165734424;0.1845702557753519;0.10687323260733184;0.17352262465849577;0.19563219409580057;0.12369664279628001;0.14236885029436408;0.1593326330680611;0.09493913096643514
2022-08-06 10:34:38.860;3.4266510534522814;-96.71588044935925;-0.1112679531563893;0.17393299893501535;0.19258204569953463;0.10369350103970998;0.16551909961865618;0.18707642308655892;0.1206834813606461;0.13436018270255445;0.15080925210293117;0.09212480822882885
2022-08-06 10:34:38.880;3.406987379896203;-96.13954457538057;-0.11060490058704642;0.19106761654182947;0.209777264947288;0.10370620687091403;0.16610839236037833;0.1877252706133632;0.12101404614203393;0.13494985408602034;0.15140688189785578;0.09216017761726025
2022-08-06 10:34:38.900;3.3896708246739733;-95.56319706420618;-0.10994183462955114;0.2082023068623471;0.22697255348824896;0.10371889012262692;0.16669769049733674;0.1883741245539241;0.12134461554535392;0.13553953086813308;0.15200451721904074;0.09219554750161763
2022-08-06 10:34:38.920;3.3747883516010035;-94.98683104577503;-0.10927874738015872;0.22533706989770508;0.24416791132292914;0.10373155079702379;0.16728699402958824;0.18902298490841218;0.12167518957071444;0.13612921304906322;0.15260215806648603;0.09223091788189741
2022-08-06 10:34:38.940;3.3622910067979985;-94.40864022012829;-0.10861356075925832;0.20443367245201216;0.22457901020524318;0.111693726014928;0.1567288170739758;0.1775855004939686;0.11683248924239642;0.13073778023198557;0.1468779644052347;0.09041514223277769
2022-08-06 10:34:38.960;3.352155089025156;-93.82682982520055;-0.10794420996114801;0.18353130329438727;0.20499244835465547;0.11966468877851;0.1461712833737252;0.1661493815766235;0.11199362497592524;0.12534679864456066;0.1411543620592397;0.08860010181931255
2022-08-06 10:34:38.980;3.3442646196752115;-93.24266699213331;-0.10727215277215862;0.16863833227455416;0.19171058753610382;0.12921578633476205;0.1416180477739104;0.16102381817322708;0.10879376163709598;0.12596410240741207;0.14170054336346993;0.08818106456090291
2022-08-06 10:34:39.000;3.3384191900262064;-92.65740836856276;-0.10659883491774569;0.15374530110318574;0.1784308632573719;0.13878067277532402;0.13706479606097588;0.15589851910900876;0.10559543208143563;0.126581412082718;0.14224673292005718;0.08776204276417321
2022-08-06 10:34:39.020;3.3343750013266393;-92.07105487523222;-0.10592425745718947;0.14195429556593808;0.16749722659275434;0.14394072753137532;0.1438858427856431;0.1631227419589223;0.10777569742127735;0.12719872767042162;0.14279293072883092;0.08734303642968033
2022-08-06 10:34:39.040;3.3318390404913094;-91.48415966647008;-0.10524905677357012;0.12954595241922107;0.15602714420961306;0.14957839349995883;0.15009001435905844;0.1698134417453403;0.11044807972190807;0.12719872767042162;0.14279293072883092;0.08734303642968033
2022-08-06 10:34:39.060;3.3305062179962843;-90.89727603011852;-0.10457386940357033;0.11713760927250405;0.1445578142316002;0.15522093031063378;0.1562941859323601;0.17650434971117335;0.11312155953113567;0.12719872767042162;0.14279293072883092;0.08734303642968033
2022-08-06 10:34:39.080;3.3300488344343275;-90.30965064747579;-0.1038978286825883;0.10302558431294528;0.1312362112007257;0.16004355469860432;0.16079551451989715;0.18133807602865915;0.11494183399065605;0.12549481487628;0.14095701453686615;0.08661509405846068
2022-08-06 10:34:39.100;3.3301392663173806;-89.7205321559959;-0.10322007019650525;0.08891375029787696;0.11791527717698713;0.16486943951618205;0.16529681520822948;0.18617186865945;0.11676260108839376;0.12379094715175043;0.1391211639120229;0.08588726105508826
2022-08-06 10:34:39.120;3.3304997440594235;-89.12991172500915;-0.10254058378597053;0.09961835587557744;0.12963015592722726;0.17046513234237892;0.16359402583393745;0.18423919554224;0.11547485891807252;0.122087124494616;0.13728537884895786;0.0851595374021592
2022-08-06 10:34:39.140;3.330809306323026;-88.53851487208885;-0.10186020413144185;0.11542396089322438;0.1466486026588676;0.17712371872234822;0.1669897610803801;0.1876131482781389;0.11527996430488763;0.12548492033352332;0.1407289253989461;0.08536281294441306
2022-08-06 10:34:39.160;3.330801406932165;-87.94709904996125;-0.10117980265355946;0.13123003607358896;0.16366885040227075;0.18378930764614854;0.1703856754826134;0.19098727718066044;0.11508505346810072;0.12888289543701958;0.1441726554322713;0.08556610488927596
2022-08-06 10:34:39.180;3.330274576386241;-87.35597216465248;-0.10049973358653114;0.14457265215912685;0.1782404451353976;0.1905883535362234;0.17131931644056664;0.1919130385706822;0.11502059313458446;0.12981710294491577;0.1451644631678164;0.08588041413766945
2022-08-06 10:34:39.200;3.3290780158312323;-86.7654495125098;-0.09982035966684892;0.1579153617780662;0.19281349155843586;0.19739466995609334;0.17225297093970227;0.19283880845834034;0.11495610392970956;0.13075132400223666;0.14615628865607277;0.08619474544617933
2022-08-06 10:34:39.220;3.327114023947186;-86.1755305886254;-0.0991416803136355;0.17436029873755388;0.20972543924747455;0.19975139411182674;0.17060152747624358;0.19107282624302258;0.11433095372913638;0.13168555860926645;0.14714813189772258;0.08650909881654201
2022-08-06 10:34:39.240;3.324333996768269;-85.58574187447812;-0.0984631507617873;0.19003385598102795;0.22577619862678588;0.201607083804479;0.16817917927640025;0.1884435019680737;0.11318975937629716;0.14218887541460745;0.15812090985753002;0.08902023482622834
2022-08-06 10:34:39.260;3.320739806289929;-84.99561077511316;-0.09778422730872885;0.20570743106611644;0.2418271052502199;0.20346332300907832;0.16575682858272245;0.18581421233952966;0.11204876226095095;0.15269220425136965;0.1690938785804974;0.09153222704961106
2022-08-06 10:34:39.280;3.316374965408313;-84.40530045117339;-0.09710509766459294;0.221218117520948;0.2577396151937954;0.20546336117951114;0.16317171417362175;0.18304720428964316;0.11105517760436712;0.15269220425136965;0.1690938785804974;0.09153222704961106
2022-08-06 10:34:39.300;3.311281564978475;-83.8149915460599;-0.09642596965276289;0.2046733853023852;0.23903007030960666;0.19335226854646237;0.16317171417362175;0.1829719223398243;0.11062204675382503;0.15269220425136965;0.1690938785804974;0.09153222704961106
2022-08-06 10:34:39.320;3.305605527928712;-83.22470162020909;-0.09574686347585487;0.18812865308393611;0.2203246734511275;0.18126392397374236;0.16317171417362175;0.1828966403020118;0.11018891577026135;0.15269220425136965;0.1690938785804974;0.09153222704961106
2022-08-06 10:34:39.340;3.299468010154226;-82.63640574608144;-0.09507005137984333;0.1784658496605971;0.20893542890493322;0.17153366660260438;0.17004868420557528;0.19014228184702375;0.1121692348779062;0.15957408394990935;0.1763556799272692;0.09359245974351538
2022-08-06 10:34:39.360;3.2929798255000318;-82.05209239913529;-0.0943978210303435;0.16880299593589143;0.19754867999901293;0.16181758176526984;0.17692638899499258;0.19738881513095663;0.11415035585948896;0.16645669893052073;0.18361840639363436;0.0956536797517229
2022-08-06 10:34:39.380;3.286228250530506;-81.46977492506994;-0.09372788685691294;0.15480277456845215;0.1814371308315934;0.1499600140047237;0.17947014178518117;0.19989733706646717;0.11389556560380676;0.1621082414906745;0.17887855409219355;0.09348337589461941
2022-08-06 10:34:39.400;3.2793132226394826;-80.88746834970516;-0.09305796522202411;0.1532117195019964;0.1768019396027647;0.13249607280132292;0.17787754300818648;0.1980537344079849;0.11248411268659009;0.15775976357571508;0.17413883407749609;0.0913138934358999
2022-08-06 10:34:39.420;3.2723006431330104;-80.30515998343617;-0.09238804152676793;0.1516206923838581;0.17217494775300324;0.11507950677980894;0.17628497211857308;0.19621021329235333;0.11107295633081637;0.15341126518541515;0.16939924629821235;0.08914523210693304
2022-08-06 10:34:39.440;3.2652135097485946;-79.72490075609676;-0.09172047528815036;0.15356173606312495;0.17146926112146943;0.09983108500712667;0.1782223297905503;0.1982950496618301;0.11188176388773474;0.1594892742969627;0.17585231110859922;0.09119163214421278
2022-08-06 10:34:39.460;3.2580600457172535;-79.14875622944237;-0.09105764285664851;0.15550317974691552;0.17076994891837316;0.08461765429870027;0.18016008711934006;0.20038033415156775;0.11269083255998957;0.16556785692540998;0.18230612751005992;0.09323896670772491
2022-08-06 10:34:39.480;3.2508133074457453;-78.57487287036929;-0.09039741181270937;0.15221417759426004;0.16447207850054824;0.06739136526909029;0.17687057084859958;0.19684514773505413;0.11134480549407666;0.16641560738640138;0.1831927396121955;0.09344718102814564
2022-08-06 10:34:39.500;3.2434463462222505;-78.00137748082489;-0.08973762711300182;0.158232706085073;0.16865433222190163;0.056722613653534815;0.1751322988128905;0.1950645168275642;0.11113669275928917;0.1672633690040506;0.18407936499443167;0.09365540620953983
2022-08-06 10:34:39.520;3.2358867448054527;-77.4282651566391;-0.08907828311546417;0.1642512759747774;0.17283960747036176;0.04607165420190107;0.17339402280479277;0.19328387283244552;0.11092852525111052;0.16811114177875552;0.18496600365750737;0.09386364225259758
2022-08-06 10:34:39.540;3.228076841988298;-76.85533664296236;-0.0884191505849474;0.17296192302154623;0.17972980466523936;0.03544308809915098;0.1743459298207668;0.1942037911002572;0.11072500001788121;0.17165110552730667;0.1885537714154566;0.09407608469571027
2022-08-06 10:34:39.560;3.219933537588358;-76.28239255004883;-0.08776000013110943;0.1816728908934806;0.1866232612879024;0.024832262442768815;0.17529796809854048;0.19512383174495795;0.11052142240077956;0.17519126382490313;0.19214173832006054;0.09428854502414907
2022-08-06 10:34:39.580;3.2113688236652003;-75.7097300647074;-0.08710117365610512;0.17423783410657734;0.18072868998032376;0.03382672836129075;0.18440955769276712;0.20477771630235253;0.1134547605367775;0.1760298593007441;0.19303212229266364;0.09457109942665198
2022-08-06 10:34:39.600;3.2023575096353145;-75.13764665596682;-0.08644301338677246;0.16680274036974652;0.17483622471828753;0.0428341306096689;0.19352120606053091;0.21443189691925824;0.11638929514698226;0.1768684656926247;0.19392252057281212;0.09485367162653091
2022-08-06 10:34:39.620;3.19287867733365;-74.56614288525452;-0.08578551996901247;0.15936760968236285;0.16894586806082756;0.051854485573088915;0.2026329132030824;0.22408637367298212;0.11932502657760313;0.177707083000886;0.19481293316101755;0.09513626162505684
2022-08-06 10:34:39.640;3.1829158278213483;-73.99541431089892;-0.08512891838526675;0.15298984228644485;0.1641625677478622;0.06114046818189056;0.21280156627947378;0.2348481594354226;0.12252863293515137;0.17960326992136189;0.19680376169617375;0.09564624719522463
2022-08-06 10:34:39.660;3.172492307127082;-73.42567745806446;-0.0844734577395267;0.1466120224650922;0.1593815233465783;0.07044029694271448;0.22297038336623842;0.2456104011672906;0.12573371093613694;0.18149951265610653;0.19879465825056286;0.09615629567979589
2022-08-06 10:34:39.680;3.161697380220045;-72.85642658040888;-0.08381855618980262;0.1590226901317351;0.17348839342255573;0.07994568606236196;0.22090193875514075;0.24344644166317408;0.1252267081190519;0.18149951265610653;0.19879465825056286;0.09615629567979589
2022-08-06 10:34:39.700;3.1505794451418057;-72.28716189669649;-0.08316363875673369;0.17143335779843483;0.18759786897728858;0.08946541277139453;0.21883349414398623;0.2412824863072629;0.12471972243811535;0.18149951265610653;0.19879465825056286;0.09615629567979589
2022-08-06 10:34:39.720;3.1392401136811685;-71.71788340472995;-0.08250870543779193;0.18384402546502088;0.20170995350084908;0.09899949611537195;0.21676504953288855;0.23911853510069392;0.12421275389759945;0.18149951265610653;0.19879465825056286;0.09615629567979589
2022-08-06 10:34:39.740;3.12779869098964;-71.14788074738317;-0.08185293899403932;0.1949779671141414;0.21441690029578453;0.10782010776954731;0.21342068050737595;0.23554163095580094;0.12294368232667541;0.18022277752953997;0.19740083512942874;0.09550665590790519
2022-08-06 10:34:39.760;3.1163834274020132;-70.57644529431855;-0.08119552417314249;0.20611182475187206;0.2271259569680204;0.11665280417673252;0.21007635498106225;0.23196481531491742;0.12167484266460882;0.17894606770005694;0.19600705262769225;0.09485709874933601
2022-08-06 10:34:39.780;3.1051226728511265;-70.00428855836071;-0.08053727954362683;0.21506882486215773;0.23709304956545552;0.12228077098736012;0.20662230437924478;0.22828032910886265;0.12042004547262852;0.17962931836513363;0.19669953210859603;0.09489811124951686
2022-08-06 10:34:39.800;3.094146553633057;-69.43212032618612;-0.07987902168814971;0.22402587121854367;0.24706110847673912;0.12791373855928878;0.20316824152056512;0.22459587098521894;0.1191654538041016;0.18031257627717778;0.19739201900790704;0.09493912441608998
2022-08-06 10:34:39.820;3.083570232200043;-68.85994059693621;-0.0792207506057234;0.23298296382165518;0.25703013443765244;0.13355171082428896;0.1997141664046822;0.22091144093921145;0.11791106764015602;0.18099584143647363;0.19808451332573895;0.09498013824911666
2022-08-06 10:34:39.840;3.0734922079532487;-68.28871635391988;-0.0785635787739784;0.24408072028495553;0.26932661755708054;0.14022042875195506;0.1983988794683924;0.21955896362462823;0.1177240731321989;0.18381941077757702;0.20108248948662322;0.09593166883174487
2022-08-06 10:34:39.860;3.0639956766416727;-67.71941791373683;-0.07790862250536995;0.25517876168783005;0.2816247141440975;0.14689635179917726;0.19708363561736775;0.21820653090046704;0.11753708477230429;0.1866431038735108;0.20408062786037817;0.09688340122625849
2022-08-06 10:34:39.880;3.055102388844859;-67.14984092467785;-0.07725334577684184;0.24368650082544718;0.271983962103743;0.15776104095867893;0.1959347656244077;0.21683617246285536;0.11628643457651933;0.18549341361068983;0.20274148091118604;0.09581622794414102
2022-08-06 10:34:39.900;3.0468595996959893;-66.57780343191553;-0.07659523833210112;0.23219434249028836;0.2623461634263684;0.1686432049696327;0.19478591611485996;0.21546587539635453;0.11503601237286976;0.18434374384588992;0.20140238935425714;0.0947492483645549
2022-08-06 10:34:39.920;3.0392911073370614;-66.00330929748452;-0.07593430461427224;0.22070228667951142;0.25271132144288444;0.1795428661528593;0.1936370870880424;0.2140956396936886;0.11378581812545807;0.1831940945784858;0.20006335318339552;0.09368246245724787
2022-08-06 10:34:39.940;3.0323758945936112;-65.42759357784962;-0.07527196550898668;0.21036000317229764;0.24444421178307252;0.19167331140192712;0.1936370870880424;0.2140956396936886;0.11378581812545807;0.1831940945784858;0.20006335318339552;0.09368246245724787
2022-08-06 10:34:39.960;3.0260994783051416;-64.85188528836443;-0.07460963495180663;0.20208617636654935;0.23769235716278203;0.20058446380666162;0.1977740004908597;0.2184233181822961;0.1147985294928997;0.1831940945784858;0.20006335318339552;0.09368246245724787
2022-08-06 10:34:39.980;3.0204345436217377;-64.2767802399976;-0.0739479984006594;0.19597425464309026;0.23323434239099683;0.21021140435228602;0.2040713844622033;0.22504480126273307;0.11653398446470398;0.1853560459354675;0.20223709376210763;0.093712309376909
2022-08-06 10:34:40.000;3.015345280530867;-63.70287623337208;-0.07328774360249407;0.18986228207177192;0.22877870640345677;0.21985290022224024;0.21036890263915353;0.23166650067904726;0.11826983969390348;0.18751806984727537;0.20441089787374267;0.09374210280897
2022-08-06 10:34:40.020;3.010801119029918;-63.13017575654521;-0.07262887341972632;0.18375025865043426;0.22432545233644063;0.2295089712010947;0.21666655502881582;0.2382884164502812;0.12000609522598094;0.18968016631777473;0.20658476551938065;0.09377184273741612
2022-08-06 10:34:40.040;3.0067771385449493;-62.5580792824403;-0.07197069811918742;0.17645459801821062;0.2185755295543821;0.2385396800010815;0.2217813886881359;0.24360959929240522;0.12108824537499707;0.19065862231110842;0.20757643495250022;0.0938305604557037
2022-08-06 10:34:40.060;3.0032608025212832;-61.9859852484733;-0.07131252562593467;0.1732959302773338;0.2144275682191754;0.2329166454832432;0.21655368042488732;0.23790983948757827;0.11847996032411334;0.19163709316615396;0.2085681195983966;0.09388927954030724
2022-08-06 10:34:40.080;3.000236152170708;-61.41477530425618;-0.07065537024441598;0.17173403810028276;0.21204392797008254;0.22822462112461128;0.21292185640525219;0.23397668425375429;0.11682097448976503;0.19421258400047137;0.21130265829981454;0.09475698113496112
2022-08-06 10:34:40.100;2.997703107236757;-60.84533461652609;-0.07000025032539844;0.17017217536619;0.20966087990197124;0.22353582391957705;0.20929002502052896;0.230043600765363;0.11516240777660602;0.19678817779470492;0.2140373319495552;0.0956248505846693
2022-08-06 10:34:40.120;2.9956746453867575;-60.27766866991442;-0.0693471721787425;0.16861034207806824;0.20727842371089977;0.21885025206727615;0.2056581862714566;0.22611058900483982;0.11350426009017323;0.19936387455607374;0.2167721405621137;0.09649288792585509
2022-08-06 10:34:40.140;2.9941607236984247;-59.711151155766856;-0.06869541526008993;0.16875053914321825;0.20652614799498892;0.21371771173629206;0.20372736942827174;0.22380444818211487;0.11138468762901521;0.20364197883236912;0.22114586345298903;0.09696675138772726
2022-08-06 10:34:40.160;2.9931939793656808;-59.1451603099631;-0.06804426425339655;0.19888607835679295;0.2329779270704897;0.19194540581841313;0.21058834408362515;0.23108462333480162;0.1136557032897203;0.20792036722099638;0.2255198871741868;0.09744069227679564
2022-08-06 10:34:40.180;2.9927575119412895;-58.57941167407989;-0.06739339190003257;0.22505469960827895;0.25537092723461896;0.16972930994593938;0.2134846155569008;0.23429345736182228;0.11539440692316649;0.20823107452162404;0.22583479508898563;0.09745936007928169
2022-08-06 10:34:40.200;2.9928686634623016;-58.013640497745655;-0.06674249361473437;0.2512233777784445;0.27777627913340197;0.14758884218738544;0.2163808940696086;0.23750237441894484;0.11713351879431233;0.20854178332081474;0.2261497045377041;0.09747802801978622
2022-08-06 10:34:40.220;2.993532216360858;-57.44784676974086;-0.06609156938459433;0.27739211286785803;0.3001939493853705;0.12552378065736836;0.21927717962191906;0.2407113745217444;0.11887303898516866;0.20885249361851166;0.22646461552051278;0.09749669609829237
2022-08-06 10:34:40.240;2.99470954376358;-56.88431330964522;-0.06544324550697826;0.27151192750460496;0.29152715187163025;0.1096313154121491;0.22994066076504538;0.25211314853394384;0.1229013258014513;0.2153832615475757;0.23339900953345705;0.09969858671037457
2022-08-06 10:34:40.260;2.9964240835502958;-56.32534134019079;-0.064800169451381;0.2656318450819981;0.2828671291029785;0.09377703186350406;0.24060498985549117;0.26351629951299316;0.12693237395246992;0.2219146914969805;0.2403342714295036;0.10190155749812302
2022-08-06 10:34:40.280;2.998648165804102;-55.76866574171436;-0.06415973528351947;0.25384102945309905;0.26786341040908823;0.07555063269907691;0.24536359002505748;0.268551422627219;0.1284252799250334;0.22943203391446687;0.2482865713755018;0.10426576820308497
2022-08-06 10:34:40.300;3.001354431669732;-55.212002992826456;-0.06351931589862231;0.2420501666057362;0.25286889913010313;0.05737657624099057;0.25012221392544376;0.27358663428001506;0.12991851357852902;0.2369494118925708;0.25623909917629817;0.10663097022858992
2022-08-06 10:34:40.320;3.004499981563378;-54.65535308515973;-0.0628789112870632;0.23025925653905688;0.23788357221488;0.039254730732255716;0.2548808615569911;0.2786219344846259;0.13141207497357676;0.24446682543163334;0.26419185490766495;0.10899716394376657
2022-08-06 10:34:40.340;3.0080243867220826;-54.09412649850856;-0.06223324137987231;0.20880600685899253;0.21742926925716333;0.04540891228165833;0.2375729088182439;0.25991768905070245;0.1237358450566397;0.2312867742609832;0.25019599041797846;0.10454702363881818
2022-08-06 10:34:40.360;3.011880026796826;-53.52380741791421;-0.061577110903171604;0.18735620435148803;0.19697898279181558;0.051567284185709994;0.2202680255782994;0.24121844059570918;0.11606983990840547;0.2181094184726966;0.23620366018718641;0.10010128479088554
2022-08-06 10:34:40.380;3.0160122136482768;-52.9493183942468;-0.06091618306508244;0.18262014266838378;0.19425380571962236;0.06321308498494638;0.21966708584572103;0.24028891513243167;0.11419200202224555;0.22164827136055365;0.23983973864051222;0.10059723419280076
2022-08-06 10:34:40.400;3.0203169836936565;-52.37552924744523;-0.06025606040878928;0.17788407335916645;0.19153228464315575;0.07488058732414338;0.21906623936784086;0.2393595653431717;0.1123146355531599;0.22518731864039765;0.24347602757592313;0.10109326090362014
2022-08-06 10:34:40.420;3.024723106816975;-51.80243398078164;-0.05959673603528414;0.17314799642645085;0.18881442537249526;0.08656982712775196;0.2184654861554023;0.23843039122025544;0.11043774039575283;0.22872656033110061;0.24711252701581543;0.10158936493938331
2022-08-06 10:34:40.440;3.029167033891554;-51.22967025638354;-0.05893779308858392;0.20219754665021128;0.2190001921264546;0.0925310845043219;0.2242425313630534;0.24458085183514555;0.11246748340407287;0.22933248531035488;0.24754226844248706;0.10056777714880027
2022-08-06 10:34:40.460;3.0335240444490523;-50.656875309832685;-0.05827881422198084;0.2312472214488821;0.24918726852009954;0.09849802401690155;0.23001960387896503;0.25073146174097616;0.1144978547689286;0.22993841598810505;0.24797201251362821;0.0995461780807867
2022-08-06 10:34:40.480;3.0376997537749513;-50.08524709799531;-0.05762117763942504;0.26319374672641516;0.2825051852360865;0.1057513088251465;0.23869118229956854;0.26002005761259994;0.11786935842093627;0.2334409491114151;0.25169107339729635;0.10072731792379308
2022-08-06 10:34:40.500;3.0415984904257733;-49.515988774342986;-0.05696626752336405;0.29514114959124527;0.3158257110834164;0.11301302918452993;0.24736307592005602;0.2693093215521358;0.12124270607427157;0.23694367263147242;0.2554103838927517;0.10190876845189223
2022-08-06 10:34:40.520;3.045064821911199;-48.949135790353466;-0.056314124659378746;0.2758886699107279;0.2977182727632588;0.11996824222513247;0.24465733805633505;0.2664193758405773;0.12023862657483164;0.2404465865668648;0.2591299440363741;0.10309052975687116
2022-08-06 10:34:40.540;3.048073731973007;-48.38608314847079;-0.055666353944884894;0.26139017222942584;0.284650313722036;0.1284711870006534;0.2467024543347307;0.2685764111580866;0.12084045172100222;0.24870410013244637;0.2678577844297365;0.10564453564029819
2022-08-06 10:34:40.560;3.05053635246084;-47.8282194209969;-0.05502455287966361;0.2468914367213415;0.27158417077762564;0.1369869310479075;0.2487482746326819;0.2707342126892982;0.12144261239050014;0.25696267200482126;0.27658697038384616;0.10820003867843209
2022-08-06 10:34:40.580;3.052373486006045;-47.27297248853574;-0.05438576233788008;0.2241342471774601;0.2497327594291754;0.14263956516429577;0.24254176839347252;0.2640904166489477;0.11905458249022782;0.2500665539611795;0.2693870681101771;0.10657789894025438
2022-08-06 10:34:40.600;3.0535494022621017;-46.717746407062805;-0.05374699578436787;0.20137705763346503;0.22788202159361148;0.14829702050166915;0.2363352621542063;0.25744678647269126;0.11666741568616601;0.24317043591759457;0.2621872310862159;0.1049560616854901
2022-08-06 10:34:40.620;3.0540638136278124;-46.1625335216886;-0.05310824441246688;0.1951705513941988;0.22207535787671517;0.15071720780247855;0.2363352621542063;0.257471938720677;0.11681209301566131;0.2362743178739528;0.25498745931946587;0.10333452697420231
2022-08-06 10:34:40.640;3.0538885935539977;-45.60452438735956;-0.05246627606217232;0.18191503179104984;0.20867798941182159;0.1501637753138345;0.22928997126738437;0.2498902341986664;0.11387088401710166;0.2292237450939787;0.24745581030026642;0.10069754007579501
2022-08-06 10:34:40.660;3.0530704019909707;-45.04096491388191;-0.05181792225714664;0.1686605852009393;0.19528168366914755;0.14961021249431017;0.22224545118039174;0.2423096035281347;0.11093127664198654;0.2221739436917609;0.2399252153225575;0.09806204728130652
2022-08-06 10:34:40.680;3.0517150945946674;-44.474639417654544;-0.051166386247830264;0.16490890429304272;0.1919671925199644;0.15219686012730715;0.22469878355511952;0.24482677299975109;0.11124826824706968;0.22462911534319474;0.24241358288520587;0.0982095627639108
2022-08-06 10:34:40.700;3.0499225695595213;-43.908311122671876;-0.05051484701865203;0.16115721182086418;0.18865285788555397;0.15478455423865345;0.22715220942379943;0.2473440404314502;0.11156527845983888;0.22708438055866864;0.2449020462266276;0.09835708686299949
2022-08-06 10:34:40.720;3.047885025221936;-43.34196695242281;-0.04986328952558177;0.18223095615132934;0.21220317513458653;0.1686007261174991;0.23167451615663737;0.251975246637393;0.11209911012120077;0.22953973934449223;0.24739060535347335;0.09850461957934975
2022-08-06 10:34:40.740;3.0457678996527218;-42.77637084679009;-0.04921259265248729;0.20308785734380308;0.2356612821909856;0.1831358047468612;0.23597982497737036;0.25651224216930046;0.11334364385204942;0.2317779055725886;0.24976710821130155;0.09925923637930989
2022-08-06 10:34:40.760;3.043815378825365;-42.21230200869468;-0.04856365284278311;0.22394512371010933;0.25912584783557335;0.19770422063532322;0.2402852434241609;0.26104939189301746;0.11458839777308683;0.23401614954588368;0.252143712988925;0.10001398001811257
2022-08-06 10:34:40.780;3.042287919093833;-41.64803783810203;-0.04791448831044754;0.24028895470257794;0.2777397532894632;0.21042323746512892;0.24008009487406667;0.2607238875163276;0.11390031709681292;0.2317405418796774;0.24970492215192053;0.09911745662388416
2022-08-06 10:34:40.800;3.0414708862829234;-41.08185666787176;-0.04726311834271823;0.25663257381279436;0.29635794389153247;0.2231669868705657;0.2398749941540146;0.2603984427227388;0.11321230301102503;0.2294650145725008;0.2472662436974815;0.09822110310783838
2022-08-06 10:34:40.820;3.0416152870172803;-40.51377991372283;-0.04660956757756779;0.244013192705836;0.2838727796483589;0.22419056243661828;0.23760117066454;0.257965560035224;0.11234395150140752;0.22718956761918108;0.24482767761389823;0.09732491943512223
2022-08-06 10:34:40.840;3.0430346189199065;-39.94476796498202;-0.045954940906500374;0.23450847389005958;0.27470145957024883;0.22629654532894072;0.2384397360465087;0.25884878280172785;0.1125836527461157;0.22802873171980664;0.2456781842761302;0.09737532011799832
2022-08-06 10:34:40.860;3.045977562068834;-39.375762914882216;-0.04530032217205785;0.22500370613170162;0.2655301793746183;0.22840318655651082;0.23927831235071295;0.2597320175857263;0.11282335879355365;0.22886790675051216;0.24652870212702283;0.09742572180684039
2022-08-06 10:34:40.880;3.0506390194530177;-38.80661755166511;-0.04464554201269431;0.21424641130010968;0.2550643055932049;0.23029329475048588;0.23886518109404875;0.2593204774673623;0.11284096913046593;0.22845448052652628;0.24596691673593796;0.0965816472769232
2022-08-06 10:34:40.900;3.057179098585594;-38.23720374098775;-0.04399045301470681;0.20969547863109028;0.24736211372353623;0.21227403791457533;0.23845205248805001;0.2587769614562845;0.112099442463645;0.22804105695502486;0.2454051420417045;0.09573761787177837
2022-08-06 10:34:40.920;3.0656918465335257;-37.667513492029684;-0.04333504598495942;0.20514456041286167;0.2396686202399927;0.19430476568145227;0.23803892653271674;0.2582334547404699;0.11135795294142081;0.22762763603617842;0.24484337804420875;0.09489363358918013
2022-08-06 10:34:40.940;3.076192074725655;-37.09804014520341;-0.0426798884928901;0.20310943834175532;0.23461700843673938;0.17701024303609625;0.24014016671291216;0.2603253841671531;0.11126138981273659;0.22973037645926198;0.24702424946264046;0.09530517958720441
2022-08-06 10:34:40.960;3.0886084626900248;-36.529277404661116;-0.04202554852640553;0.20107432487691312;0.22957333180275086;0.15976162215880407;0.24224147547133867;0.2624173750138894;0.11116478552634046;0.23183318550946197;0.24920519879236736;0.09571677202714657
2022-08-06 10:34:40.980;3.1027901868768053;-35.96087371408794;-0.041371621633295864;0.19693671742300012;0.22234709570093614;0.1420947172983027;0.24224147547133867;0.2623168050100517;0.11058631900435056;0.23183318550946197;0.24920519879236736;0.09571677202714657
2022-08-06 10:34:41.000;3.118518141784186;-35.392478092784586;-0.04071770402357516;0.1907303062422443;0.21305399505629552;0.1244797310943202;0.24637908292508115;0.2667706670813246;0.112320677418567;0.23183318550946197;0.24920519879236736;0.09571677202714657
2022-08-06 10:34:41.020;3.1355022335354312;-34.82409154636116;-0.040063796854159714;0.18452389506154532;0.20376934537810243;0.10691316885522095;0.25051669037899416;0.2712246170242807;0.11405549769792866;0.23183318550946197;0.24920519879236736;0.09571677202714657
2022-08-06 10:34:41.040;3.153401980328197;-34.255040775628004;-0.03940912551986217;0.1798694299814656;0.19596378909627887;0.08889753639311149;0.2562055794119047;0.2771447297688283;0.11526892654875898;0.2333855081724927;0.25068466249899757;0.09527154801038584
2022-08-06 10:34:41.060;3.1718088814241043;-33.68465404272865;-0.03875291721174981;0.17521493583490155;0.18816711461883173;0.07093317327194892;0.26189455011715523;0.2830649640770062;0.11648253844855105;0.23493786823104656;0.2521641632976639;0.09482632675984526
2022-08-06 10:34:41.080;3.190283540203418;-33.11360378879908;-0.03809594554785177;0.16950565718389043;0.17941277353522977;0.05354737390055675;0.266529223436784;0.28802404573500695;0.11825342638648362;0.23543520914899219;0.2526682222862746;0.09485617639993293
2022-08-06 10:34:41.100;3.2084074666041498;-32.54255550221569;-0.037438976147310905;0.17258890122297998;0.18165121954657693;0.04863348113212407;0.2592681251821105;0.280193038802544;0.1151243205382535;0.23593255390602863;0.2531722852046414;0.09488602639301558
2022-08-06 10:34:41.120;3.2257404443389337;-31.971503787215624;-0.03678200280250666;0.1756721579712348;0.18389031320472427;0.0437233888108679;0.252007004150677;0.27236229275425927;0.11199670933551165;0.23642990250209905;0.2536763520527643;0.09491587673913848
2022-08-06 10:34:41.140;3.2418700881944233;-31.40029763442726;-0.036124851782882994;0.17783395774665678;0.18517218480073083;0.038625793383330276;0.24382481810776113;0.26357232686948606;0.10866834519432444;0.2360055468713007;0.25322578788768624;0.09477291464589399
2022-08-06 10:34:41.160;3.2564465261756093;-30.828806535377225;-0.03546737294338995;0.1799957527470042;0.18645475080145602;0.03353234287318951;0.23564265756480296;0.2547827120458592;0.10534168719300219;0.2355811940351522;0.2527752273855981;0.0946299571081557
2022-08-06 10:34:41.180;3.26923418388148;-30.257626755592355;-0.034810252264906784;0.20841471829476177;0.2167264085373084;0.04362650198803575;0.24130241119147655;0.26079798257493536;0.10727084035958345;0.2391747836701974;0.2564842664938851;0.0952295481386729
2022-08-06 10:34:41.200;3.2799907396820576;-29.687362145115912;-0.03415418445401131;0.23683449960628877;0.2470020742043424;0.05373720680189109;0.24696241638790895;0.26681362562087685;0.10920061607619402;0.24276857374400507;0.2601935274618654;0.0958292444273221
2022-08-06 10:34:41.220;3.2886161410760653;-29.11801440441195;-0.03349917146702295;0.26525509675281;0.27728175280944;0.06386448176528603;0.2526226731782586;0.27282964125013365;0.11113101455051222;0.24636256427635672;0.26390301031437957;0.09642904599797575
2022-08-06 10:34:41.240;3.2951062585329263;-28.549112542117655;-0.032844671446237955;0.2900819854295378;0.30384247437475764;0.073340551967366;0.2546915805680001;0.2751195463381251;0.11235977135309572;0.24636256427635672;0.26390301031437957;0.09642904599797575
2022-08-06 10:34:41.260;3.2995876444903165;-27.980184713851486;-0.03219014155258691;0.31490887410626556;0.3304059429866264;0.08283095566922238;0.2567604879576848;0.2774094911121452;0.11358874187009249;0.24636256427635672;0.26390301031437957;0.09642904599797575
2022-08-06 10:34:41.280;3.3022593903363786;-27.411240925714083;-0.03153559329770918;0.31904668888569176;0.33649593702417846;0.09396230209780398;0.2567604879576848;0.27733404953577434;0.11315483061855147;0.24636256427635672;0.26390301031437957;0.09642904599797575
2022-08-06 10:34:41.300;3.3034641650310217;-26.842291182932968;-0.030881038192239647;0.3231845036651748;0.3425893440568437;0.10511317970742251;0.2567604879576848;0.27725860787135304;0.11272091923423577;0.24636256427635672;0.26390301031437957;0.09642904599797575
2022-08-06 10:34:41.320;3.303603414017864;-26.27333548221941;-0.030226476232394755;0.32732231844465787;0.34868616922355145;0.11628361847880786;0.2567604879576848;0.27718316611871074;0.11228700771709033;0.24636256427635672;0.26390301031437957;0.09642904599797575
2022-08-06 10:34:41.340;3.3031405583819304;-25.704373820299224;-0.02957190741440768;0.3314601332240841;0.35478641766954055;0.12747364843315623;0.2567604879576848;0.27710772427784747;0.11185309606711513;0.2567071012250075;0.2747331566513367;0.09903431097158855
2022-08-06 10:34:41.360;3.302580077720891;-25.135406193883682;-0.02891733173449486;0.3355979480035103;0.36089009454658694;0.1386832996320173;0.2567604879576848;0.27703228234893373;0.1114191842842569;0.2670516381736583;0.2855634940472669;0.10164049977844325
2022-08-06 10:34:41.380;3.3024162664168975;-24.56643099628127;-0.028262747344218627;0.3304256795291849;0.35639983887434923;0.14270244763656859;0.25417435372046526;0.27432706679079644;0.1107872019752465;0.2670516381736583;0.2855634940472669;0.10164049977844325
2022-08-06 10:34:41.400;3.303156812547737;-23.99746697021328;-0.027608175806369147;0.32525341105491634;0.3519099871456568;0.14672409131914765;0.25158821948330257;0.271621857680465;0.1101552462648252;0.2670516381736583;0.2855634940472669;0.10164049977844325
2022-08-06 10:34:41.420;3.3052616428684622;-23.428507332668232;-0.026953609317348904;0.32008114258059095;0.3474205395591774;0.1507482320132496;0.24900208524613987;0.2689166550192468;0.10952331716124242;0.2670516381736583;0.2855634940472669;0.10164049977844325
2022-08-06 10:34:41.440;3.3091141289386883;-22.859552083296876;-0.0262990478767561;0.31490887410626556;0.3429314963140335;0.15477487105298504;0.24641595100897717;0.266211458808165;0.10889141467269248;0.2670516381736583;0.2855634940472669;0.10164049977844325
2022-08-06 10:34:41.460;3.315012957477814;-22.29060185286653;-0.02564449221026462;0.30663324454729946;0.3371515390299713;0.16927454112874152;0.24848485839877554;0.26837561526097176;0.10939693453407617;0.2670516381736583;0.2855634940472669;0.10164049977844325
2022-08-06 10:34:41.480;3.323158154863176;-21.721657269685238;-0.024989943040719043;0.29835761498844704;0.33137702911900746;0.18380675114794354;0.2505537657884602;0.2705397758420318;0.10990247143012066;0.2670516381736583;0.2854650708014219;0.10107580120935289
2022-08-06 10:34:41.500;3.3336372548711726;-21.152718328485207;-0.024335400362058973;0.2900819854295378;0.3256079766397555;0.19837156445240822;0.2526226731782586;0.27270394055077674;0.11040802535666039;0.2670516381736583;0.2853666476222543;0.1005111036569648
2022-08-06 10:34:41.520;3.3464227623364318;-20.583785023984092;-0.02368086416820727;0.2818063558705717;0.3198443916660061;0.21296904449094978;0.2546915805680001;0.2748681093866381;0.11091359630945608;0.2670516381736583;0.2852682245096503;0.09994640712127811
2022-08-06 10:34:41.540;3.3613735810717427;-20.014857350884995;-0.023026334453070056;0.2735307263116624;0.31408628428672714;0.22759925481936172;0.2567604879576848;0.27703228234893373;0.1114191842842569;0.2670516381736583;0.2852682245096503;0.09994640712127811
2022-08-06 10:34:41.560;3.378228649089536;-19.4459408153416;-0.022371817551268363;0.2569794671938439;0.29705771309053475;0.22518771911135893;0.2546915805680001;0.27479267811018104;0.11047974350834355;0.2670516381736583;0.2852682245096503;0.09994640712127811
2022-08-06 10:34:41.580;3.3966560632477;-18.87704092630156;-0.02171731980063757;0.24042820807602538;0.28002934523649614;0.22277708815074426;0.2526226731782586;0.27255309938838224;0.10954043783644707;0.2670516381736583;0.2852682245096503;0.09994640712127811
2022-08-06 10:34:41.600;3.416229688668249;-18.308157684041362;-0.021062841201495767;0.22387694895820687;0.26300118064741795;0.22036736163457604;0.2505537657884602;0.2703135461799562;0.10860126725098862;0.2670516381736583;0.2852682245096503;0.09994640712127811
2022-08-06 10:34:41.620;3.4364621728961495;-17.739291088866594;-0.020408381754194526;0.2073256898403315;0.24597321924644788;0.2179585392600254;0.24848485839877554;0.26807401848160595;0.10766223173453593;0.2670516381736583;0.2852682245096503;0.09994640712127811
2022-08-06 10:34:41.640;3.45681519095517;-17.170434359832143;-0.01975393365751361;0.19077443072256983;0.22894546095627888;0.21555062072432918;0.24641595100897717;0.26583451628980725;0.1067233312695679;0.2670516381736583;0.2852682245096503;0.09994640712127811
2022-08-06 10:34:41.660;3.4767689213438717;-16.60158606661571;-0.019099495265921453;0.2073256898403315;0.24258839790595843;0.19850622561231202;0.24848485839877554;0.26807401848160595;0.10766223173453593;0.2670516381736583;0.2852682245096503;0.09994640712127811
2022-08-06 10:34:41.680;3.495739087569516;-16.032724431679526;-0.018445041525186615;0.22387694895820687;0.25623862216374604;0.1815062290517977;0.2505537657884602;0.2703135461799562;0.10860126725098862;0.2670516381736583;0.2852682245096503;0.09994640712127811
2022-08-06 10:34:41.700;3.5131921060100098;-15.463849448227847;-0.017790572427490856;0.24042820807602538;0.26989611842057215;0.16455053110539009;0.2526226731782586;0.27255309938838224;0.10954043783644707;0.2670516381736583;0.2852682245096503;0.09994640712127811
2022-08-06 10:34:41.720;3.52864144323427;-14.894961109450378;-0.017136087964999186;0.2569794671938439;0.28356087139351516;0.14763903202921203;0.2546915805680001;0.27479267811018104;0.11047974350834355;0.2670516381736583;0.2852682245096503;0.09994640712127811
2022-08-06 10:34:41.740;3.541664276826678;-14.326059408595029;-0.016481588129943582;0.2735307263116624;0.2972328658251193;0.13077163227291688;0.2567604879576848;0.27703228234893373;0.1114191842842569;0.2670516381736583;0.2852682245096503;0.09994640712127811
2022-08-06 10:34:41.760;3.551899843870828;-13.75715204617154;-0.01582708178146851;0.2735307263116624;0.29514366465823727;0.11876988358356844;0.2567604879576848;0.27693797981365975;0.11087679436879494;0.2670516381736583;0.2852682245096503;0.09994640712127811
2022-08-06 10:34:41.780;3.559116445507256;-13.188246724203054;-0.015172577780459547;0.2735307263116624;0.2930583266156326;0.10679061288825142;0.2567604879576848;0.2768436771405405;0.1103344042455614;0.26015528020787215;0.27804402179566523;0.09818610990784293
2022-08-06 10:34:41.800;3.563165748334946;-12.619343438935175;-0.014518076122597406;0.2735307263116624;0.2909768455805555;0.09483378345465532;0.2567604879576848;0.2767493743296896;0.10979201391455096;0.25325892224214286;0.27081990789298516;0.09642624470399408
2022-08-06 10:34:41.820;3.5640050903400313;-12.050442186584405;-0.013863576803529312;0.2735307263116624;0.28889921544444164;0.08289935860304176;0.2567604879576848;0.2766550713808229;0.10924962337568367;0.24636256427635672;0.26359588279336776;0.09466681148946421
2022-08-06 10:34:41.840;3.5616947208360483;-11.481543978581612;-0.01320908098686813;0.26939291153217937;0.2847485411393471;0.0829061910620652;0.2567604879576848;0.2767053663039647;0.10953889835562247;0.24636256427635672;0.26359588279336776;0.09466681148946421
2022-08-06 10:34:41.860;3.556401682036744;-10.912649828234862;-0.012554589838386367;0.26525509675281;0.28059786655236607;0.08291302209648688;0.2567604879576848;0.27675566118805506;0.1098281732764157;0.24636256427635672;0.26359588279336776;0.09466681148946421
2022-08-06 10:34:41.880;3.5483761873671655;-10.343752953871444;-0.011900095556026717;0.26111728197332695;0.276447191683328;0.08291985170623928;0.2567604879576848;0.2768059560328098;0.11011744813810065;0.24636256427635672;0.26359588279336776;0.09466681148946421
2022-08-06 10:34:41.900;3.5379501110695557;-9.77486691892409;-0.011245613744004236;0.2569794671938439;0.2722965165324034;0.08292667989132863;0.2567604879576848;0.27685625083822885;0.11040672294065423;0.24636256427635672;0.26359588279336776;0.09466681148946421
2022-08-06 10:34:41.920;3.5255214968590742;-9.20598494172009;-0.010591136600261621;0.2528416524144177;0.2681458410994786;0.0829335066516661;0.2567604879576848;0.27690654560465333;0.11069599768414129;0.24636256427635672;0.26359588279336776;0.09466681148946421
2022-08-06 10:34:41.940;3.511523107448415;-8.63710850985808;-0.009936665836224698;0.2445660228554516;0.26095196320752834;0.08930936211639917;0.260898302737111;0.2813103316576999;0.11214105785343964;0.24636256427635672;0.26359588279336776;0.09466681148946421
2022-08-06 10:34:41.960;3.496420316941692;-8.068239110441937;-0.009282203162750084;0.23629039329654233;0.2537591118647491;0.09569155998178047;0.26503611751659406;0.2857141770928493;0.11358642243885342;0.24636256427635672;0.26359588279336776;0.09466681148946421
2022-08-06 10:34:41.980;3.480679097035268;-7.499376742540335;-0.008627748578766328;0.22801476373768992;0.24656728788127324;0.10208010567596126;0.26917393229613396;0.2901180819209017;0.11503209149316262;0.24636256427635672;0.26359588279336776;0.09466681148946421
2022-08-06 10:34:42.000;3.464749678640875;-6.930521405251056;-0.00797330208323546;0.21973913417872382;0.23937649206666478;0.10847500463085602;0.2733117470755033;0.29452204615271427;0.11647806506913216;0.24636256427635672;0.26359588279336776;0.09466681148946421
2022-08-06 10:34:42.020;3.4490483442221938;-6.361673097657331;-0.007318863675102773;0.21146350461981456;0.2321867252322498;0.11487626228249415;0.27744956185498637;0.29892606979954195;0.11792434321969303;0.24636256427635672;0.26359588279336776;0.09466681148946421
2022-08-06 10:34:42.040;3.4339442010686647;-5.792830586091441;-0.0066644319350803345;0.20629123614548917;0.2275197608012398;0.11788116193242004;0.2645188906691729;0.28511651674549654;0.11313440171155431;0.24636256427635672;0.26359588279336776;0.09466681148946421
2022-08-06 10:34:42.060;3.419739032412527;-5.223992637234915;-0.006010005444282009;0.20111896767116377;0.22285301761732157;0.120887458054864;0.25158821948330257;0.27130762723206914;0.10834789479298834;0.24636256427635672;0.26359588279336776;0.09466681148946421
2022-08-06 10:34:42.080;3.406664505526542;-4.65515925091313;-0.005355584202506901;0.19594669919689522;0.21818649575979165;0.12389515120519068;0.23865754829748909;0.257499400824976;0.10356482032230296;0.25325892224214286;0.2709182360674731;0.09699041941858066
2022-08-06 10:34:42.100;3.3948755226566036;-4.086330426951463;-0.0047011682095541105;0.19077443072256983;0.21352019530811717;0.12690424193888994;0.2257268771117893;0.24369183709044506;0.09878517615883009;0.26015528020787215;0.2782407731288572;0.09931498206623779
2022-08-06 10:34:42.120;3.3844642706781185;-3.5174998768852674;-0.004046750230783511;0.19491224550199604;0.22171743314472891;0.15014984732337222;0.2298646918912155;0.2480700236018052;0.10008327834938324;0.2670516381736583;0.2855634940472669;0.10164049977844325
2022-08-06 10:34:42.140;3.375418014460044;-2.948654524188896;-0.0033923152221481856;0.19905006028142225;0.22992928734774054;0.17347985950752154;0.2340025066706417;0.2524482551482734;0.10138160585330169;0.2670516381736583;0.2855634940472669;0.10164049977844325
2022-08-06 10:34:42.160;3.367672488449358;-2.379807916840946;-0.002737878770083792;0.2031878750609053;0.23815580308624007;0.19689454617762525;0.23814032145012476;0.2568265317353067;0.10268015869442682;0.2670516381736583;0.2855634940472669;0.10164049977844325
2022-08-06 10:34:42.180;3.361109431288522;-1.8109532595044584;-0.0020834330568128283;0.2073256898403315;0.24639702564544663;0.22039417576409548;0.2422781362296078;0.2612048533684188;0.10397893689661775;0.2670516381736583;0.2855634940472669;0.10164049977844325
2022-08-06 10:34:42.200;3.3555632394406287;-1.2420905378894531;-0.0014289780658952134;0.21146350461981456;0.25465300042693784;0.2439790174433245;0.24641595100897717;0.2655832200531236;0.10527794048367944;0.2670516381736583;0.2855634940472669;0.10164049977844325
2022-08-06 10:34:42.220;3.3508349304534533;-0.6732225133819156;-0.0007745169742008167;0.21560131939924077;0.25724530833113235;0.235013766710642;0.24848485839877554;0.2677975535278634;0.10607208562969461;0.2670516381736583;0.2855634940472669;0.10164049977844325
2022-08-06 10:34:42.240;3.3467764844518717;-0.10432824819145026;-0.00012002569359571342;0.23344887562706162;0.27376103508393257;0.22700258965784226;0.26425548521016395;0.2839296572751451;0.10782860594662314;0.2704193862427964;0.28832959542836534;0.09812965577945665
2022-08-06 10:34:42.260;3.343133682340856;0.46461597091547446;0.0005345230570961094;0.2512997412559912;0.2902815611565437;0.21900102160199175;0.28002922403513963;0.3000650332072965;0.10958579871213647;0.2737890744943492;0.29109800279729825;0.09462098263484897
2022-08-06 10:34:42.280;3.339676213836083;1.0314129726248211;0.0011866015155908261;0.2617458805084425;0.29963174730820796;0.21249505273359492;0.28840247931990604;0.30903897778851075;0.11286903837671769;0.2800977727890803;0.29779638555925203;0.0967463323830211
2022-08-06 10:34:42.300;3.336293519867371;1.5938485943552223;0.0018336623717958276;0.2721928173612014;0.30898362878482644;0.20599477883259798;0.2967764418091079;0.3180139938198536;0.1161541899940941;0.2864070887074526;0.3044955778968301;0.09887268908075697
2022-08-06 10:34:42.320;3.332856223470977;2.1518819311240804;0.0024756585660796826;0.2681558851431305;0.30465227985987653;0.20438362008298316;0.30308187350838267;0.3247750822022013;0.11864541803030626;0.29271702235707053;0.3111955800225701;0.10100005326387151
2022-08-06 10:34:42.340;3.329306663136077;2.708055226576107;0.003115514853358105;0.2574922824130681;0.293190264188663;0.20000855099534753;0.30276463123184527;0.32439541129256355;0.11829290564515205;0.2923995535759367;0.31082467773399003;0.100699066599935
2022-08-06 10:34:42.360;3.3256369797594947;3.2649341740107047;0.0037561829664853603;0.24682870389528944;0.28172884449557145;0.19563648306596448;0.3024473905164555;0.32401574517789555;0.11794041129955435;0.2920820863571443;0.3104537797691478;0.10039809527199939
2022-08-06 10:34:42.380;3.321886166550981;3.8221682070652605;0.004397259592154139;0.23716681653365868;0.27134081281721123;0.19165619481649188;0.30313135366120747;0.3247105194599058;0.11798857137395036;0.2927665378377391;0.3110449519220424;0.09985097624582195
2022-08-06 10:34:42.400;3.3181664189558027;4.379397293065267;0.005038330526424242;0.25026656447494133;0.2818197835490217;0.17633727149676304;0.30381532407054834;0.32532973426661016;0.11760216665665979;0.29345099658803875;0.31163612943743146;0.09930384932933922
2022-08-06 10:34:42.420;3.314593341424591;4.936638068284083;0.00567941490869735;0.2633663782857525;0.2923047681429374;0.16105437038247405;0.30449930174447815;0.32594895486401043;0.11721575543444462;0.29413546260821377;0.31222731231554235;0.09875671452238777
2022-08-06 10:34:42.440;3.3113411379334616;5.493552305175399;0.006320123621006444;0.27674325128270993;0.30312922698041334;0.1461264146157859;0.3054601159488257;0.3269036281037998;0.11716075936440973;0.2950969628143447;0.3132482383630304;0.0990808060837427
2022-08-06 10:34:42.460;3.3086178012920833;6.049801353445218;0.00696006705902932;0.29012022094320855;0.31395940833695235;0.1312325943729835;0.3064209444873214;0.32785831060838433;0.11710573421906201;0.2960584773650261;0.3142691832149467;0.09940492103945342
2022-08-06 10:34:42.480;3.3066491238311153;6.608390495683125;0.007602702686430123;0.2975912884743366;0.3183359570350852;0.113310248800496;0.30147979177528583;0.3223337339332275;0.11385181858836724;0.2911137967700519;0.3088897836117894;0.09699751076001473
2022-08-06 10:34:42.500;3.305649018317936;7.172292608585849;0.008251450685122048;0.2885087807466675;0.3066709946799868;0.098654335162772;0.2944698266796095;0.31467061159387555;0.11023911948043619;0.2861694954626195;0.30351097687537276;0.09459124859354784
2022-08-06 10:34:42.520;3.3058613732135766;7.741450402310875;0.008906245145313612;0.27942679333489195;0.2950127551605668;0.08403354830188814;0.2874603110959484;0.3070083414363367;0.10662857808638648;0.2812255733908309;0.2981327628465351;0.09218613397808273
2022-08-06 10:34:42.540;3.307491202187495;8.313220746196748;0.009564045245401803;0.2752884810810201;0.28878738791066993;0.07212603898715919;0.28539115496901246;0.304793727779078;0.1058343670849986;0.29157135402556733;0.30896980623890613;0.09482362613696704
2022-08-06 10:34:42.560;3.3107140739160514;8.884984975513362;0.010221838310909913;0.2711501688270914;0.28256592217749343;0.06024088200642552;0.2833219988420197;0.3025791325168612;0.10504025178630094;0.3019171346603038;0.3198070492387046;0.09746208906559062
2022-08-06 10:34:42.580;3.315660776266357;9.456610527275188;0.010879471833149657;0.2675562063261623;0.27692162562689404;0.048533627349573116;0.28179684289100493;0.30093902675194073;0.10441035154075351;0.3024615815180631;0.32037762807772197;0.09760247522417753
2022-08-06 10:34:42.600;3.3224130749053353;10.027968234171567;0.011536797210027922;0.2681005606777376;0.27832107448793053;0.05343467349528641;0.2823408476626028;0.3014883643756221;0.10442990090361359;0.30300603297525086;0.3209482124591432;0.09774286622489292
2022-08-06 10:34:42.620;3.330974852859745;10.599061431195878;0.012193818278328133;0.2686449196280023;0.2797211907648851;0.05833955614472153;0.2828848570298774;0.30203770619417725;0.10444944779501864;0.30355048903181014;0.32151880238336616;0.09788326206793574
2022-08-06 10:34:42.640;3.3412908348234143;11.170030687579128;0.012850696757620423;0.26929809610521716;0.281211582939104;0.06313584953306872;0.2835376140423378;0.3026756085466573;0.10435067591832148;0.30420378202700604;0.3221809254789605;0.09792248693363259
2022-08-06 10:34:42.660;3.353231823090431;11.740996216227359;0.013507570948294922;0.26995127920395134;0.2827026120434333;0.06793578748102558;0.2841903776721679;0.3033135171857353;0.10425190246887617;0.30485708164497183;0.32284305535398516;0.09796171240857632
2022-08-06 10:34:42.680;3.3666005277140636;12.311362982982246;0.014163756286115154;0.2717058020166405;0.28540634107477203;0.07335397377650654;0.2859437737442718;0.3051682177174726;0.10479865875407324;0.3066119174411064;0.32480481095842606;0.09911803177339529
2022-08-06 10:34:42.700;3.3811429975635723;12.880530927264772;0.01481856242413823;0.27863337795122334;0.29437236724137605;0.08492802988837411;0.29028372023240223;0.3098164440889164;0.10648281923051695;0.3083668010173177;0.326766653476966;0.10027456346802133
2022-08-06 10:34:42.720;3.396534684803534;13.448500531238096;0.015471989917074583;0.2855610642597526;0.30334229077604036;0.09652355014806258;0.29462374576392136;0.31446483772558764;0.10816744063506256;0.3101217323760501;0.32872858291955254;0.10143130753147922
2022-08-06 10:34:42.740;3.412411774414107;14.016838917908899;0.016125841680520777;0.28876927778742356;0.3082940940944603;0.10647616988931574;0.29524675526446487;0.3150807200258683;0.10811371111178492;0.3081566639176039;0.32660144021531323;0.10053595321616005
2022-08-06 10:34:42.760;3.428384830327644;14.587111271706817;0.016781918399813994;0.2919774811168736;0.31324853404103337;0.11644397051787969;0.2958697895742617;0.3156966285671743;0.1080599895522596;0.30619165536336723;0.32447438765569814;0.09964076079374795
2022-08-06 10:34:42.780;3.444045542387048;15.158351261263306;0.017439108347356354;0.2925374091595927;0.3164632253173316;0.13168267434294378;0.29436014746872985;0.3140000052363021;0.10701557295775377;0.3067516433320101;0.32504194709201784;0.09967439426253755
2022-08-06 10:34:42.800;3.458994157850523;15.72959579507733;0.0180963035228947;0.2930973420676537;0.3196841765602265;0.14695771364108268;0.2928505022350478;0.31230340815464075;0.1059713166585361;0.3073116361665633;0.32560951150941264;0.09970802817905877
2022-08-06 10:34:42.820;3.4728479671500665;16.300844879289798;0.018753503933493912;0.293657279841284;0.32291140040100785;0.16226916405503733;0.2913408538733293;0.310606837318268;0.10492722063323434;0.30787163386714056;0.3261770809079394;0.09974166254338268
2022-08-06 10:34:42.840;3.485264091449989;16.870301819879387;0.01940864255081002;0.29889361052744334;0.33117919944893615;0.17958042571815103;0.2945042872131367;0.31395193107309893;0.1059072433191881;0.3131085249683032;0.3315899906771733;0.1006597381363683
2022-08-06 10:34:42.860;3.495940892182029;17.436158403805166;0.020059639094303774;0.30413036670267957;0.33945578345671024;0.19693967387229527;0.2976680710164388;0.3172974248896381;0.10688752457911299;0.31834584160401747;0.33700335005664783;0.10157791291313334
2022-08-06 10:34:42.880;3.5046300387116487;17.999872735781537;0.02070817105816026;0.29745879749788173;0.33396399641295815;0.20385033941153274;0.29513392582081366;0.3145530344976706;0.10573027092670007;0.3199515833872546;0.33867832516619956;0.10194694905700263
2022-08-06 10:34:42.900;3.5111800466480196;18.562893868140236;0.021355905522141557;0.290787176647882;0.328473385486884;0.21076847278365562;0.2925997747751481;0.3118086765502781;0.10457322004356406;0.3215573651771173;0.3403533471666833;0.10231602017675989
2022-08-06 10:34:42.920;3.515500793979635;19.12522770230862;0.02200284927561607;0.28411550415080455;0.3229839517882418;0.2176940811929322;0.29006561787938523;0.30906435104143526;0.10341637189845176;0.3231631869753677;0.34202841606082757;0.10268512627645965
2022-08-06 10:34:42.940;3.517577478278438;19.68721421938244;0.022649393453942953;0.27583827334910893;0.3158112130791686;0.22420549690039593;0.28592700247859426;0.30463497213722945;0.1018287961485802;0.3231631869753677;0.34202841606082757;0.10268512627645965
2022-08-06 10:34:42.960;3.5174785249784297;20.249193810908764;0.02329592966469005;0.26756104254747015;0.3086395193344309;0.2307233730013829;0.28178838707774645;0.3002056667766979;0.10024160301408447;0.3231631869753677;0.34202841606082757;0.10268512627645965
2022-08-06 10:34:42.980;3.515363196011539;20.810397899367672;0.02394157368856383;0.2807328869741923;0.32059631422319157;0.22347840731885604;0.2846117777457735;0.30316785647514877;0.10098215426480994;0.3190913381811846;0.3378773752546067;0.10230215537904996
2022-08-06 10:34:43.000;3.5114087983113804;21.370055702333048;0.0245854387696098;0.29390505688883195;0.3325546289133534;0.21624105930379045;0.2874352922073413;0.3061301930066307;0.1017228221442057;0.315019478881144;0.3337262756157884;0.10191889697780976
2022-08-06 10:34:43.020;3.505869292072537;21.928162792544754;0.02522751981443305;0.30707755231424017;0.344514462562838;0.2090113226612882;0.2902589304720564;0.309092676385184;0.10246360667431453;0.3109476090761554;0.3295751171796155;0.1015353512589039
2022-08-06 10:34:43.040;3.499038683298568;22.48549928978173;0.025868714321258434;0.3183579779325214;0.3544316749119183;0.20095516123614754;0.29119178244648225;0.31000880625189353;0.10234837963197396;0.31188122707562016;0.33052137410243176;0.10159150847449272
2022-08-06 10:34:43.060;3.4912225507692094;23.042839435664064;0.026509913025711956;0.3151528131369332;0.3474279848205377;0.17919804525602068;0.2962634109492015;0.3154613919005911;0.10443553097437608;0.31281485860018066;0.331467644871168;0.10164766693792071
2022-08-06 10:34:43.080;3.4827713179215727;23.600296738113684;0.02715124651435376;0.3106623577791652;0.33911286266501506;0.15731662310248584;0.30005073757687484;0.3195897341151763;0.10631918684629582;0.31246314367223604;0.33109418055335027;0.10152905869175033
2022-08-06 10:34:43.100;3.4740228231105674;24.157992754066072;0.027792854633828898;0.3061719143781261;0.330810639991423;0.13550950297760966;0.30383805608480685;0.32371816793065733;0.10820337416446257;0.31211143066360947;0.33072071875187703;0.10141045357709988
2022-08-06 10:34:43.120;3.4652934394788644;24.71592737966421;0.028434737264653794;0.3016814829335317;0.3225212793795684;0.11377646374745876;0.30762536647299754;0.3278466933726705;0.11008809306137657;0.3117597195741304;0.3303472594665209;0.10129185159382548
2022-08-06 10:34:43.140;3.456873134889493;25.27494617994671;0.029077867197343007;0.2957733775746192;0.3126765650783021;0.09128057215124574;0.3099958932973905;0.330400994368496;0.11109639420730577;0.32033697956461893;0.33910594947639083;0.10218243844099817
2022-08-06 10:34:43.160;3.4490167760033383;25.835876345467113;0.029723196083262727;0.2981427662010674;0.312945794951613;0.079171573499071;0.3144357668888702;0.3350947478383901;0.11246547100746884;0.3289141618810767;0.34786446100901003;0.10307239732539486
2022-08-06 10:34:43.180;3.4419034437768006;26.39776737830107;0.030369630410592246;0.30228146365908515;0.31516232732766625;0.06805095384547144;0.32064381307575474;0.3417397229250483;0.11485091152755178;0.3289141618810767;0.34786446100901003;0.10307239732539486
2022-08-06 10:34:43.200;3.435666629324249;26.95966055268218;0.031016067201690565;0.3064201611169892;0.3173821452543528;0.05694976720495415;0.3268518592626961;0.3483848638005398;0.11723721450512237;0.3289141618810767;0.34786446100901003;0.10307239732539486
2022-08-06 10:34:43.220;3.430372712676491;27.521555871768214;0.03166250646019057;0.310558858575007;0.319605243956655;0.045867984054080324;0.3330599054496943;0.3550301705202301;0.11962438021631705;0.3289141618810767;0.34786446100901003;0.10307239732539486
2022-08-06 10:34:43.240;3.4260155086409942;28.085832615215622;0.03231168545711881;0.308759636782554;0.3154389066176826;0.032308533681366214;0.333333633564429;0.35525956396120506;0.11936383951181195;0.32297560712857276;0.341513568664368;0.10081109022696477
2022-08-06 10:34:43.260;3.4224964108628946;28.654835181056114;0.03296630133351519;0.27436988455531264;0.28067865115300705;0.03084515316852876;0.3222267021757048;0.34330689953984717;0.11472815061376451;0.3170375994480459;0.3351634298186923;0.09855087528944484
2022-08-06 10:34:43.280;3.4197226201720285;29.226170533649565;0.03362360099261558;0.2466329490510475;0.253036425121163;0.03192514532932034;0.3177686675591431;0.33849605036156305;0.11279059631430144;0.3177532609248068;0.33576566438540567;0.097887688863735
2022-08-06 10:34:43.300;3.4174954552518204;29.797480516564974;0.03428087146486335;0.21889588108479074;0.22539404640204097;0.03300523282132328;0.31331061535522764;0.3336852909087966;0.1108536073319204;0.3184689303486756;0.336367904493045;0.09722449264409772
2022-08-06 10:34:43.320;3.415574576408627;30.368765128230734;0.034938112748450434;0.1911586806544392;0.19775151498233967;0.03408541560917744;0.3088525455636173;0.32887462115244404;0.10891718352179502;0.31918460771970913;0.33697015014161025;0.09656128663031005
2022-08-06 10:34:43.340;3.41373325634466;30.938761487450392;0.0355938719464466;0.20939053682212716;0.21807051296698532;0.0457234079968627;0.31259818958861985;0.3328402664388719;0.11010567842546948;0.32293319348997684;0.3409503379158423;0.09782425779275972
2022-08-06 10:34:43.360;3.4116179160543663;31.506200787589478;0.036246689344929875;0.22762298532740033;0.23839416991225093;0.05738355653403282;0.3163440514632967;0.3368061822760424;0.11129444401405486;0.32668199728101754;0.3449308114765586;0.09908758439103682
2022-08-06 10:34:43.380;3.408919589488377;32.07168563994492;0.03689725822534738;0.24469380928570672;0.2574487651910111;0.06844792809465261;0.3189284202275431;0.3394934441645674;0.11183323490012853;0.3292683957508906;0.3476485238027749;0.09979556597671113
2022-08-06 10:34:43.400;3.405333491442755;32.635802623328345;0.03754625342437983;0.2617649953286332;0.27650734867691185;0.07953206313248007;0.32151289269993555;0.34218082197057953;0.11237208484011774;0.33185489801030954;0.3503663632459393;0.10050366792688159
2022-08-06 10:34:43.420;3.4005755165389213;33.198554994880396;0.03819367868924403;0.27883654347931497;0.2955699263024165;0.09063599340112827;0.32409746888803426;0.34486831570311693;0.11291099384120695;0.3344415040668345;0.3530843298183868;0.10121189026563826
2022-08-06 10:34:43.440;3.394396358048574;33.760630874741764;0.03884032567606951;0.288094291090772;0.30694875060427407;0.10263876580628661;0.3230077161329987;0.3436987790795243;0.11247451755749971;0.3250749400748454;0.343423946215637;0.09969043670554356
2022-08-06 10:34:43.460;3.3866132706557233;34.32272013322654;0.03948698805449392;0.2973521095686351;0.3183316900692965;0.11466428774400939;0.3219179642908685;0.34252924502326465;0.11203804786537219;0.31570832105098035;0.3337634312898672;0.09816845280881914
2022-08-06 10:34:43.480;3.377099551911497;34.88433525342407;0.04013310495479736;0.3070271924166832;0.33021799316130895;0.12717568472774854;0.3212451389493154;0.3418620072721197;0.11208394751894701;0.3171059249239683;0.3352474081125365;0.09863947098993098
2022-08-06 10:34:43.500;3.3658083429606247;35.44498785332689;0.04077811451199887;0.3167023853404203;0.34210881912340696;0.13971190307535775;0.3205723239480349;0.3411947780086635;0.1121298365243577;0.31850355910262707;0.33673142466278705;0.09911053859089858
2022-08-06 10:34:43.520;3.3527727205104494;36.004676202217524;0.0414220147349736;0.32637768834359804;0.3540041756976642;0.15227298661325772;0.319899519287425;0.3405275572333508;0.1121757148830751;0.31990122358815043;0.3382154809429494;0.09958165561751287
2022-08-06 10:34:43.540;3.3380967246372872;36.566148316189356;0.04206796711203693;0.32080285341055514;0.350790960239717;0.16594845913423395;0.31432866197557274;0.3345019154838056;0.10967451129260919;0.3143261897739684;0.33225082347524904;0.09744416079574858
2022-08-06 10:34:43.560;3.321995577693462;37.132134990963095;0.04271911332011844;0.31522850062157204;0.34758286992254384;0.17965149127508973;0.30875828646370707;0.3284769706990929;0.10717445144371673;0.30875163812118345;0.32628683218848664;0.09530764010136661
2022-08-06 10:34:43.580;3.304751966850127;37.700371275386715;0.043372847618800794;0.31522850062157204;0.35039615534438084;0.19581255709474288;0.30875828646370707;0.3284769706990929;0.10717445144371673;0.31564947984537994;0.3333893488845092;0.09636111914133227
2022-08-06 10:34:43.600;3.286707843830297;38.26861030962755;0.04402658508104358;0.31522850062157204;0.3532163806511015;0.2120140107677031;0.30875828646370707;0.3284769706990929;0.10717445144371673;0.3225473215695196;0.3404918356850999;0.0974143787937587
2022-08-06 10:34:43.620;3.26826050703616;38.836852100452234;0.04468032571463157;0.31522850062157204;0.3560435604921075;0.22825594033449903;0.30875828646370707;0.3284769706990929;0.10717445144371673;0.32944516329365925;0.3475942925214781;0.0984674186791139
2022-08-06 10:34:43.640;3.2498202849651445;39.40485328895011;0.04533378954436578;0.2909859293289401;0.33142764223080334;0.2265959433753375;0.3103816074596253;0.33013336817774785;0.10733146275981742;0.331069817208121;0.34927427401180466;0.09875635915325809
2022-08-06 10:34:43.660;3.2318633538810495;39.97235001775698;0.04598667301235375;0.26674310921356437;0.30681160047450007;0.2249363994456477;0.31200496937569966;0.33178980822518866;0.10748848100927866;0.33269451207644707;0.3509543012643803;0.09904532342163819
2022-08-06 10:34:43.680;3.214827006801025;40.53958606487868;0.04663925657594752;0.24149814491374855;0.2811400047832784;0.22298970641992444;0.31262692376098045;0.3323901212471938;0.10735131495542038;0.3333169771521547;0.3515851836569368;0.09908271351200959
2022-08-06 10:34:43.700;3.1991284122294448;41.10679861863173;0.047291813111311504;0.2162530756033334;0.25546846017951097;0.2210435811035012;0.31324888415307584;0.33299043982643894;0.10721414681939745;0.33393944823967914;0.3522160722035892;0.09912010415581918
2022-08-06 10:34:43.720;3.185165956215431;41.67400325802009;0.047944360541499004;0.22308343110955775;0.26176307065648174;0.21782826683774115;0.31387085055204267;0.33354673463149;0.10682378976768359;0.3345619253390204;0.352846966904508;0.09915749535309892
2022-08-06 10:34:43.740;3.173200331669379;42.24072077812889;0.048596347559426094;0.2307244565178621;0.26895995777655557;0.21512336083734152;0.3153031362074117;0.3350068662585741;0.1069546289128418;0.33599538705266596;0.35436903025930633;0.09964063545799018
2022-08-06 10:34:43.760;3.163445091311728;42.80645551720954;0.04924720392504568;0.2383655751515903;0.27615708669022965;0.2124194638138137;0.316735453715161;0.33646702604026046;0.10708544488318328;0.3374288806450103;0.3558911354047041;0.10012382754937477
2022-08-06 10:34:43.780;3.156024756013184;43.372394375481235;0.04989829512205471;0.24484734573320566;0.2819885197578422;0.20855313570464507;0.3170088748338813;0.3365567032673553;0.10602326307779286;0.3377025262714177;0.35607197592224793;0.09958670453418783
2022-08-06 10:34:43.800;3.150956799072859;43.93972348013631;0.050550985744812045;0.2513291291832047;0.2878203459277664;0.20468919474384517;0.31728229710709144;0.3366464042438011;0.10496121542344383;0.3379761730532813;0.35625282337360886;0.09904961623200315
2022-08-06 10:34:43.820;3.1481744800841223;44.50844284734194;0.05120527581191743;0.26608858682755;0.30040753681444343;0.19191399063779535;0.3237639665291354;0.3433807152743853;0.1062814710146851;0.33824982099071477;0.3564336777591848;0.0985125626423411
2022-08-06 10:34:43.840;3.14750164939118;45.077864660277555;0.051860374016199626;0.2808078780109895;0.31306737259879114;0.1797893252904723;0.3302054748102492;0.3501868728513742;0.10824654765793973;0.33848326481001223;0.3566702775631825;0.09852658083036658
2022-08-06 10:34:43.860;3.1487020832525334;45.647299437339825;0.052515487135217954;0.29552719335578104;0.32573088662834593;0.16768717418006585;0.3366469939289587;0.35699314523802883;0.11021214225446041;0.33871670947474186;0.35690687823262124;0.09854059909618229
2022-08-06 10:34:43.880;3.1514812643295325;46.21606859923486;0.05316983448922537;0.3120082770356589;0.34029534929274163;0.15635122783636746;0.34484924984023024;0.3657005548574048;0.11294890942871305;0.33381406605071007;0.3518244153156047;0.09759492092168376
2022-08-06 10:34:43.900;3.155498456774232;46.78347153073264;0.053822610046965855;0.3284896217886626;0.35486316200089263;0.1450345625634295;0.35305165289887697;0.3744083293767986;0.11568678561821422;0.3289113894919673;0.34674192562005146;0.09664924959908916
2022-08-06 10:34:43.920;3.160381571434588;47.34950665244105;0.05447381199140868;0.3356586514546507;0.35922083705471763;0.1287460201218975;0.3472853388529771;0.3683028172685354;0.11385451995193918;0.32400867979731984;0.3416594091597176;0.09570358521336342
2022-08-06 10:34:43.940;3.1657903727756502;47.91485658205784;0.0551242256483314;0.3413925875963173;0.3620207143947276;0.11178222929506809;0.34008475166994145;0.36062799039562066;0.11127505593173925;0.3245689625096624;0.3422272642271764;0.09573722388949335
2022-08-06 10:34:43.960;3.171396101384514;48.4802106068455;0.05577464401659294;0.3471265485961794;0.36482820469833754;0.09486325833831888;0.33288413937331285;0.35295332218894515;0.10869653423925296;0.32512925009286064;0.3427951242806557;0.09577086301389581
2022-08-06 10:34:43.980;3.176907438485689;49.046094106721284;0.05642567152586656;0.35077475448815676;0.3654442114118659;0.07737900165715939;0.3235993588944339;0.3430758985738649;0.10547860508989793;0.3236038369850611;0.3411754910121658;0.09525706801993739
2022-08-06 10:34:44.000;3.182071193604543;49.613020604381745;0.057077898964542774;0.3306242946628686;0.3437490134163248;0.06890019102125944;0.32207512461295806;0.3414668966561081;0.10502232967283298;0.32207845997686846;0.3395559050595125;0.09474333185588879
2022-08-06 10:34:44.020;3.1867444490628394;50.18097723410028;0.057731311531090956;0.31047406682824885;0.3220562394529587;0.060432930014543196;0.32055092640255367;0.3398579385198346;0.10456609347020152;0.32055311906669104;0.33793636641979674;0.09422965451415877
2022-08-06 10:34:44.040;3.1908303445421318;50.749918901237834;0.05838585734583878;0.2911534247881491;0.3012145632359555;0.05207209947394631;0.3198556268697317;0.33909822211573015;0.10420989044731055;0.3302044570282341;0.3478116150835149;0.09534530452696188
2022-08-06 10:34:44.060;3.194293435013311;51.319800685458176;0.059041484729642726;0.27183287961628366;0.28037510946117195;0.04372250081726836;0.3191603348406957;0.33833851614193833;0.10385370264347493;0.3398557528548771;0.35768670643534506;0.09646022286219225
2022-08-06 10:34:44.080;3.197164120793708;51.89014308910555;0.05969764203863157;0.25367477209005074;0.26079200707649974;0.035888892007919004;0.31962685189811424;0.33883753940265393;0.10403108803002414;0.34032265297225095;0.3581599157601545;0.09648824618890828
2022-08-06 10:34:44.100;3.1995724627994226;52.460488122662355;0.0603538023732315;0.27276641009382274;0.28338771851062106;0.05564626731604161;0.32009337233493085;0.33928625464458406;0.10391916939792267;0.3407895564718082;0.3586331285471829;0.09651626982665551
2022-08-06 10:34:44.120;3.2015930851150602;53.030856461460644;0.061009989519628056;0.29185811143673845;0.3059946472331738;0.07546588160931567;0.32055989615125924;0.3397349729893122;0.10380724949151254;0.34125646335366255;0.35910634479660075;0.0965442937754597
2022-08-06 10:34:44.140;3.2033819404694897;53.60089106455416;0.061665792715750956;0.3115428967684011;0.32927190871137313;0.09571576050093977;0.3216190547055717;0.3408453482158862;0.10408011192494726;0.34231649158943256;0.3602318595367251;0.09690137866762072
2022-08-06 10:34:44.160;3.2051058953851657;54.170214011617645;0.06232077717859608;0.3312278356546017;0.3525610085219135;0.11603081368092294;0.3226782306776741;0.3419557434357685;0.10435298696664574;0.34337653725726014;0.3613573971261417;0.09725849197218928
2022-08-06 10:34:44.180;3.2069241991642308;54.74037110598147;0.06297672129628082;0.3470759771260532;0.37172306126771204;0.13475245678796366;0.3199034842934694;0.3389189658327396;0.10290295077740819;0.3405995125121457;0.3584798855500253;0.09673068187639089
2022-08-06 10:34:44.200;3.208958124699137;55.3128813212752;0.0636353725903691;0.3339521096451108;0.35886167006648506;0.1365182866678918;0.31712885743807107;0.3359389605948664;0.10177865864503133;0.3378226073940631;0.3556024957124464;0.09620287224915636
2022-08-06 10:34:44.220;3.211372832212332;55.88771932187228;0.06429670191318324;0.32082855987897574;0.3460006065247079;0.13828433341691415;0.3143543501024979;0.33295911794127875;0.10065459269298138;0.33504582189386056;0.3527252276088575;0.09567506311663632
2022-08-06 10:34:44.240;3.214265793201193;56.463713932076644;0.0649593618714939;0.31048159751168214;0.33614467882338417;0.14130865508176882;0.3143543501024979;0.33299054600613687;0.10083531451044347;0.33504582189386056;0.3527252276088575;0.09567506311663632
2022-08-06 10:34:44.260;3.217692759659579;57.03969878891803;0.06562201060893029;0.3001346351445022;0.32628895203688657;0.14433436486300355;0.3143543501024979;0.3330219740557041;0.10101603630471256;0.33504582189386056;0.3527252276088575;0.09567506311663632
2022-08-06 10:34:44.280;3.2216878504576365;57.61584773523646;0.06628484812508803;0.304407169311105;0.33096921138334423;0.14659222023865226;0.3103492246664601;0.3286505146470873;0.09899128084978148;0.33517959306357525;0.3528372196155942;0.09554779771491173
2022-08-06 10:34:44.300;3.2262068059702487;58.192334522078454;0.0669480743139578;0.30867970757242347;0.3356496223773;0.14885086672610015;0.30634409569021415;0.3242791696465943;0.09696715591255334;0.3353133645107427;0.352949212163594;0.09542053397114092
2022-08-06 10:34:44.320;3.2311845498734715;58.76915896603168;0.06761168896453065;0.3129522499283439;0.3403301850648539;0.1511103045662212;0.30233896317347586;0.3199079390197781;0.09494366131579035;0.3354471362350786;0.3530612052525157;0.09529327188530079
2022-08-06 10:34:44.340;3.2365195697241105;59.34615445863892;0.06827550040009409;0.3170910406013263;0.34490171428350536;0.15351431150729855;0.2982001725005503;0.3154285390400915;0.09306942050774936;0.3251001595526226;0.34225985873666787;0.09286783924909958
2022-08-06 10:34:44.360;3.2420838916100347;59.92315448310546;0.0689393170493898;0.32122983127436555;0.349473411150111;0.15591922431219274;0.2940613818275679;0.3109492409256873;0.09119571894220524;0.3147531828701666;0.33145865830795174;0.09044308328513662
2022-08-06 10:34:44.380;3.2477304426374682;60.500164693592524;0.0696031454173159;0.32122983127436555;0.35157495924763893;0.16799080908552977;0.2940613818275679;0.3108990307395416;0.09090697903405864;0.3147531828701666;0.33145865830795174;0.09044308328513662
2022-08-06 10:34:44.400;3.253300873978189;61.07717011083878;0.07026696827080017;0.32122983127436555;0.35368039631415726;0.18008502324212117;0.2940613818275679;0.3108488205142308;0.09061823906619271;0.3147531828701666;0.33145865830795174;0.09044308328513662
2022-08-06 10:34:44.420;3.258625223970633;61.65417761711433;0.07093079352763346;0.32122983127436555;0.3557897285086504;0.19220190378401814;0.2940613818275679;0.31079861024975486;0.09032949903857368;0.3147531828701666;0.33145865830795174;0.09044308328513662
2022-08-06 10:34:44.440;3.263542914069269;62.23118721628998;0.07159462119226895;0.32122983127436555;0.3579029619981746;0.20434148776627126;0.2940613818275679;0.3107483999460001;0.09004075895120778;0.3147531828701666;0.33145865830795174;0.09044308328513662
2022-08-06 10:34:44.460;3.267901142600347;62.808198912207445;0.07225845126912639;0.32122983127436555;0.3600201029575736;0.21650381229683902;0.2940613818275679;0.3106981896030234;0.08975201880403816;0.3147531828701666;0.33145865830795174;0.09044308328513662
2022-08-06 10:34:44.480;3.271560274979678;63.385211657463515;0.07292228255320811;0.32122983127436555;0.3600201029575736;0.21650381229683902;0.2919919864910767;0.3085339190569485;0.08924861779092907;0.3216511673251752;0.338556975040035;0.09147173270081854
2022-08-06 10:34:44.500;3.274405484386932;63.962224402719585;0.07358611383728983;0.32122983127436555;0.3600201029575736;0.21650381229683902;0.2899225911545287;0.306369652602406;0.08874523362132081;0.3285491517801269;0.34565525789292906;0.09250014096136105
2022-08-06 10:34:44.520;3.276342432235677;64.53923714797565;0.07424994512137155;0.32122983127436555;0.3600201029575736;0.21650381229683902;0.2878531958180375;0.30420539024013493;0.08824186629949793;0.3354471362350786;0.3527535067953522;0.09352830767420706
2022-08-06 10:34:44.540;3.277301193349138;65.11624989323172;0.07491377640545326;0.32122983127436555;0.3600201029575736;0.21650381229683902;0.2857838004815463;0.3020411319707037;0.08773851582967307;0.3354471362350786;0.3527535067953522;0.09352830767420706
2022-08-06 10:34:44.560;3.2772363957257187;65.6932626384878;0.07557760768953498;0.32122983127436555;0.3600201029575736;0.21650381229683902;0.2837144051450551;0.29987687779468075;0.08723518221604198;0.3354471362350786;0.3527535067953522;0.09352830767420706
2022-08-06 10:34:44.580;3.2761170573480927;66.27027141267172;0.07624143440504877;0.3160563429330523;0.3520081464595499;0.20030075163197836;0.2863011493156833;0.3026135608674636;0.08804472226311777;0.3354471362350786;0.3527535067953522;0.09352830767420706
2022-08-06 10:34:44.600;3.273951789683033;66.8472722481456;0.07690525198737767;0.3108828545918527;0.3440032387825589;0.1841381276351317;0.2888878934863115;0.30535026148962885;0.08885435008224718;0.3354471362350786;0.3527535067953522;0.09352830767420706
2022-08-06 10:34:44.620;3.2707564388918127;67.42426515177794;0.07756906044442366;0.3057093662505963;0.3360053648538859;0.16801585198396474;0.2914746376569397;0.3080869796621428;0.08966406567922292;0.3354471362350786;0.3527535067953522;0.09352830767420706
2022-08-06 10:34:44.640;3.2665685055612608;68.00125700863282;0.07823286769719184;0.3005358779093399;0.3280145096279874;0.15193383652558712;0.2940613818275679;0.3108237153869382;0.09047386905986343;0.3406206245762782;0.35824646636388024;0.09527033793487938
2022-08-06 10:34:44.660;3.26142909313055;68.57823245651525;0.07889665607205945;0.29225829656343194;0.3167772820253525;0.1350955588741254;0.30440835850996706;0.32187132561708864;0.09429183378137473;0.3457941129175346;0.3637395292887504;0.09701290493240222
2022-08-06 10:34:44.680;3.2553903630312604;69.15519676818076;0.07956043163513174;0.28398071521746715;0.3055478186869003;0.11830148472874846;0.3147553351924799;0.3329193593894857;0.09811199036944007;0.3457941129175346;0.3637395292887504;0.09701290493240222
2022-08-06 10:34:44.700;3.2485120542780908;69.73214995109447;0.08022419439499708;0.2757031338714455;0.29432610202681175;0.10155151240616167;0.3251023118749927;0.34396781692564815;0.10193433991807588;0.3457941129175346;0.3637395292887504;0.09701290493240222
2022-08-06 10:34:44.720;3.2408536873459926;70.30909201270697;0.08088794436022707;0.26742555252553757;0.28311211449274865;0.0848455404290398;0.3354492885574487;0.3550166984476064;0.1057588835218013;0.3457941129175346;0.3637395292887504;0.09701290493240222
2022-08-06 10:34:44.740;3.232474497458771;70.88602296046884;0.08155168153939332;0.25914797117951593;0.2719058385655124;0.0681834675252535;0.3457962652399047;0.36606600417761825;0.10958562227567281;0.3457941129175346;0.3637395292887504;0.09701290493240222
2022-08-06 10:34:44.760;3.223449570423232;71.46295068499603;0.08221541501035032;0.2632867618524415;0.2766098372483974;0.07134964489479678;0.33958807923037426;0.359421259712839;0.10720243383457628;0.3457941129175346;0.3637395292887504;0.09701290493240222
2022-08-06 10:34:44.780;3.21381591233119;72.03988307332475;0.0828791538468341;0.26742555252553757;0.28131412527661936;0.0745174138809288;0.33337989322090067;0.3527766808328252;0.10482010670946362;0.34234512069008716;0.36007747585341576;0.09585113395609568
2022-08-06 10:34:44.800;3.2036255456252345;72.61682012568781;0.08354289804911257;0.27156434319851996;0.2860187027792698;0.07768677518830369;0.3271717072114271;0.3461322674820977;0.10243864062442842;0.3388961284625829;0.3564154683584775;0.09468960155111006
2022-08-06 10:34:44.820;3.1929284476762807;73.19376184234716;0.08420664761748703;0.2757031338714455;0.2907235698855537;0.08085772952193793;0.3209635212019535;0.33948801960540465;0.10005803530387158;0.3354471362350786;0.3527535067953522;0.09352830767420706
2022-08-06 10:34:44.840;3.1817745257229384;73.77070822355017;0.08487040255224212;0.2798419245444279;0.2954287267247331;0.08403027758702653;0.3147553351924799;0.3328439371476648;0.09767829047209187;0.3354471362350786;0.3527535067953522;0.09352830767420706
2022-08-06 10:34:44.860;3.170199454565031;74.34765470775164;0.08553415760549303;0.27466843620322834;0.2909313707130785;0.08801503179694414;0.31734207936305125;0.3355808532153688;0.09848900719825782;0.3354471362350786;0.3527535067953522;0.09352830767420706
2022-08-06 10:34:44.880;3.1582692538025317;74.92460361117992;0.08619791544197264;0.26949494786202877;0.28643441564488725;0.09200226293462865;0.31992882353367946;0.33831778685206615;0.09929981178481295;0.3354471362350786;0.3527535067953522;0.09352830767420706
2022-08-06 10:34:44.900;3.1460396877524692;75.50154117881175;0.08686166023704828;0.26432145952077235;0.2819378617178607;0.09599197232477952;0.32251556770430767;0.34105473805889375;0.1001107042375784;0.3354471362350786;0.3527535067953522;0.09352830767420706
2022-08-06 10:34:44.920;3.133568167108475;76.07847428869718;0.08752539990365571;0.25914797117951593;0.2774417091298709;0.09998416129271348;0.3251023118749927;0.3437917068374432;0.1009216845623877;0.3354471362350786;0.3527535067953522;0.09352830767420706
2022-08-06 10:34:44.940;3.1209494553818544;76.65541353944718;0.08818914663509499;0.2757031338714455;0.29432610202681175;0.10155151240616167;0.3251023118749927;0.3437917068374432;0.1009216845623877;0.3354471362350786;0.3527535067953522;0.09352830767420706
2022-08-06 10:34:44.960;3.1082374898833796;77.23236952930893;0.08885291262424759;0.29225829656343194;0.31121059240822646;0.10311924941290318;0.3251023118749927;0.3437917068374432;0.1009216845623877;0.3354471362350786;0.3527535067953522;0.09352830767420706
2022-08-06 10:34:44.980;3.0955183190105227;77.80934225788951;0.08951669787066154;0.30881345925541837;0.3280951802993535;0.10468737239703874;0.3251023118749927;0.3437917068374432;0.1009216845623877;0.3354471362350786;0.3527535067953522;0.09352830767420706
2022-08-06 10:34:45.000;3.082886062408547;78.38633172479604;0.09018050237388478;0.3253686219472911;0.34497986572543127;0.10625588144268328;0.3251023118749927;0.3437917068374432;0.1009216845623877;0.3354471362350786;0.3527535067953522;0.09352830767420706
2022-08-06 10:34:45.020;3.0704415677755756;78.96333792965015;0.09084432613348205;0.34192378463927753;0.3618646487122099;0.10782477663409917;0.3251023118749927;0.3437917068374432;0.1009216845623877;0.3354471362350786;0.3527535067953522;0.09352830767420706
2022-08-06 10:34:45.040;3.058259808979092;79.54034715705347;0.09150815337040756;0.3295074126202735;0.351078035952721;0.11742834633189947;0.3292411025479183;0.3482463906832223;0.10265354930005355;0.3354471362350786;0.3527535067953522;0.09352830767420706
2022-08-06 10:34:45.060;3.0464782883942667;80.1173456928882;0.09217196830708882;0.3170910406013263;0.34029374207167606;0.12704624096597872;0.33337989322090067;0.35270116231854587;0.10438587532944155;0.3354471362350786;0.3527535067953522;0.09352830767420706
2022-08-06 10:34:45.080;3.0352023264269317;80.69433353924978;0.09283577094593655;0.3046746685823791;0.3295117698110879;0.13667847891966733;0.3375186838939399;0.3571560217646734;0.10611866276132087;0.3388961284625829;0.3564154683584775;0.09468960155111006
2022-08-06 10:34:45.100;3.024531637229552;81.27131069824827;0.0934995612893783;0.29225829656343194;0.3187321219153567;0.14632507859639432;0.34165747456686546;0.3616109690437739;0.10785191170644381;0.34234512069008716;0.36007747585341576;0.09585113395609568
2022-08-06 10:34:45.120;3.0145542971546426;81.84827717197913;0.09416333933982479;0.2798419245444279;0.30795480113138396;0.15598605841981694;0.3457962652399047;0.36606600417761825;0.10958562227567281;0.3457941129175346;0.3637395292887504;0.09701290493240222
2022-08-06 10:34:45.140;3.0053549177191323;82.42524149614474;0.09482711491727798;0.272081692032657;0.3005199840477779;0.1580089151734816;0.3406227768986483;0.36046574233851203;0.10723754028429955;0.3457941129175346;0.3637395292887504;0.09701290493240222
2022-08-06 10:34:45.160;2.996989854383703;83.00219157172978;0.09549087410227951;0.26432145952077235;0.2930852540055433;0.1600323884092063;0.3354492885574487;0.3548656400018686;0.10489030256726117;0.3457941129175346;0.3637395292887504;0.09701290493240222
2022-08-06 10:34:45.180;2.98949551594297;83.5791342766097;0.09615462480756426;0.2565612270088877;0.2856506110221311;0.16205647828192227;0.3302758002161923;0.34926569711414146;0.1025439088511142;0.3457941129175346;0.3637395292887504;0.09701290493240222
2022-08-06 10:34:45.200;2.982893328643162;84.15606961076992;0.09681836703311551;0.24880099449705995;0.27821605511476477;0.16408118494664237;0.3251023118749927;0.3436659136225231;0.10019835886266648;0.3457941129175346;0.3637395292887504;0.09701290493240222
2022-08-06 10:34:45.220;2.97719689914443;84.73300476362783;0.09748210905008532;0.25500918050653354;0.28528486938332875;0.16890308268456522;0.3188941258654623;0.33702182774940326;0.09781863071649965;0.3457941129175346;0.3637395292887504;0.09701290493240222
2022-08-06 10:34:45.240;2.972366000683558;85.30994692489185;0.0981458591299606;0.2612173665159503;0.2923543432648579;0.17372860997152362;0.31268593985604554;0.33037790723583527;0.09543976274974675;0.3406206245762782;0.35824646636388024;0.09527033793487938
2022-08-06 10:34:45.260;2.968356678857309;85.88689609512949;0.09880961727339427;0.26742555252553757;0.2994244772003434;0.17855776921447575;0.30647775384645826;0.3237341520264536;0.09306175468682021;0.3354471362350786;0.3527535067953522;0.09352830767420706
2022-08-06 10:34:45.280;2.9651078550929184;86.46385227490828;0.09947338348103923;0.2736337385349543;0.3064952716305491;0.18339056282172006;0.3002695678370415;0.31709056206623387;0.09068460625249752;0.3354471362350786;0.3527535067953522;0.09352830767420706
2022-08-06 10:34:45.300;2.9625450231805486;87.0408154648103;0.10013715775356517;0.2798419245444279;0.31356672699720534;0.18822699320298408;0.2940613818275679;0.31044713729981055;0.08830831717139187;0.3354471362350786;0.3527535067953522;0.09352830767420706
2022-08-06 10:34:45.320;2.960580685928867;87.61778391057305;0.1008009380727596;0.28811950589044955;0.31709857690603016;0.16079859252330575;0.2919919864910767;0.3083331058943273;0.08809381399020388;0.3354471362350786;0.3527535067953522;0.09352830767420706
2022-08-06 10:34:45.340;2.959175170673236;88.19416996272776;0.10146404837019132;0.30863736171295386;0.33317299493242203;0.13486880167532522;0.3021541314991296;0.3187429512997042;0.08931106936321243;0.34768976892718584;0.3652474997147124;0.09475606316580265
2022-08-06 10:34:45.360;2.958195994841928;88.76938637582498;0.10212581304223813;0.3291582417008385;0.349267476988782;0.10904182329056056;0.3123184255173115;0.32915505010502244;0.09052879877081832;0.3599347274358742;0.37774393703250553;0.09598435748872092
2022-08-06 10:34:45.380;2.9575219758023334;89.34402591568505;0.10278691404349963;0.3374365218436992;0.3528561451807626;0.08194693877174153;0.3102488554815537;0.3270407898566319;0.0903140162293683;0.3599347274358742;0.37774393703250553;0.09598435748872092
2022-08-06 10:34:45.400;2.957126134790291;89.91866215780465;0.10344801125083576;0.3457148019866736;0.3564642871253021;0.054966887366493467;0.3081792854458527;0.32492651936141925;0.09009917178899585;0.3599347274358742;0.37774393703250553;0.09598435748872092
2022-08-06 10:34:45.420;2.9569352902901636;90.49329684043914;0.10410910666404342;0.3415756619152148;0.3496967976931522;0.03995408141305301;0.3102488554815537;0.3270407898566319;0.0903140162293683;0.3599347274358742;0.37774393703250553;0.09598435748872092
2022-08-06 10:34:45.440;2.9569251577655855;91.06807410161855;0.10477036610846067;0.33798283528238926;0.3434668542141388;0.02488040823520432;0.3128643140702039;0.3296851100497875;0.0904266496073367;0.36048111493716206;0.3782767393818176;0.09589688469644742
2022-08-06 10:34:45.460;2.9570682371001857;91.6431431261226;0.10543196121551975;0.334389997688163;0.3372431808650411;0.00984288066569139;0.31547978508198327;0.33232943135877946;0.0905392157054754;0.36102750706982434;0.3788095461829357;0.09580941113781094
2022-08-06 10:34:45.480;2.9573570821070643;92.21835580254992;0.10609372158866952;0.33090461058827714;0.3311578120483567;-0.005019466777029358;0.3182026509952962;0.3351072333743801;0.09079958705262481;0.3616813829258412;0.3794722540145017;0.09584863330288229
2022-08-06 10:34:45.500;2.9578021743641725;92.79356409725006;0.1067554769208083;0.3274192114608354;0.3250785553986155;-0.019846567079759403;0.3209255328654663;0.33788504217071846;0.09105990055291091;0.36233526541491656;0.3801349686358435;0.09588785607735151
2022-08-06 10:34:45.520;2.958432482886984;93.36877021266992;0.10741722974576777;0.32289900439241137;0.32345033803758483;-0.0031538760538474264;0.3293398082161403;0.34682254799120216;0.09389686921863305;0.36298915453727787;0.3807976900472454;0.09592707946120971
2022-08-06 10:34:45.540;2.9592761626647457;93.94376746843773;0.10807874228561716;0.31833683238539834;0.321819611578146;0.013767272984529733;0.337712203127559;0.35575216779032104;0.0969300058871605;0.3687750835480905;0.3869410821058068;0.09787609515819273
2022-08-06 10:34:45.560;2.9603777672234948;94.51834683899506;0.10873977406437739;0.31377464435752245;0.3201966586550178;0.030734257981043456;0.346084636585978;0.3646820945201412;0.09996452796355548;0.3745610401965713;0.39308463283703077;0.09982579171293615
2022-08-06 10:34:45.580;2.9617862440244425;95.09246092390822;0.10940027054964682;0.3099767254482799;0.3193647829316113;0.047841499863531034;0.35522098468752716;0.3743962135480743;0.10309987302505252;0.3759375154700173;0.3945161177235832;0.10011720001766111
2022-08-06 10:34:45.600;2.963558408150243;95.6660681243302;0.11006018388352934;0.3196313181084065;0.3304833078592786;0.05606165240624161;0.35452673986706174;0.37364583024479003;0.10279128565899942;0.37731402013583093;0.39594763647465925;0.10040863086036289
2022-08-06 10:34:45.620;2.9657204832779662;96.2391738554652;0.11071952029601205;0.32928601871475394;0.34160390251636485;0.06429265624304037;0.3538325047758022;0.37289545903926324;0.1024827104234074;0.3786905541952059;0.3973791890919074;0.10070008424323262
2022-08-06 10:34:45.640;2.968310518065599;96.81204195242753;0.11137858331938981;0.33849860190088066;0.3522372525250965;0.07227269606216957;0.35269633803407174;0.3716537721594264;0.10189922399937945;0.37962480392718945;0.3983260719605255;0.10075618669507769
2022-08-06 10:34:45.660;2.9713522529745857;97.38491600470297;0.11203765319412945;0.34771125194413344;0.3628724992925889;0.08026286285998374;0.3515601714913501;0.37041209365415995;0.10131578067853741;0.38055906719938903;0.39927296868972917;0.10081229039249884
2022-08-06 10:34:45.680;2.9748488849208736;97.95821165406232;0.1126972081003279;0.35478464436732793;0.371273234753712;0.08774739256227715;0.34828620706813496;0.36693113666334654;0.10019251589317335;0.3759043230061856;0.3943304800204146;0.09924346487440694
2022-08-06 10:34:45.700;2.978801235312916;98.53233481388452;0.11335771502593608;0.3577187382325633;0.37496867774748566;0.09206225441870242;0.3491515346589509;0.36785502605588505;0.10051155380551346;0.3712496300112811;0.3893881294327457;0.09767509132067165
2022-08-06 10:34:45.720;2.983200827223259;99.10728200546146;0.11401916996883223;0.3606528202353161;0.37866461777016625;0.09637998860783625;0.35001686756837813;0.3687789242049817;0.10083060967267787;0.3665949882131976;0.3844459169008587;0.09610716961017562
2022-08-06 10:34:45.740;2.9880266400199385;99.68264501900558;0.11468110329913433;0.3657261864379393;0.3845976532159874;0.10121751752598751;0.3530199297554546;0.37194205358677124;0.10168959469526317;0.3675291792954489;0.3853927268838788;0.09616320805749634
2022-08-06 10:34:45.760;2.993235845706618;100.25801622533618;0.11534304605492665;0.37079959283772723;0.3905313952280629;0.10605874962428707;0.3560230188004212;0.3751052327523112;0.10254869465088223;0.3684633839168363;0.38633955072623394;0.09621924774868873
2022-08-06 10:34:45.780;2.998778137655176;100.83322379408492;0.11600480055188589;0.3754402636155305;0.3960536188007744;0.11103017723357933;0.35859368308334894;0.37785743288916507;0.10353991550708219;0.36896481081931043;0.38687195319863577;0.09638813582228334
2022-08-06 10:34:45.800;3.004585144809633;101.40808863436541;0.11666616075273809;0.3655934863547827;0.38707852702046;0.11622896050167952;0.3513335777497346;0.3700253135581093;0.10039940142606252;0.3694662416221526;0.38740436078336415;0.09655703025195095
2022-08-06 10:34:45.820;3.010613089673078;101.98260339022818;0.11732711819474229;0.35574667722084996;0.378104069983376;0.12143197948337914;0.3440734494834956;0.3621934574779644;0.09726039557469157;0.3699676763251354;0.3879367734804191;0.09672593103792604
2022-08-06 10:34:45.840;3.016804427506093;102.5558995499523;0.11798667368809605;0.3493875941638862;0.37280930011464974;0.12766933822405058;0.34029853653797915;0.35804551210194546;0.09519259902960897;0.3739573705969441;0.3921278748113082;0.09781128470188616
2022-08-06 10:34:45.860;3.0230834570242813;103.12710489962046;0.11864382378376039;0.34302847336698505;0.36751555980876205;0.13391317850705065;0.3365236568346077;0.35389772512778706;0.0931254760930793;0.3779473118053751;0.3963192780798863;0.09889692198042344
2022-08-06 10:34:45.880;3.029382292108042;103.6972672917691;0.11929977399634566;0.3334895814386414;0.3604707080971501;0.1484257928844901;0.3373327087880753;0.3548200458123816;0.09376024513422809;0.3787570858945095;0.39714000007893446;0.09894554288004986
2022-08-06 10:34:45.900;3.0356337175586017;104.26741798912553;0.11995571075451596;0.3239506419094482;0.35343126647526546;0.1629711311989519;0.33814177090508934;0.35574237927838936;0.09439502627906116;0.3795668701562853;0.39796073249146957;0.09899416471554279
2022-08-06 10:34:45.920;3.0417639326711146;104.83756379369152;0.12061164188371636;0.31441165477855293;0.3463972450388404;0.17754925746737982;0.33895084318582036;0.35666472552637885;0.09502981952801548;0.3803766645909299;0.39878147531749164;0.09904278748695017
2022-08-06 10:34:45.940;3.0476999505615767;105.40759131433879;0.12126743693175342;0.3043900479537456;0.33889660510632424;0.1922302847227062;0.33927762904855996;0.3571155904734624;0.09573657876821606;0.38070374213294045;0.3991287685686302;0.09915300553450557
2022-08-06 10:34:45.960;3.0533714011867685;105.97738711872807;0.12192296539902193;0.2943684194532352;0.33140148650627665;0.20694460132171955;0.33960441656913787;0.3575664621388128;0.09644336647029306;0.38103082133438093;0.39947606399493907;0.09926322628758477
2022-08-06 10:34:45.980;3.058713648785023;106.54706792374054;0.122578361563868;0.296438139992631;0.3331956960697333;0.20532049574793998;0.34374385764787263;0.3619210432492892;0.09759587779776346;0.38103082133438093;0.39947606399493907;0.09926322628758477
2022-08-06 10:34:46.000;3.0636381432878017;107.11675048490724;0.12323375974910294;0.2985078605320268;0.3349899707859798;0.20369679290753862;0.34788329872655055;0.3662756550498685;0.09874853530608174;0.38103082133438093;0.39947606399493907;0.09926322628758477
2022-08-06 10:34:46.020;3.068064767029404;107.68643480230094;0.12388915995481042;0.30057758107130894;0.33678431064222636;0.2020734927145087;0.3520227398052853;0.3706302975404938;0.09990133899016573;0.38103082133438093;0.39947606399493907;0.09926322628758477
2022-08-06 10:34:46.040;3.071911742497568;108.25612087596528;0.12454456218104071;0.30264730161070474;0.33857871562551267;0.20045059508293583;0.3561621808840201;0.37498497072150627;0.10105428884494394;0.38103082133438093;0.39947606399493907;0.09926322628758477
2022-08-06 10:34:46.060;3.0750970544048872;108.82580870597303;0.12519996642787748;0.30471702215010055;0.3403731857232195;0.19882809992688255;0.360301621962698;0.3793396745923374;0.10220738486517167;0.38103082133438093;0.39947606399493907;0.09926322628758477
2022-08-06 10:34:46.080;3.0775407837222564;109.39549831911427;0.12585537272614172;0.3098913234985048;0.3422223543266476;0.17962330047560826;0.3628887726368717;0.3820771162876113;0.10301861767847154;0.38103082133438093;0.39947606399493907;0.09926322628758477
2022-08-06 10:34:46.100;3.079168069487586;109.96518974686478;0.1265107811120451;0.31506562484679534;0.34408116282108026;0.160475293545848;0.3654759233110454;0.3848145755618262;0.10382993838723742;0.38103082133438093;0.39947606399493907;0.09926322628758477
2022-08-06 10:34:46.120;3.0799118443368876;110.53488299863966;0.12716619159641937;0.3202399261951996;0.34594958739554826;0.1413839329229667;0.36806307398527593;0.3875520524161189;0.10464134699723182;0.38103082133438093;0.39947606399493907;0.09926322628758477
2022-08-06 10:34:46.140;3.079722814956588;111.10458487514552;0.1278216120032196;0.32541422754360383;0.34782760428728565;0.1223490727204588;0.3706502246595065;0.3902895468521379;0.1054528435142732;0.38103082133438093;0.39947606399493907;0.09926322628758477
2022-08-06 10:34:46.160;3.0785661033377187;111.67428114225186;0.1284770259566184;0.32955366862228175;0.3483646932636155;0.10157802812545924;0.36444106304143276;0.38356850606104587;0.10263676427284807;0.38103082133438093;0.39947606399493907;0.09926322628758477
2022-08-06 10:34:46.180;3.0764306891362527;112.24397794064862;0.12913244052124664;0.3336931097010165;0.34891325891751634;0.08087434452543363;0.35823190142335903;0.3768476948708681;0.09982190023744142;0.38103082133438093;0.39947606399493907;0.09926322628758477
2022-08-06 10:34:46.200;3.073336386504985;112.81367528155533;0.12978785571001203;0.33783255077969443;0.3494732700489429;0.06023783163683305;0.3520227398052853;0.37012711318974567;0.09700825093581145;0.38103082133438093;0.39947606399493907;0.09926322628758477
2022-08-06 10:34:46.220;3.069333607429196;113.38337317616242;0.13044327153578872;0.34197199185848604;0.3500446955283927;0.03966829964478702;0.3458135781872116;0.3634067609257059;0.09419581589591175;0.38103082133438093;0.39947606399493907;0.09926322628758477
2022-08-06 10:34:46.240;3.0645072644590425;113.95307163561665;0.1310986880114006;0.3461114329371071;0.35062750429537104;0.01916555920177654;0.33960441656913787;0.35668663798654876;0.09138459464576432;0.38103082133438093;0.39947606399493907;0.09926322628758477
2022-08-06 10:34:46.260;3.0589717241095973;114.52276814713696;0.13175410224598838;0.34197199185848604;0.3460642562373799;0.016811816438980998;0.34374385764787263;0.3612672748177843;0.09383691081097112;0.38103082133438093;0.39947606399493907;0.09926322628758477
2022-08-06 10:34:46.280;3.0528872672800693;115.09246019244165;0.13240951134236445;0.33783255077969443;0.3415011727801378;0.014458962672494913;0.34788329872655055;0.3658480702298803;0.09629008067064593;0.38103082133438093;0.39947606399493907;0.09926322628758477
2022-08-06 10:34:46.300;3.046439011522029;115.66214777164714;0.13306491530066272;0.3336931097010165;0.33693825386788134;0.012106997605947356;0.3520227398052853;0.3704290242717221;0.09874410448221305;0.38103082133438093;0.39947606399493907;0.09926322628758477
2022-08-06 10:34:46.320;3.0398370258603746;116.2318308848844;0.1337203141210339;0.32955366862228175;0.33237549944450606;0.009755920942892793;0.3561621808840201;0.37501013699225183;0.10119898250309411;0.38103082133438093;0.39947606399493907;0.09926322628758477
2022-08-06 10:34:46.340;3.0333083189816645;116.8015095322844;0.13437570780362865;0.32541422754360383;0.3278129094540212;0.007405732387086417;0.360301621962698;0.37959140844018435;0.1036547149907312;0.38103082133438093;0.39947606399493907;0.09926322628758477
2022-08-06 10:34:46.360;3.0270838121752135;117.3711828987507;0.1350310954107094;0.3192050659255301;0.3215847433685006;0.007416044823026269;0.3561621808840201;0.3750604695043549;0.1014883697748834;0.38103082133438093;0.39947606399493907;0.09926322628758477
2022-08-06 10:34:46.380;3.0213970677275914;117.94085696008551;0.13568648381721005;0.31299590430751323;0.3153565766549171;0.007426354094740795;0.3520227398052853;0.3705296609847224;0.09932272185511959;0.38103082133438093;0.39947606399493907;0.09926322628758477
2022-08-06 10:34:46.400;3.016460550104906;118.51051813428785;0.13634185739755345;0.3067867426893258;0.3091284093132707;0.007436660202063905;0.34788329872655055;0.36599898284331545;0.09715777103301715;0.38103082133438093;0.39947606399493907;0.09926322628758477
2022-08-06 10:34:46.420;3.0124548078055806;119.08017321225634;0.13699722396441094;0.30057758107130894;0.30290024134390237;0.0074469631448996765;0.34374385764787263;0.36146843504216264;0.09499351711013748;0.38103082133438093;0.39947606399493907;0.09926322628758477
2022-08-06 10:34:46.440;3.009523038271366;119.64982219391823;0.13765258351769885;0.2943684194532352;0.2966720727466985;0.007457262923086461;0.33960441656913787;0.3569380175430652;0.09282995988806242;0.38103082133438093;0.39947606399493907;0.09926322628758477
2022-08-06 10:34:46.460;3.007779675828685;120.21947607002949;0.1383079487018652;0.30730417282427425;0.3129009647350607;0.026120098313917595;0.33960441656913787;0.3568751727458803;0.09246861871737266;0.38103082133438093;0.39947606399493907;0.09926322628758477
2022-08-06 10:34:46.480;3.0072291795795527;120.78914583598817;0.13896333216669846;0.3202399261951996;0.3291397298145533;0.044838661027609916;0.33960441656913787;0.3568123278874751;0.09210727745345615;0.38103082133438093;0.39947606399493907;0.09926322628758477
2022-08-06 10:34:46.500;3.0078368957560984;121.35883150102018;0.13961873392281274;0.33317567956618177;0.3453883935934208;0.063613096947992;0.33960441656913787;0.35674948296779263;0.09174593609625781;0.38103082133438093;0.39947606399493907;0.09926322628758477
2022-08-06 10:34:46.520;3.009502265964682;121.92853307438054;0.14027415398085555;0.3461114329371071;0.3616469817358414;0.0824435522952136;0.33960441656913787;0.35668663798654876;0.09138459464576432;0.38103082133438093;0.39947606399493907;0.09926322628758477
2022-08-06 10:34:46.540;3.0120541199169915;122.49824748167157;0.14092958880384898;0.35439031509457664;0.37161397911503613;0.09197636502336248;0.3375346960297989;0.35457232010177364;0.091170375101564;0.38103082133438093;0.39947606399493907;0.09926322628758477
2022-08-06 10:34:46.560;3.0152783444276188;123.06797164503223;0.14158503485083057;0.3626691972519893;0.3815835406721497;0.1015235394527112;0.3354649754904031;0.3524579919403905;0.09095609350106848;0.38103082133438093;0.39947606399493907;0.09926322628758477
2022-08-06 10:34:46.580;3.018905850803011;123.63770556681993;0.14224049212451245;0.370948079409402;0.3915556697854434;0.11108509458410509;0.333395254951121;0.35034365350603736;0.09074174986298367;0.38103082133438093;0.39947606399493907;0.09926322628758477
2022-08-06 10:34:46.600;3.022631765191136;124.20744924936298;0.14289596062757326;0.3792269615668715;0.40153036983772594;0.12066104944059752;0.3313255344117252;0.3482293048020111;0.09052734420574016;0.38103082133438093;0.39947606399493907;0.09926322628758477
2022-08-06 10:34:46.620;3.0261282405409218;124.77720269501879;0.14355144036272507;0.3875058437242842;0.41150764421493236;0.13025142306745163;0.3292558138723862;0.34611494583166547;0.09031287654799858;0.38103082133438093;0.39947606399493907;0.09926322628758477
2022-08-06 10:34:46.640;3.029048627681082;125.34696680765046;0.14420693236982818;0.3833664026454926;0.4094492527870237;0.14228347622159898;0.3292558138723862;0.3460395857497147;0.0898795624865425;0.38103082133438093;0.39947606399493907;0.09926322628758477
2022-08-06 10:34:46.660;3.0310784148842234;125.91672211566038;0.14486241424754778;0.3792269615668715;0.40739467577892796;0.15433806652224202;0.3292558138723862;0.3459642255794293;0.08944624829062509;0.38103082133438093;0.39947606399493907;0.09926322628758477
2022-08-06 10:34:46.680;3.031906504118337;126.48647541482205;0.14551789381416366;0.37508752048813676;0.40534391913453405;0.16641523067005082;0.3292558138723862;0.3458888653208092;0.08901293396017795;0.38103082133438093;0.39947606399493907;0.09926322628758477
2022-08-06 10:34:46.700;3.03125447516654;127.05622670887533;0.14617337107397838;0.370948079409402;0.40329698880563214;0.17851500541772758;0.3292558138723862;0.3458135049739113;0.08857961949522775;0.38103082133438093;0.39947606399493907;0.09926322628758477
2022-08-06 10:34:46.720;3.028881297986158;127.62597600156005;0.14682884603129442;0.3668086383307241;0.40125389075151574;0.19063742756996582;0.3292558138723862;0.3457381445386787;0.08814630489572739;0.38103082133438093;0.39947606399493907;0.09926322628758477
2022-08-06 10:34:46.740;3.02458130909731;128.19571955897118;0.1474843143903957;0.3564600356339156;0.3915764117919842;0.1946978821938563;0.3318429645465599;0.3484752415870176;0.08895574575775633;0.38103082133438093;0.3993281781685596;0.09841507618167622
2022-08-06 10:34:46.760;3.0182136429023547;128.76545364542835;0.14813977185352356;0.3461114329371071;0.3818993116892919;0.19876083551991552;0.3344301152207336;0.35121235617695135;0.08976527433291537;0.38103082133438093;0.3991802924925878;0.09756692836931524
2022-08-06 10:34:46.780;3.0096768133388436;129.33517826114985;0.14879521842092916;0.3357628302404123;0.3722225906134575;0.20282628884738774;0.33701726589496417;0.35394948830967365;0.09057489062700785;0.38103082133438093;0.3991802924925878;0.09756692836931524
2022-08-06 10:34:46.800;2.9989162655792225;129.9048934063394;0.14945065409284683;0.32541422754360383;0.3625462487339881;0.20689424347608387;0.33960441656913787;0.35668663798654876;0.09138459464576432;0.38103082133438093;0.3991802924925878;0.09756692836931524
2022-08-06 10:34:46.820;2.9859332801320226;130.4746041250255;0.15010608467224015;0.32955366862228175;0.363177092376727;0.1866570502709708;0.3354649754904031;0.3522569451742825;0.08980011581205627;0.38103082133438093;0.3991802924925878;0.09756692836931524
2022-08-06 10:34:46.840;2.9707460509768593;131.04431546638807;0.15076151596799914;0.3336931097010165;0.36381866178814093;0.16648285726544998;0.3313255344117252;0.3478273257839888;0.08821601887778296;0.38103082133438093;0.3991802924925878;0.09756692836931524
2022-08-06 10:34:46.860;2.9534197104635553;131.61402744090447;0.1514169479921776;0.33783255077969443;0.3644709289958108;0.1463714936001841;0.32718609333304727;0.34339777979918296;0.08663230376136521;0.38103082133438093;0.3991802924925878;0.09756692836931524
2022-08-06 10:34:46.880;2.9340526986049698;132.18374685054732;0.1520723885701871;0.34197199185848604;0.3651338660874579;0.1263227888202092;0.32304665225425566;0.33896830720349413;0.08504897038130288;0.38448035556661253;0.4028429904428208;0.09872910641920374
2022-08-06 10:34:46.900;2.912769041996683;132.7534601227162;0.1527278220872655;0.3461114329371071;0.36580744521037545;0.10633657287385123;0.3189072111756346;0.33453890798072194;0.08346601865613223;0.38792988979884413;0.4065057343647709;0.09989152317007566
2022-08-06 10:34:46.920;2.8897053666169112;133.3231701309196;0.15338325184927543;0.34197199185848604;0.3584640579367395;0.08801739588214552;0.32304665225425566;0.3389934167354127;0.08519334971878934;0.3913794240311326;0.41016852426719197;0.10105417866521549
2022-08-06 10:34:46.940;2.86503786988011;133.8928729563704;0.15403867334780083;0.33783255077969443;0.35112981689169587;0.06975088801140394;0.32718609333304727;0.3434480130817761;0.08692114101931914;0.3913794240311326;0.41016852426719197;0.10105417866521549
2022-08-06 10:34:46.960;2.838950108793516;134.46256860793073;0.15469408659303727;0.3336931097010165;0.34380469962732363;0.0515369168727009;0.3313255344117252;0.34790269704129884;0.08864939266824212;0.3913794240311326;0.41016852426719197;0.10105417866521549
2022-08-06 10:34:46.980;2.811658128676195;135.03523594505532;0.15535291864983414;0.3280142894178084;0.3344626072217487;0.030610232125368064;0.33392662885862734;0.3503060990011946;0.08745968465999088;0.38983962740360667;0.4081875742193688;0.0985511120771374
2022-08-06 10:34:47.000;2.7833566831501533;135.61382356215472;0.15601856176425516;0.3223355497235616;0.3251330138608317;0.009754908839432197;0.33652771599250997;0.3527094883561759;0.08626997054101881;0.3882998674362774;0.406206833829458;0.0960490228860138
2022-08-06 10:34:47.020;2.7542764507406012;136.19827449467994;0.1566909504007467;0.32079626578666876;0.3210594457920273;-0.004768154934049029;0.33240231115988905;0.3478901312117628;0.08236394360233845;0.38676014412761006;0.40422630304590257;0.09354791080854863
2022-08-06 10:34:47.040;2.7246337491699983;136.78564378433657;0.15736669649645885;0.3214034292872725;0.3196298346603861;-0.016475303869719404;0.33042196440320737;0.3457381409680025;0.08141734904089315;0.3821932511404533;0.3993481793571618;0.09184279498905124
2022-08-06 10:34:47.060;2.6946912642578402;137.37301317865058;0.1580424427125753;0.3220105985084274;0.318203985526079;-0.028160562937167732;0.3284416125315275;0.3435861710395116;0.08047088965000171;0.3776263422116166;0.3944701372348618;0.09013819077315599
2022-08-06 10:34:47.080;2.6647055561145145;137.95990815296682;0.15871764312647355;0.3234337605499036;0.31768478709235737;-0.0393405250758061;0.3272766894722636;0.3423422999411869;0.08004066189085712;0.3790498597008458;0.3959814955333627;0.09061710529353828
2022-08-06 10:34:47.100;2.634948053615542;138.54585617887642;0.1593917541121366;0.3283064816210981;0.3226638372428532;-0.03882295340153252;0.328698918131046;0.3438248816944238;0.0803587349506989;0.3804734086233488;0.3974928950231629;0.09109607098511407
2022-08-06 10:34:47.120;2.605682605703763;139.130858474462;0.16006477707092237;0.3331792679726959;0.3276429625324475;-0.03830534322564816;0.33012117819519204;0.34530749783980497;0.08067682162536638;0.3818969889802055;0.39900433570682026;0.09157508785400292
2022-08-06 10:34:47.140;2.5771853854407496;139.71466143013822;0.16073642023461931;0.3394364475971088;0.33406777237447827;-0.03746225733876685;0.33292680983814904;0.34823879367773003;0.08134225075968082;0.3847052251084655;0.4019566131290162;0.09235210715628117
2022-08-06 10:34:47.160;2.549723341229551;140.29698945000564;0.16140636654059526;0.3456938163129166;0.34049280093327283;-0.036619039929104424;0.33573256370201676;0.3511702306046587;0.0820077738904077;0.3875135835710388;0.40490904087249646;0.09312927098447421
2022-08-06 10:34:47.180;2.523553944608097;140.87858426626917;0.1620754693236268;0.34914342762726847;0.34395289150833364;-0.03662469818677039;0.33573256370201676;0.3511283994315946;0.08176725750362657;0.3875135835710388;0.40490904087249646;0.09312927098447421
2022-08-06 10:34:47.200;2.4989333716936137;141.46018253989314;0.16274457608422038;0.35259303894167715;0.3474129818909226;-0.036630357416034265;0.33573256370201676;0.35108656823141615;0.08152674107513036;0.3875135835710388;0.40490904087249646;0.09312927098447421
2022-08-06 10:34:47.220;2.4760701856251015;142.04177291323867;0.1634136737558432;0.3293081625695322;0.32814007061605466;-0.013149929984024311;0.3434941891594363;0.3594545564908245;0.08485505517017344;0.3875135835710388;0.40490904087249646;0.09312927098447421
2022-08-06 10:34:47.240;2.455199572849296;142.62332009812962;0.16408272174078667;0.3067519532410756;0.309625099093207;0.010489443717434987;0.3519840916444892;0.3685667825381316;0.08826013674568323;0.3882424976250185;0.40565139843369025;0.09319363103572265
2022-08-06 10:34:47.260;2.436497092363281;143.20480017019872;0.1647516925149734;0.28419563514643187;0.2911246718869869;0.034217767364431495;0.3604740413662526;0.3776793991650962;0.09166701493941698;0.3889714199210097;0.40639376458591414;0.09325799262922185
2022-08-06 10:34:47.280;2.4201037550591766;143.78623790774873;0.16542061458490115;0.2613776644429322;0.272369369467949;0.05799491339621721;0.36870257849236765;0.38652263132278364;0.09503321822747601;0.3894386759398607;0.4068673261499498;0.09328598896382978
2022-08-06 10:34:47.300;2.406163241726448;144.36767764444085;0.1660895389547661;0.28047274520741894;0.2927705031141521;0.06512587255732694;0.36502988683103155;0.3824914016497374;0.09304682458395597;0.3899059353454426;0.40734089118069505;0.09331398560904258
2022-08-06 10:34:47.320;2.3946875888167423;144.94913894240017;0.1667584881300514;0.2995678893609579;0.3131732626600545;0.07226496691787165;0.3613571852195392;0.3784602729850022;0.09106102658635606;0.39037319813798277;0.4078144596782636;0.09334198256491
2022-08-06 10:34:47.340;2.385676540605777;145.531579368464;0.1674285637550941;0.3153368863315791;0.3300477405516311;0.07830712220740654;0.35436011458026684;0.3708920197822536;0.08791972788621472;0.3875132330489386;0.40477793314403243;0.09237938835884663
2022-08-06 10:34:47.360;2.3790888380118065;146.11595339622727;0.1681008639155731;0.33110564287306943;0.34692307618425033;0.08435500464706713;0.3473632523093002;0.36332427668478573;0.08478002774080906;0.3846533948253672;0.40174157287179924;0.09141700074145298
2022-08-06 10:34:47.380;2.37483390986899;146.70120889740792;0.1687741781777949;0.3506303142600018;0.3677824613581855;0.09163909157123751;0.34412007345927265;0.35974701536705567;0.08292526118002286;0.3855505087655082;0.4026655112597268;0.09155516674912345
2022-08-06 10:34:47.400;2.3727301433126513;147.28626292986883;0.1694472606578939;0.34324824394241205;0.3629021697275583;0.10615092866283682;0.34087688148211015;0.3563204499267627;0.08193697463158145;0.38644763519056724;0.4035894633201451;0.09169333853393802
2022-08-06 10:34:47.420;2.37261315956817;147.87110946221947;0.17012010441698414;0.33586613490490436;0.35802739568199726;0.12069583601972234;0.3376336763776422;0.3528938909763397;0.0809487809691154;0.3873447741007716;0.40451342905362253;0.09183151609620133
2022-08-06 10:34:47.440;2.374251572551158;148.4558509772978;0.17079282735768467;0.3285213177376818;0.353179473076775;0.13518120397684807;0.33442776369557947;0.34948810105661465;0.07986480368616089;0.3882792659442238;0.40546052556499035;0.09188747694682853
2022-08-06 10:34:47.460;2.377378561092809;149.04058999232802;0.1714655474221746;0.3211764607788723;0.34833700517182464;0.14969928405730482;0.33122183788024273;0.3460823228109362;0.0787809476638035;0.38921377133471324;0.40640763594296914;0.09194343903890267
2022-08-06 10:34:47.480;2.381697686853434;149.6259554380158;0.1721389881713829;0.3110069057521514;0.3405290835968593;0.1634658512758289;0.3251930548881674;0.3397034331008868;0.07689056030388564;0.3873227248813045;0.4042972977707109;0.0907188489050963
2022-08-06 10:34:47.500;2.38691887398742;150.21257875812444;0.17281387605741594;0.30911652184698823;0.34043480592756836;0.1738208987273273;0.33365264482726076;0.3486575427522567;0.0795618179279316;0.38543173389468066;0.4021870595282735;0.08949449981680058
2022-08-06 10:34:47.520;2.392724159415053;150.80046111977572;0.1734902124230031;0.3072261933878053;0.34034336126969933;0.18419224951056012;0.3421121552737887;0.3576117619580046;0.08223402237192534;0.3835407983719996;0.40007692120400407;0.08827039172651752
2022-08-06 10:34:47.540;2.398817761179193;151.38897514371638;0.17416727549210265;0.30825374451359266;0.34332105232274657;0.19537484472327282;0.3534878486468429;0.3696342874016878;0.08572130355476304;0.3845686794873622;0.40111865348444553;0.08833188256135838
2022-08-06 10:34:47.560;2.404908463990053;151.97749480103812;0.1748443450421935;0.3092813120242681;0.34630210000900874;0.20657679839151566;0.3648636317277365;0.3816572479376319;0.08921031906845212;0.38559657699295613;0.40216040254102836;0.08839337489618959
2022-08-06 10:34:47.580;2.4107416859413933;152.56626523404702;0.17552170310020349;0.31682534030187526;0.35382088094345576;0.2062813963694765;0.3599895399554285;0.37646529656203853;0.0874821986554446;0.3848613777740333;0.40137985489263883;0.08814613871953281
2022-08-06 10:34:47.600;2.4160953274883044;153.15553138731775;0.17619963146557782;0.3243693350007675;0.3613396308821528;0.20598602539480826;0.3551154775401315;0.37127346228707125;0.08575452993636734;0.38412618693906;0.4005993182296379;0.08789891618475121
2022-08-06 10:34:47.620;2.4207939671421337;153.74529286933102;0.17687812968788844;0.3319132961216269;0.36885834982504306;0.20569068546234082;0.3502414444814477;0.3660817450914706;0.0840273128081872;0.38339100448786567;0.39981879255185504;0.08765170729099392
2022-08-06 10:34:47.640;2.424713586489003;154.33531316051813;0.17755692566033993;0.3401922456311013;0.3771637555186338;0.2056776848570827;0.34610196972679574;0.36167745637337845;0.08258906522642562;0.38339100448786567;0.39981879255185504;0.08765170729099392
2022-08-06 10:34:47.660;2.427781502004264;154.9253348362472;0.17823572322565445;0.34847119514051883;0.3854691600632485;0.20566467839463787;0.34196249497203013;0.35727322676613227;0.08115112053952611;0.38339100448786567;0.39981879255185504;0.08765170729099392
2022-08-06 10:34:47.680;2.429963471082714;155.51535783075815;0.17891452230817753;0.3443317203858669;0.3797660444734241;0.19676540561645517;0.34196249497203013;0.3571979337434996;0.08071821892804376;0.38339100448786567;0.39981879255185504;0.08765170729099392
2022-08-06 10:34:47.700;2.431310092273195;156.10537504591775;0.17959331474177603;0.3401922456311013;0.37406507463159855;0.1878783616285169;0.34196249497203013;0.35712264063258914;0.08028531718135579;0.38339100448786567;0.39981879255185504;0.08765170729099392
2022-08-06 10:34:47.720;2.4319028497448842;156.6953864838506;0.18027210052889422;0.3360527708763925;0.36836624799681417;0.17900353170816885;0.34196249497203013;0.35704734743328714;0.07985241529947196;0.38339100448786567;0.39981879255185504;0.08765170729099392
2022-08-06 10:34:47.740;2.4318632276406302;157.28539214665216;0.18095087967194282;0.3319132961216269;0.36266956203078493;0.17014090114838698;0.34196249497203013;0.3569720541457073;0.07941951328230878;0.38339100448786567;0.39981879255185504;0.08765170729099392
2022-08-06 10:34:47.760;2.4313432293141215;157.875392036447;0.18162965217336613;0.3277738213669181;0.35697501419761224;0.16129045525782182;0.34196249497203013;0.356896760769736;0.0789866111298565;0.38339100448786567;0.39981879255185504;0.08765170729099392
2022-08-06 10:34:47.780;2.4305275833563598;158.4653921145;0.18230842489137328;0.3360527708763925;0.3630410285257675;0.14841618637418197;0.3398927575946473;0.35460689159985037;0.07776306305960023;0.38339100448786567;0.39981879255185504;0.08765170729099392
2022-08-06 10:34:47.800;2.4295807299915904;159.05539834315277;0.18298720468541227;0.3443317203858669;0.36911131940197706;0.13556754383563163;0.3378230202172645;0.35231706199110846;0.07653972795321096;0.38339100448786567;0.39981879255185504;0.08765170729099392
2022-08-06 10:34:47.820;2.4286741698576355;159.64541072668362;0.18366599156040508;0.35261066989528445;0.3751858798416059;0.1227444834106608;0.3357532828399954;0.35002727193776906;0.07531660577864496;0.38339100448786567;0.39981879255185504;0.08765170729099392
2022-08-06 10:34:47.840;2.427959814257519;160.2354292693417;0.18434478552124023;0.360889619404702;0.38126470286911385;0.10994696093370226;0.3336835454626126;0.347737521433352;0.07409369650370401;0.38339100448786567;0.39981879255185504;0.08765170729099392
2022-08-06 10:34:47.860;2.4275575711571773;160.82545397537615;0.1850235865728062;0.3691685689141764;0.3873477815181694;0.0971749323053066;0.3316138080852298;0.3454478104719456;0.07287100009638348;0.38339100448786567;0.39981879255185504;0.08765170729099392
2022-08-06 10:34:47.880;2.427532553516384;161.41548660508852;0.18570239674026318;0.3691685689141764;0.38302092684366684;0.07232879924750435;0.3316138080852298;0.34560456143342577;0.07377226739923692;0.38339100448786567;0.39981879255185504;0.08765170729099392
2022-08-06 10:34:47.900;2.4279217989986304;162.00550782409118;0.1863811937801313;0.3691685689141764;0.37871074010766037;0.0475795992528667;0.3316138080852298;0.3457613120115539;0.07467353411306732;0.38339100448786567;0.39981879255185504;0.08765170729099392
2022-08-06 10:34:47.920;2.428692138033502;162.59552468287438;0.18705998580373226;0.3691685689141764;0.3744171663126643;0.022927002325408452;0.3316138080852298;0.3459180622065574;0.07557480023820062;0.38339100448786567;0.39981879255185504;0.08765170729099392
2022-08-06 10:34:47.940;2.429749005576813;163.18553719823103;0.18773877283038565;0.3691685689141764;0.3701401506120554;-0.0016293205490125473;0.3316138080852298;0.3460748120182089;0.07647606577491217;0.38339100448786567;0.39963423240089924;0.08659325705059828
2022-08-06 10:34:47.960;2.430909070791702;163.77553330064256;0.18841754097456806;0.3401922456311013;0.342031569417113;0.0039096508941671715;0.3336835454626126;0.3483144441229129;0.07741080761633956;0.38339100448786567;0.3994496724840815;0.0855348103821969
2022-08-06 10:34:47.980;2.431985511370688;164.36550091184472;0.18909627634069442;0.3112159223480262;0.31392360122182694;0.00945331037864161;0.3357532828399954;0.3505541016467433;0.07834568399604258;0.38339100448786567;0.3994496724840815;0.0855348103821969
2022-08-06 10:34:48.000;2.432713076139241;164.9554400310808;0.18977497892789416;0.28223959906500795;0.2858162463098459;0.01500166107315426;0.3378230202172645;0.3527937845929401;0.07928069493151924;0.38339100448786567;0.3994496724840815;0.0855348103821969
2022-08-06 10:34:48.020;2.4327852598056996;165.5453506575941;0.19045364873529674;0.25326327578193286;0.25770950496464806;0.020554706147914104;0.3398927575946473;0.3550334929649708;0.08021584044019825;0.38339100448786567;0.3994496724840815;0.0855348103821969
2022-08-06 10:34:48.040;2.4318669166779507;166.13523279064248;0.19113228576204835;0.22428695249885777;0.22960337746931359;0.026112448774680885;0.34196249497203013;0.35727322676613227;0.08115112053952611;0.38339100448786567;0.3994496724840815;0.0855348103821969
2022-08-06 10:34:48.060;2.429630225247812;166.72509590144182;0.19181090090442376;0.21393826561211426;0.22018300423772175;0.03164519671332666;0.3398927575946473;0.3549833047162352;0.0799272786209162;0.38339100448786567;0.3994496724840815;0.0855348103821969
2022-08-06 10:34:48.080;2.425706859183021;167.31494946192106;0.192489505059518;0.2035895787253139;0.2107633879806734;0.03718274938032895;0.3378230202172645;0.35269342223435984;0.07870364970315258;0.3868405667834658;0.403009361413865;0.08610618516395174
2022-08-06 10:34:48.100;2.419768563503177;167.90479347269138;0.19316809822803424;0.19324089183851356;0.20134452920282442;0.04272511033899029;0.3357532828399954;0.35040357931436716;0.07748023375411961;0.39029012907900906;0.4065690467261902;0.08667752626256675
2022-08-06 10:34:48.120;2.411522146086215;168.4946279343494;0.1938466804106589;0.1828922049517132;0.19192642840843277;0.04827228315474574;0.3336835454626126;0.34811377595011805;0.0762570307416599;0.393739691374666;0.41012872841395165;0.08724883363713598
2022-08-06 10:34:48.140;2.400724426480722;169.08445987878804;0.19452525969731804;0.17254351806491286;0.18250908610260907;0.053824271395352064;0.3316138080852298;0.3458240121355871;0.07503404063373686;0.393739691374666;0.41012872841395165;0.08724883363713598
2022-08-06 10:34:48.160;2.3872291461195756;169.6742905375213;0.19520383750482195;0.19065372011681347;0.20326028280615205;0.06864683256208881;0.3316138080852298;0.3458240121355871;0.07503404063373686;0.393739691374666;0.41012872841395165;0.08724883363713598
2022-08-06 10:34:48.180;2.3708959463516517;170.2641422383822;0.19588243952049578;0.2087639221687141;0.22401780907292945;0.08350434514965066;0.3316138080852298;0.3458240121355871;0.07503404063373686;0.393739691374666;0.41012872841395165;0.08724883363713598
2022-08-06 10:34:48.200;2.3516988604324585;170.85401498704596;0.19656106575086874;0.2268741242206147;0.24478167811721718;0.09839688169051808;0.3316138080852298;0.3458240121355871;0.07503404063373686;0.393739691374666;0.41012872841395165;0.08724883363713598
2022-08-06 10:34:48.220;2.329695677265708;171.44390878918784;0.19723971620246997;0.24498432627251532;0.26555190317727906;0.11332451485055373;0.3316138080852298;0.3458240121355871;0.07503404063373686;0.393739691374666;0.41012872841395165;0.08724883363713598
2022-08-06 10:34:48.240;2.30500801953881;172.03381473584886;0.19791838062587996;0.24705406364984128;0.2687407448758812;0.11971327963650857;0.32954407070784697;0.3435844408735207;0.07409962939165649;0.38856534793126585;0.4044876482109885;0.08466247444814368
2022-08-06 10:34:48.260;2.2778741863130985;172.62372391577082;0.19859704876903406;0.2491238010272241;0.27193070198543623;0.12610844260214105;0.327474333330521;0.34134489501909826;0.07316535262873458;0.38339100448786567;0.3988467783874512;0.08207724282471851
2022-08-06 10:34:48.280;2.248582809818833;173.21363633005967;0.19927572063320462;0.25119353840455005;0.27512177546273264;0.13251000935187918;0.3254045959531382;0.33910537456907974;0.07223121032757884;0.38339100448786567;0.3988467783874512;0.08207724282471851
2022-08-06 10:34:48.300;2.2174804984100143;173.8035519798359;0.19995439621968075;0.25326327578193286;0.2783139662654115;0.13891798549453238;0.32333485857581223;0.336865879519884;0.07129720247079074;0.38339100448786567;0.3988467783874512;0.08207724282471851
2022-08-06 10:34:48.320;2.1849575673315127;174.39347086620546;0.20063307552973475;0.25533301315931567;0.2815072753515686;0.14533237664311205;0.3212651211984294;0.3346264098684415;0.07036332904091047;0.38339100448786567;0.3988467783874512;0.08207724282471851
2022-08-06 10:34:48.340;2.151424078925701;174.98338913521002;0.20131175412953373;0.2491238010272241;0.2770959565441693;0.1557845219259102;0.3212651211984294;0.33465147219167335;0.07050743360803224;0.38339100448786567;0.3988467783874512;0.08207724282471851
2022-08-06 10:34:48.360;2.1173173499264504;175.57330293373525;0.20199042758621577;0.2429145888951325;0.2726874694883712;0.1662536026393937;0.3212651211984294;0.3346765345053555;0.0706515381600239;0.38339100448786567;0.3988467783874512;0.08207724282471851
2022-08-06 10:34:48.380;2.08306125731888;176.16321929689002;0.20266910399340685;0.23670537676304093;0.2682818179555646;0.17673964257966723;0.3212651211984294;0.33470159680909006;0.0707956426969103;0.38339100448786567;0.39894520990605997;0.08264174104687871
2022-08-06 10:34:48.400;2.049059424947001;176.75312416296947;0.20334776717364872;0.2304961646310062;0.2638790057212326;0.18724266557181402;0.3212651211984294;0.3347266591029907;0.07093974721873142;0.38339100448786567;0.3990436414912324;0.0832062402850573
2022-08-06 10:34:48.420;2.0156822257743445;177.34302456709702;0.20402642522058412;0.22428695249885777;0.25947903656517823;0.1977626954699252;0.3212651211984294;0.33475172138717113;0.07108385172542153;0.38339100448786567;0.3991420731430253;0.0837707405392516
2022-08-06 10:34:48.440;1.9832676624859773;177.93292606350587;0.20470508452414773;0.23204846766401488;0.2660338981767971;0.1906744296881735;0.3264394646418296;0.3401937926344445;0.07251807269167454;0.38339100448786567;0.3991420731430253;0.0837707405392516
2022-08-06 10:34:48.460;1.9520800848128514;178.5228342055707;0.20538375147328652;0.23980998282911514;0.2725900153990004;0.183593858027284;0.3316138080852298;0.34563591157971274;0.0739525207891285;0.38339100448786567;0.3991420731430253;0.0837707405392516
2022-08-06 10:34:48.480;1.9223403761976474;179.11274899449927;0.20606242606939007;0.24757149799427225;0.27914738714028076;0.17652097328256477;0.33678815152862995;0.3510780782231464;0.07538719600760757;0.38339100448786567;0.3991420731430253;0.0837707405392516
2022-08-06 10:34:48.500;1.8942136872920632;179.70267043148488;0.20674110831383113;0.25533301315931567;0.2857060123096993;0.16945576825499842;0.34196249497203013;0.3565202925646318;0.07682209833697762;0.38339100448786567;0.3991420731430253;0.0837707405392516
2022-08-06 10:34:48.520;1.867798020702505;180.29259201222885;0.20741979072366074;0.25326327578193286;0.2794310007610328;0.14533563800595672;0.3336835454626126;0.34771243772045324;0.07394947410061192;0.38339100448786567;0.3991420731430253;0.0837707405392516
2022-08-06 10:34:48.540;1.8431690405066368;180.8825072396794;0.20809846582426716;0.25119353840455005;0.2731715550167131;0.12130574688173823;0.3254045959531382;0.3389048189708106;0.07107805965823388;0.38339100448786567;0.3991420731430253;0.0837707405392516
2022-08-06 10:34:48.560;1.820346248724507;181.47241612952348;0.20877713363369768;0.2491238010272241;0.26692762565286543;0.09736580000373518;0.31712564644372065;0.33009743622901766;0.06820785459049272;0.38339100448786567;0.3991420731430253;0.0837707405392516
2022-08-06 10:34:48.580;1.7993376105167795;182.06232991819707;0.20945580707904576;0.25331172829879733;0.2670507381735341;0.07393312097301763;0.3151013688958315;0.32764274691519546;0.0657741337380271;0.38965197449306643;0.4054873319100807;0.08414491472715468
2022-08-06 10:34:48.600;1.7800776600373989;182.6522598428055;0.21013449908817505;0.25750017405562176;0.26718900912188914;0.05058629440649032;0.3130773415275385;0.32518845889186565;0.06334125446650063;0.3959135526426998;0.41183321313320675;0.08451914450883535
2022-08-06 10:34:48.620;1.7625177819743467;183.24221153054532;0.21081321613496176;0.2720384953459529;0.2784097462975659;0.031249085584404312;0.3193330499569029;0.33151690136461553;0.06363250233507856;0.4021757390418692;0.41817971692125866;0.08489342989666593
2022-08-06 10:34:48.640;1.746566132202412;183.82794737154472;0.21148708300993135;0.29303606813311944;0.2968715765436194;0.016280313859625473;0.33204405659669334;0.3451138604720896;0.0684683899168812;0.41489990830240586;0.4316885296890973;0.08917088805337237
2022-08-06 10:34:48.660;1.7321570072705323;184.40513999238465;0.21215112123405172;0.3140368775715956;0.31534175986675095;0.0013434737091859716;0.34475757220494785;0.35871419041732366;0.0733088041048866;0.4276265891294351;0.44520063344612026;0.093452432928399
2022-08-06 10:34:48.680;1.71920698004376;184.97713339940674;0.21280917795981993;0.325461133654926;0.32356614949153695;-0.017250041573743324;0.34789968662651205;0.36202875543430224;0.07423641248066204;0.430771957302742;0.44841749827099875;0.09380744220088655
2022-08-06 10:34:48.700;1.70765644686563;185.54732491706818;0.21346516168020332;0.33688572264065897;0.3317999326266907;-0.03578938887590066;0.35104195433454066;0.3653435085703691;0.07516419960354437;0.43391747892127697;0.45163451683129097;0.09416244300974608
2022-08-06 10:34:48.720;1.6974304452558757;186.1157038221645;0.21411906005856168;0.33381980256086763;0.32998862857041544;-0.028527280117212506;0.36039473619698725;0.3752531351860071;0.07817540696557668;0.4370631539982277;0.4548516891371719;0.09451743533748314
2022-08-06 10:34:48.740;1.6884752194423085;186.68317000197567;0.21477190838108845;0.3276094417061586;0.3248482389958234;-0.022264954570202278;0.36660509705163946;0.3818228279764426;0.08011488410195167;0.4370631539982277;0.4548516891371719;0.09451743533748314
2022-08-06 10:34:48.760;1.6807374732825817;187.25063117044192;0.21542475093825292;0.32139908085150637;0.3197088786763196;-0.015996372742575815;0.37281545790640536;0.38839262164069766;0.08205486553647745;0.4370631539982277;0.4548516891371719;0.09451743533748314
2022-08-06 10:34:48.780;1.674159837681423;187.81748096863885;0.21607689013710465;0.317513424014237;0.31702300531966543;-0.009032520828341717;0.3813494276523457;0.39742165266844864;0.0847271596900745;0.43938896973475394;0.4572940625438946;0.09514512516936602
2022-08-06 10:34:48.800;1.6686671165085312;188.3831117309237;0.2167276268813633;0.31362775147556476;0.3143384574571222;-0.002060683851442313;0.3898835807747574;0.4064510783341362;0.08740052145087418;0.4417148693685853;0.45973653831708816;0.09577291015840395
2022-08-06 10:34:48.820;1.6641514802878676;188.94751174496923;0.21737694769644045;0.2900754476162888;0.2928861143899688;0.010451637675194192;0.3922074070888826;0.4089419658168154;0.08831355102138883;0.444040852905065;0.462179116465677;0.0964007903215931
2022-08-06 10:34:48.840;1.660523151809776;189.51128104494273;0.21802554289889334;0.26503953329176966;0.2698381654047033;0.022351664897934498;0.3930484083885304;0.40982763499679464;0.08855319319400756;0.44488263491144053;0.4630322779650555;0.09645132190969363
2022-08-06 10:34:48.860;1.6576443939970262;190.07503007220657;0.2186741147783625;0.24000347981314007;0.24679354643441442;0.03427395945384948;0.3938894206681667;0.4107133162552046;0.08879284018092992;0.4457244279079795;0.46388545071476983;0.09650185450919135
2022-08-06 10:34:48.880;1.6553398536558988;190.63866593041894;0.21932255646112905;0.2144097155170357;0.22320150955439644;0.04626853575661283;0.39417291207988825;0.41104864672823993;0.08908506582246734;0.4460081824865405;0.46418673386170894;0.09659739981083426
2022-08-06 10:34:48.900;1.653431441813958;191.20208797298983;0.21997075215710765;0.21469322842000338;0.22529461999138434;0.05665915640216834;0.38824584636459036;0.404656390455024;0.08653160880903599;0.4462919383137809;0.4644880186452838;0.09669294714664112
2022-08-06 10:34:48.920;1.6516419953421053;191.76531529309432;0.2206187238322722;0.21497674257045674;0.22739068191392775;0.06706692102301215;0.38231876975053325;0.3982643132970125;0.08397915291981217;0.4465756953896438;0.46478930506555116;0.09678849651665988
2022-08-06 10:34:48.940;1.6496898648295564;192.32862727695465;0.22126679290987752;0.21529909373606415;0.22948598470591364;0.07724663327506498;0.37643051273639827;0.3918668224921831;0.08117152390807991;0.44689832275753716;0.46509124029307713;0.09666421009018311
2022-08-06 10:34:48.960;1.6472576431311166;192.8923032335224;0.22191528072428154;0.21562144651409199;0.23158409108932787;0.08744262739251152;0.3705422435244614;0.3854695482058119;0.07836511164033855;0.44722095173932885;0.46539317721408224;0.09653992439984105
2022-08-06 10:34:48.980;1.6440071358487494;193.45616284810967;0.22256397983027298;0.21611987649976072;0.23389173124283147;0.09782758609715181;0.3648300062787726;0.3792803880515194;0.07573946331594517;0.4477198087982437;0.4658987781036217;0.09656987056350097
2022-08-06 10:34:49.000;1.6395978006637824;194.02002900445223;0.22321268646230585;0.22282890995336402;0.2425712395018671;0.10901757118463795;0.36532835114648066;0.37983676036831326;0.07606293146508047;0.4482186697167698;0.46640438294406295;0.09659981708232745
2022-08-06 10:34:49.020;1.6336770704356196;194.5839047917034;0.2238614041743339;0.22953796861742148;0.2512542522608463;0.12022727712283032;0.3658266998701052;0.38039313737531444;0.07638640342873249;0.4487175344950778;0.4669099917356334;0.09662976395638001
2022-08-06 10:34:49.040;1.6259191541948543;195.14702797705104;0.22450925604640928;0.23794529108948836;0.26178404741719064;0.13225660676578244;0.36802287879110196;0.38279720194899625;0.07753687344232318;0.45091598762383356;0.46924426310596346;0.09737007700788336
2022-08-06 10:34:49.060;1.6160327455619985;195.70863422691036;0.22515536274172498;0.24635278256306492;0.2723180982871689;0.14430900314427664;0.3702191325886943;0.38520138394680004;0.07868757173593632;0.4531145157067762;0.47157863272417444;0.09811051218180467
2022-08-06 10:34:49.080;1.6037767879155906;196.27004027694784;0.22580123911473687;0.25137305846317304;0.2792106610511631;0.15496701273698932;0.3690290440580739;0.3839533326518918;0.07837855645711223;0.4519231948044684;0.47029413729461567;0.09759710685822753
2022-08-06 10:34:49.100;1.5889819660420992;196.83256302413793;0.2264484002054796;0.2553581964592695;0.2843321632400624;0.16141715160468006;0.3678389775115889;0.38252955228839625;0.07705914445888595;0.4507318959091471;0.4690096740278591;0.09708375568976102
2022-08-06 10:34:49.120;1.5715603182642313;197.39619945325103;0.22709684254504584;0.2593433139510921;0.28945476669761305;0.1678736413931663;0.36664893294855716;0.3811058320451721;0.07573994389160177;0.4495406190200164;0.46772524292197204;0.09657045867034864
2022-08-06 10:34:49.140;1.551513142190571;197.96040202222503;0.22774593620705497;0.26451883720494607;0.29587435979393817;0.17491880759249234;0.36664893294855716;0.3809803075008986;0.0750183026583775;0.4495406190200164;0.4675709666742023;0.09568587208942336
2022-08-06 10:34:49.160;1.5289349274750907;198.52460408978368;0.2283950292922048;0.26969436045885686;0.30229532367448186;0.1819716967025542;0.36664893294855716;0.38085478271106155;0.07429666104870325;0.4495406190200164;0.4674166905900279;0.09480128800335219
2022-08-06 10:34:49.180;1.5040025091776026;199.08933259039622;0.22904472801862166;0.2643479427068769;0.2973964444109036;0.18464915565453133;0.3654433470696077;0.3795703223939668;0.0738677202066258;0.4483337847215161;0.4661202946170988;0.0943088525842235
2022-08-06 10:34:49.200;1.4770041541945802;199.65510675020778;0.22969562973629737;0.2590015819627638;0.29249777761540585;0.1873276196855258;0.36423778375192484;0.3782858906192601;0.0734388100896588;0.4471269730075882;0.46482393077059214;0.09381646786811881
2022-08-06 10:34:49.220;1.4482922361800226;200.22192461079248;0.23034773219213725;0.25365527822464173;0.2875993233205598;0.19000708906059938;0.363032242994656;0.37700148738569084;0.07300993069570705;0.44592018387749377;0.4635275990486889;0.09332413384941507
2022-08-06 10:34:49.240;1.4182800951842596;200.78926280843007;0.23100043327602618;0.24993550388887797;0.28443577124002317;0.19327702387498835;0.36345270948684316;0.3774536427849071;0.07318356535439818;0.4463410857750354;0.4639541860984764;0.09334937729092818
2022-08-06 10:34:49.260;1.3874141747375268;201.35659895600838;0.23165313200139967;0.24621572028752325;0.281272477256973;0.19654860030913124;0.3638731787238285;0.3779058013180716;0.0733572017513282;0.4467619904202742;0.4643807759609899;0.09337462098499127
2022-08-06 10:34:49.280;1.3561649032459064;201.92395130967634;0.23230584937126475;0.25445597049059643;0.28798805642585634;0.18762415094376372;0.3617624945494313;0.37562237303755097;0.07240698676443902;0.4467214535012012;0.46433773644753273;0.09336097987409264
2022-08-06 10:34:49.300;1.3249701482717158;202.4913381260485;0.2329586063891643;0.2626962184054946;0.2947056446273244;0.1787119232249026;0.35965181097888177;0.3733389717001856;0.07145691115110342;0.44668091660765086;0.4642946969674995;0.09334733880469415
2022-08-06 10:34:49.320;1.294236181640062;203.05875940627448;0.2336114030564208;0.27093646403238836;0.30142523963214884;0.16981190267024004;0.35754112801217985;0.3710555973026217;0.0705069748928322;0.4466403797394527;0.4642516575207196;0.09333369777675404
2022-08-06 10:34:49.340;1.2643004945801333;203.62743892466096;0.23426564727897076;0.2760340037957576;0.3047618129195051;0.15959407383769442;0.352289088168142;0.36538209844102454;0.06819062241841234;0.4434551426152247;0.46084950145183257;0.09214556818992836
2022-08-06 10:34:49.360;1.2354160554242064;204.1985951123279;0.23492274081561682;0.2811315189993593;0.3081011854754614;0.14939303461661524;0.34703725093240934;0.35970897382330946;0.06587517934188991;0.44027006281942604;0.4574475602551047;0.09095774253036204
2022-08-06 10:34:49.380;1.2077073110535834;204.7709860354007;0.2355812548685283;0.2684423630265087;0.2917104884515105;0.12837839103876636;0.3421110228423814;0.35436261309971684;0.06355969415270835;0.4405194639780383;0.45770032744655964;0.09097268736422048
2022-08-06 10:34:49.400;1.1812200797633863;205.34335463826574;0.23623974324288705;0.2557531857768822;0.2753319334661022;0.10743266297072829;0.3371847868197406;0.34901639985165644;0.061245034586422165;0.4407688661015108;0.45795309562561215;0.09098763228663032
2022-08-06 10:34:49.420;1.1558523655460924;205.91570775572472;0.23689821380187331;0.24306398725008194;0.2589654859585515;0.08655565224003325;0.3322585428642597;0.34367033402740077;0.058931200378618875;0.44101826918961606;0.4582058647920917;0.09100257729761374
2022-08-06 10:34:49.440;1.1313780215950444;206.4878137703563;0.23755640007842638;0.2308031841353113;0.2430823192692877;0.06598465803631193;0.3277605547247404;0.3387972592339352;0.0568658250133085;0.44169642640054363;0.4589258713805293;0.09123069290652364
2022-08-06 10:34:49.460;1.1074795673386182;207.0594539332742;0.23821405041024715;0.24183160716995644;0.25377536543302526;0.06384359112580729;0.3325782613183961;0.3440273488369954;0.05913915211713405;0.44237459074372865;0.4596458873152187;0.0914588201231723
2022-08-06 10:34:49.480;1.0836779093518973;207.6308729891971;0.23887144636685417;0.252462783412966;0.26402895648490343;0.0614679553330415;0.3369988509301507;0.34881634510529835;0.06116763114917401;0.4426551762733233;0.4599302603537012;0.0914756364470497
2022-08-06 10:34:49.500;1.0594337280786301;208.20230280857504;0.2395288547064081;0.2630939808938706;0.27428268598614736;0.05909317781894963;0.34141944976872907;0.3536054694002715;0.06319673932610659;0.4429357630240851;0.4602146346419431;0.0914924528830543
2022-08-06 10:34:49.520;1.0341441298576919;208.7737433913935;0.2401862754288922;0.2737251996126133;0.2845365539110638;0.0567192583315963;0.3458400578341312;0.358394721755964;0.06522647682275196;0.4432163509959004;0.4604990101800581;0.09150926943116922
2022-08-06 10:34:49.540;1.007161318430139;209.34751888363826;0.2408463823761355;0.2772426367762364;0.28720449937773296;0.05177168668079357;0.34315017316615837;0.35557971768660224;0.06456172550462025;0.43637882092190594;0.4532395922487922;0.08920960262399369
2022-08-06 10:34:49.560;0.9778313582815117;209.92592622212396;0.24151181808684732;0.26419977767295677;0.2727114262515009;0.043694674897682084;0.3383907509545807;0.35047555254178775;0.0626762554266751;0.4295420158183596;0.44598112425831005;0.08691111530560391
2022-08-06 10:34:49.580;0.9455638691320166;210.50617874542513;0.2421793766127231;0.2594942984742943;0.2671189089710104;0.03869067538949711;0.3419649259757094;0.3542932726739778;0.06400395961685401;0.4310477140194884;0.44744892983698037;0.08666756147503207
2022-08-06 10:34:49.600;0.9097901393578235;211.0855162959415;0.24284588249710412;0.2547887899621628;0.26152706244723944;0.03369058504296962;0.34553915760560727;0.3581111051742951;0.06533195399853753;0.4325534473823076;0.44891675628116445;0.0864239277012615
2022-08-06 10:34:49.620;0.8700406778361198;211.66393745956157;0.24351133411310882;0.2500832521357097;0.2559358862133898;0.02869440125296574;0.3491134458464913;0.36192905005763265;0.06666023863368675;0.4340592159084089;0.4503846035894412;0.08618021396997033
2022-08-06 10:34:49.640;0.8259661136759433;212.24190364084643;0.244176262289189;0.24401313001823155;0.24888866735832593;0.02319909486338112;0.35132367411231513;0.364286073938878;0.06745932101408503;0.4341994904281741;0.45052676885217124;0.08618860789174665
2022-08-06 10:34:49.660;0.7773411380168027;212.81984630198713;0.24484116340623518;0.21517189278847582;0.22174380421241935;0.033500882787982356;0.34939370297318106;0.3622638285092208;0.06696800488132926;0.43433976525313156;0.450668934427199;0.08619700184146328
2022-08-06 10:34:49.680;0.7241410426019206;213.3972324117276;0.24550542423199886;0.18775723316394988;0.19613309667257894;0.044395378003171615;0.3488901419060326;0.3617780880350452;0.06708068517857324;0.4359079496383096;0.45233380606487117;0.08672403893543645
2022-08-06 10:34:49.700;0.6664940115242115;213.9735311004697;0.24616843402113706;0.1603422983836822;0.1705250074257627;0.055308801436259714;0.3483865965625128;0.3612923622053259;0.06719335936883297;0.4374761721628069;0.45399872767126226;0.08725113804956752
2022-08-06 10:34:49.720;0.6047055554040541;214.54874050259968;0.24683019062733189;0.132927088437782;0.1449195403643806;0.06624118207311191;0.3478830669434174;0.3608066510210861;0.06730602745341674;0.4390444328283287;0.4556636992498966;0.08777829919204638
2022-08-06 10:34:49.740;0.5392546558706992;215.12258277675573;0.24749037440463187;0.10646296404803479;0.12032601387701547;0.0775070878946238;0.3483310496896834;0.3613328084368632;0.06774637835330566;0.4415652475916012;0.4583332258450241;0.08858699378037915
2022-08-06 10:34:49.760;0.4708192739039458;215.69480111169833;0.24814868990144376;0.12450709787941605;0.1411789779785657;0.093298131212876;0.3534369782873128;0.3666355306065512;0.06877409051332783;0.44408616090652586;0.4610028793956644;0.08939583676221918
2022-08-06 10:34:49.780;0.4001249910340403;216.2662264521423;0.24880609308815396;0.1400333757923704;0.15935457904063455;0.10822035601502744;0.3560246912728431;0.36924732255207715;0.06885996409501338;0.44408616090652586;0.4610028793956644;0.08939583676221918
2022-08-06 10:34:49.800;0.328053725733673;216.83766965092946;0.2494635168202109;0.15555965370532476;0.17753649718272513;0.12317772917401815;0.35861240425831653;0.3718590871948564;0.06894567919154682;0.44408616090652586;0.4610028793956644;0.08939583676221918
2022-08-06 10:34:49.820;0.2555545457031243;217.40913071372051;0.2501209611041269;0.17108593161822228;0.19572474549837793;0.13817032347815594;0.36120011724379;0.3744708245251118;0.06903123575276737;0.44408616090652586;0.4610028793956644;0.08939583676221918
2022-08-06 10:34:49.840;0.18358576671536941;217.98234217275603;0.2507804191525501;0.16588101933962207;0.1921173472982467;0.1474537885085816;0.3539252575967353;0.3666584121081442;0.06608852340917881;0.43887604483075293;0.4554759140237934;0.08767001642571426
2022-08-06 10:34:49.860;0.11313199659385204;218.55902602703281;0.25144387206003116;0.16067652758567874;0.18851248111795016;0.15674988532574208;0.3466508927930718;0.3588467844065022;0.06314733708089726;0.4336663496999371;0.44994949715425037;0.0859448641082805
2022-08-06 10:34:49.880;0.045111805199787525;219.1374484097978;0.25210932507861583;0.16052082398601897;0.19031491927276178;0.16800704748729256;0.3444251020375546;0.3564490005666485;0.062203663840850965;0.43351049043019785;0.4496929380642314;0.08537017263974889
2022-08-06 10:34:49.900;-0.019659816126710444;219.71586530064087;0.25277477177895263;0.16036512076289;0.1921207344145408;0.17928388090220881;0.3421993138821122;0.35405124552196554;0.06126012843032402;0.4333546315371031;0.4494363798968948;0.08479548433501627
2022-08-06 10:34:49.920;-0.08048760608997763;220.29428359817393;0.2534402200976329;0.16020941791600762;0.19392993152350968;0.19058041554197835;0.3399735283270289;0.35165351926915633;0.0603167308311372;0.4331987730208233;0.4491798226521837;0.08422079919406311
2022-08-06 10:34:49.940;-0.1368170918729627;220.87329676555964;0.25410635279152216;0.16259304906645866;0.19592220772394953;0.18828366396073815;0.33407696423015665;0.34534239077536455;0.058052808413249224;0.431440487674994;0.4473131826423469;0.08363016067008822
2022-08-06 10:34:49.960;-0.18825497803373284;221.45349705676927;0.25477385122635715;0.16497667793953497;0.197914629361005;0.18598780967412942;0.3281804982013128;0.33903151773595397;0.05578970698576047;0.42968225027408735;0.4454466054394288;0.0830396000662823
2022-08-06 10:34:49.980;-0.23456609611250698;222.03301002090302;0.25544055891745365;0.17286046229133945;0.20579652944891436;0.18582033391137553;0.327783423904215;0.3386170649438114;0.0556978363073517;0.4334294816554838;0.44942775184887296;0.0843155174148027
2022-08-06 10:34:50.000;-0.2756871539867035;222.60995665135124;0.25610431413895585;0.18074457115153564;0.21367874135912857;0.18565278795644602;0.32738646020741413;0.338202731358173;0.05560601263553444;0.4371769308164666;0.453409185019666;0.08559179678375806
2022-08-06 10:34:50.020;-0.31170091234371766;223.18432534403837;0.256765103540815;0.18862900455195586;0.22156126512359364;0.18548517181630242;0.32698960712381364;0.33778851699285184;0.05551423597375216;0.4409245977796026;0.45739090499665735;0.08686843828815416
2022-08-06 10:34:50.040;-0.3428401908509665;223.7573988173026;0.25742440284184054;0.1834069160886429;0.21491734287590347;0.17741750714182736;0.32435521304351056;0.3349729901859533;0.05452618498807382;0.4408778346950193;0.4573435113183564;0.08686563858706009
2022-08-06 10:34:50.060;-0.3694255664955299;224.3304656311302;0.25808369448143675;0.1781848293273356;0.20827520703616287;0.1693599380220867;0.3217208198310928;0.33215749304478237;0.0535382835416911;0.4408310716443715;0.45729611767484357;0.08686283888906843
2022-08-06 10:34:50.080;-0.39188650648067197;224.9043173651662;0.25874388914196994;0.17068268792604613;0.19919300115250493;0.1604276889088707;0.316806798556037;0.32689677960988917;0.05164445814752838;0.43850201346441864;0.4548234628822456;0.08608011445178576
2022-08-06 10:34:50.100;-0.41071541542537005;225.47974339346547;0.2594058949683584;0.16318071364253228;0.19011322649950202;0.1515081450310296;0.31189290284388704;0.321636305976746;0.049751229973490574;0.43617303940652974;0.4523509182996577;0.08529752678650215
2022-08-06 10:34:50.120;-0.4264526207179952;226.0567382478839;0.2600697056697098;0.15671395512691788;0.17886767986149366;0.12417157535119916;0.3157770462965246;0.32583682342770004;0.051491650297059266;0.433844149465191;0.4498784839159953;0.08451507586633422
2022-08-06 10:34:50.140;-0.4396390688905719;226.63350489595177;0.2607332538283081;0.15556832389569308;0.1733312085144938;0.09896060988359778;0.32498158087836515;0.33573839381771364;0.055312892319221874;0.4368417924242216;0.45306089472194344;0.08552223173791074
2022-08-06 10:34:50.160;-0.4508254136131292;227.20822537750792;0.2613944479499218;0.1544227463392076;0.16781169707641297;0.0738478587106206;0.3341863829825016;0.34564068123049907;0.059136499637246764;0.4398395747462054;0.45624348810565607;0.08652961417496208
2022-08-06 10:34:50.180;-0.4605336554786705;227.78192013991793;0.2620544620205513;0.15028246615435137;0.15910927294063626;0.04771273903532336;0.34039680325978594;0.35233454680381016;0.061790058590700525;0.4398395747462054;0.45614073197361904;0.0859404246776947
2022-08-06 10:34:50.200;-0.46922636769547565;228.3556063287324;0.2627144662275843;0.14614218596949513;0.1504255022817027;0.021685414205432352;0.34660722353701345;0.35902861948913056;0.06444470858098406;0.4398395747462054;0.4560379759141142;0.08535123628725749
2022-08-06 10:34:50.220;-0.47730560595106747;228.92928559213033;0.26337446246718815;0.144072045877067;0.14506556646776048;0.0028223979877104455;0.34660722353701345;0.3590035552177042;0.06430060714963037;0.4398395747462054;0.45593521992719843;0.08476204900365047
2022-08-06 10:34:50.240;-0.4851078567646808;229.50269718321942;0.26403415075995035;0.14277275156530322;0.14053844111216662;-0.015698927580021227;0.34737808032830486;0.35980457688200573;0.06445838737627074;0.4406112573374834;0.4567544651259823;0.08502130456447077
2022-08-06 10:34:50.260;-0.4928907978266145;230.0755784835419;0.26469322897329334;0.14147345546791712;0.13602072311746483;-0.034165676994043714;0.34814894634488525;0.3606056083783429;0.06461617011402954;0.44138294916394116;0.4575737224233194;0.08528057513692566
2022-08-06 10:34:50.280;-0.500834224008493;230.64819195227028;0.26535199905654294;0.13943444574329078;0.13072130052276165;-0.05285908032441711;0.348180088613141;0.3606121709561094;0.0644742232867479;0.441414124794111;0.4576053183306499;0.08528244108088856
2022-08-06 10:34:50.300;-0.5090420451701974;231.2208002858315;0.2660107632319775;0.1373954355889282;0.1254315848690588;-0.07149628163933297;0.34821123089634654;0.3606187335154587;0.06433227633799632;0.4414453004393444;0.4576369142534418;0.08528430702623435
2022-08-06 10:34:50.320;-0.5175243469389079;231.79341571669647;0.2666695355725909;0.15554040476615683;0.1449825878245541;-0.06376315668597865;0.34306699376870853;0.35508236896513523;0.06218221545137936;0.44147647609975493;0.4576685101915814;0.08528617297297991
2022-08-06 10:34:50.340;-0.5262871097257558;232.36561692524265;0.2673278313661331;0.1749251291348628;0.16586013639723873;-0.05555589537884753;0.33916235189528976;0.3508762332700499;0.06052803282069075;0.44274862038952634;0.4590190718914755;0.08571361031822988
2022-08-06 10:34:50.360;-0.5352684739685049;232.93696967338474;0.26798515103815257;0.194310037403568;0.1867399659806459;-0.04733755481744062;0.33525768971302483;0.34667015650732225;0.058874267067909436;0.4440207897773156;0.4603696664718768;0.08614108846477286
2022-08-06 10:34:50.380;-0.5443649442604328;233.50711862317257;0.2686410857858115;0.21474817212691732;0.20874608717982923;-0.03872059307186415;0.33240574900836606;0.3435922218126066;0.05763274988381273;0.4463469290984712;0.4628392210024117;0.08692280843725442
2022-08-06 10:34:50.400;-0.5534892822638215;234.0756737222473;0.269295186868661;0.20879159142430126;0.20468751663426232;-0.02770449121961871;0.3326591138152608;0.34381741455187154;0.057465638553154896;0.4486731523348375;0.4653088854747125;0.08770466485641837
2022-08-06 10:34:50.420;-0.5624927756664391;234.64262450923707;0.2699474422512896;0.2028349617997378;0.20063224311118333;-0.016668473773832737;0.33291252925418036;0.3440426599036428;0.057298537930257964;0.45099945949153053;0.46777865989906786;0.08848665774896691
2022-08-06 10:34:50.440;-0.5712562588027033;235.20876883964957;0.27059876983620545;0.1945540829628385;0.19409849629201048;-0.006473111706176482;0.3308423095449271;0.3417779946941337;0.05622254254808379;0.45099945949153053;0.46777865989906786;0.08848665774896691
2022-08-06 10:34:50.460;-0.5796710168858985;235.7749068130288;0.2712500901075956;0.18627320412605286;0.18756749540628093;0.0037388149819514993;0.32877208983578754;0.3395133619067465;0.05514672050892777;0.45099945949153053;0.46777865989906786;0.08848665774896691
2022-08-06 10:34:50.480;-0.5876557242148153;236.34196676169086;0.27190247107658894;0.1751699271101188;0.17803143149600587;0.012956446629556417;0.3238799758391693;0.33423200509506756;0.05300786937104096;0.44127357434047454;0.45756187366532686;0.08584168065309594
2022-08-06 10:34:50.500;-0.5951529748872126;236.91087151434476;0.27255697442262306;0.15992657619182182;0.16352275444890196;0.017471321579637156;0.323128384581743;0.3334048292188996;0.05258851342379245;0.43154794733158397;0.44734557990790336;0.08319787933664635
2022-08-06 10:34:50.520;-0.6021260617290007;237.48161251613783;0.2732135903036643;0.1446835907638615;0.14901485284920213;0.02198906051746441;0.32237687663795356;0.3325777474567886;0.05216921606147551;0.421822578446271;0.43712977852072754;0.0805552534042091
2022-08-06 10:34:50.540;-0.608569301216833;238.05326381585473;0.2738712534479501;0.1318889439878035;0.13713598230728152;0.027498345211997233;0.3240733552518478;0.33438762648487597;0.05278685855479104;0.4214484921280395;0.4367506535940038;0.08053288133282965
2022-08-06 10:34:50.560;-0.6145066775186864;238.624902515141;0.2745289020959182;0.1190943314078936;0.1252578770258559;0.03301237722036099;0.3257698306959824;0.33619751218996186;0.05340455125575527;0.4210744079805444;0.4363715308890619;0.08051050946033911
2022-08-06 10:34:50.580;-0.6199814896233602;239.19713686958858;0.2751872360225631;0.10489210854376552;0.11185669649503538;0.037890628630148804;0.3260585579444424;0.33647808513453725;0.053351818073700485;0.41929107278690836;0.4344783733945974;0.07991184896861014
2022-08-06 10:34:50.600;-0.625037974354208;239.77057955138298;0.2758469600840029;0.10104072992731972;0.11007651901772064;0.04986869389259496;0.32841743747608376;0.3390231677613329;0.054374606522568314;0.4175077869160795;0.43258528050211;0.07931326858623233
2022-08-06 10:34:50.620;-0.6297575848908733;240.34523369355156;0.27650807788466664;0.09718942602052039;0.10830020169029453;0.06186911800455519;0.3307763153837655;0.34156827955317937;0.055397557458777946;0.41572455036555667;0.4306922522069385;0.07871476830118951
2022-08-06 10:34:50.640;-0.6342030955912081;240.92083950719825;0.2771702905472802;0.09360137919139788;0.1068366697131431;0.07414968925943466;0.3333984097570024;0.34442420985951827;0.056688844062331434;0.41420485193026835;0.42894986555597825;0.077464291057451
2022-08-06 10:34:50.660;-0.6384338048107107;241.49711749747075;0.27783327652361395;0.09001338982585594;0.10537718941835905;0.08645382164550153;0.3360204965438598;0.3472801808248178;0.057980388154176055;0.4126851893152583;0.42720754567272934;0.07621398066328311
2022-08-06 10:34:50.680;-0.642505026774401;242.0737342186403;0.2784966521970007;0.08756970279256393;0.10513752300058954;0.09917020899243667;0.33978702495202384;0.35135473063784417;0.05967494507887583;0.41231115601255297;0.42682848040891486;0.07619163967823628
2022-08-06 10:34:50.700;-0.6464468239782597;242.65035115747742;0.2791600281208057;0.08978372287293723;0.10770065820318209;0.10113359652659515;0.3342381456358581;0.345501626164868;0.05803835187761219;0.4119371248799588;0.4264494173663138;0.07616929889169377
2022-08-06 10:34:50.720;-0.6502770240232809;243.2269697034717;0.27982340589358407;0.0919977384492654;0.11026389832474237;0.10309759078105696;0.3286892818303855;0.3396486104620422;0.05640212223314123;0.4115630959172485;0.4260703565445283;0.07614695830359608
2022-08-06 10:34:50.740;-0.6539902832325865;243.80421597017994;0.2804875058352418;0.0927358254250521;0.11122901370620397;0.1043880947138458;0.32166436448083147;0.33219313725235367;0.054068967636389687;0.40971144506449164;0.42410477185364925;0.07552586919266613
2022-08-06 10:34:50.760;-0.6575593009599645;244.3827147179909;0.2811530467089162;0.09347393248839353;0.11219419161536948;0.10567883893797614;0.31463956630503986;0.32473794402873324;0.051736632981311814;0.40785984738744574;0.4221392567976636;0.0749048663800691
2022-08-06 10:34:50.780;-0.6609368946907327;244.96189720500115;0.28181937419861325;0.09908012607399996;0.11613745915101603;0.09601075207081244;0.31196549550649166;0.3218508006567973;0.05056566853201261;0.4141553691558819;0.4287446538640438;0.0765721621903257
2022-08-06 10:34:50.800;-0.664065051045385;245.5411960330748;0.28248583553429224;0.10468629944011809;0.12008315572583328;0.08635730279188714;0.3092914390011643;0.31896371147824;0.04939491433149712;0.4204508678352603;0.4353501048703947;0.07823983327990369
2022-08-06 10:34:50.820;-0.6668734536641852;246.12061118345446;0.28315243069437357;0.11029245258691844;0.12403127827260718;0.07671847179270674;0.3066173967888304;0.3160766764860128;0.048224370345513634;0.4267463434258083;0.4419556098208659;0.07990787965082546
2022-08-06 10:34:50.840;-0.669285413410042;246.70008676819998;0.28381909538190125;0.11650259263524276;0.1286039220049382;0.06718645868293649;0.3045473501061693;0.31381248671088;0.04714996725486742;0.4267463434258083;0.4419556098208659;0.07990787965082546
2022-08-06 10:34:50.860;-0.67123320703152;247.2795669098923;0.2844857653120234;0.12271273268351024;0.1331789442520197;0.05766870377625555;0.3024773034233377;0.31154832930995013;0.04607573726195646;0.4267463434258083;0.4419556098208659;0.07990787965082546
2022-08-06 10:34:50.880;-0.6726512153670852;247.85855355796957;0.28515186749645394;0.13003769880606342;0.13402570967272354;0.020299297128381966;0.30359202599138513;0.31278854568186176;0.046774759975610536;0.4278623797270633;0.443158367671856;0.08038569459843359
2022-08-06 10:34:50.900;-0.673484551586185;248.43652709856542;0.28581680413914234;0.13736273199600646;0.13490997706278662;-0.016850353828799847;0.30470676785243;0.31402879654516624;0.04747386528336861;0.4289784353441668;0.4443611536772778;0.08086355666865863
2022-08-06 10:34:50.920;-0.6737097264340124;249.0134927165418;0.28648058120507575;0.1446878322551015;0.13583156299298693;-0.05378136776243103;0.3058215290070976;0.3152690819027626;0.04817305319522269;0.43009451027751666;0.44556396783843866;0.08134146586637492
2022-08-06 10:34:50.940;-0.6733201412510059;249.58995291840256;0.28714377680893266;0.15038426298485774;0.13506010632240972;-0.09104681129508219;0.30530782875056417;0.3147723690330295;0.048281127955248415;0.41922987010969237;0.4340551064347551;0.07783677182548843
2022-08-06 10:34:50.960;-0.6723338953386953;250.16641109057673;0.2878069700777121;0.15608067579813678;0.13432688426589934;-0.1280883016303429;0.3047941325917023;0.3142756599693044;0.04838920136119107;0.408365270735775;0.4225467081629972;0.07433426087816652
2022-08-06 10:34:50.980;-0.6708124997906807;250.74365279357153;0.28847106476899054;0.14597923730900675;0.11920936252451142;-0.15671169945638308;0.30245578613361346;0.3117389755829336;0.047296102627148784;0.4060243354865669;0.4200617871307486;0.07354934288060644
2022-08-06 10:34:51.000;-0.6688122865778825;251.32246137491165;0.28913696209439194;0.1358780089923357;0.10411565939338274;-0.18519986317729398;0.3001175245732739;0.30920241692306405;0.0462032216775885;0.40368348522901343;0.4175769773872844;0.07276456276168197
2022-08-06 10:34:51.020;-0.6664243313498106;251.90283246439503;0.28980465702616454;0.1257769908357318;0.08904567801763719;-0.21355335785154672;0.2977793479050561;0.3066659839751438;0.04511055846527956;0.4013427199577144;0.4150922789215201;0.07197992049421664
2022-08-06 10:34:51.040;-0.6637544434443093;252.48424753048312;0.290473553013435;0.11655271529116362;0.07496596317687576;-0.24127131041589234;0.2963177259851264;0.3051052355282664;0.04457014864301634;0.3998794798712346;0.41357051687180046;0.07166978870860152
2022-08-06 10:34:51.060;-0.6608917696253226;253.0661996160561;0.29114306682126;0.12130099889287749;0.08019593550025306;-0.23859201304035071;0.28864616049535385;0.29695866789999315;0.04199400516419605;0.3984162729952381;0.4120487931091361;0.07135968252013658
2022-08-06 10:34:51.080;-0.6579643690933962;253.6484282913516;0.29181289883507294;0.12751097563625535;0.08694961979207605;-0.23558348459340372;0.282436183751976;0.29034171605835724;0.039779367610626615;0.3984162729952381;0.4120487931091361;0.07135968252013658
2022-08-06 10:34:51.100;-0.6550759201710158;254.23066372848552;0.29248273862812457;0.13372095237969006;0.09370358872203255;-0.232573432279378;0.2762262070085413;0.2837249069851637;0.037565465866869374;0.3984162729952381;0.4120487931091361;0.07135968252013658
2022-08-06 10:34:51.120;-0.6523130238349231;254.81290592766163;0.2931525862006494;0.13993092912312477;0.10045784242120348;-0.22956185541653618;0.27001623026510657;0.27710824063817796;0.03535229972448306;0.3984162729952381;0.4120487931091361;0.07135968252013658
2022-08-06 10:34:51.140;-0.6497256547667379;255.39388167579455;0.2938209767692706;0.14924706266469911;0.11055647485190079;-0.22523950669256898;0.2669115230365051;0.2738574129881286;0.03457474872771904;0.40152531346388187;0.41538268293794545;0.0725949782996631
2022-08-06 10:34:51.160;-0.6473572813501322;255.97228689499752;0.294486410041828;0.14821329602187916;0.11185801149767016;-0.21180828711370303;0.2762270521329597;0.2838401811741065;0.03822345827341689;0.4046345038567587;0.41871678353368225;0.0738305969286186
2022-08-06 10:34:51.180;-0.6452110960633383;256.5494033833311;0.2951503606783866;0.14357505121449776;0.10931408627331152;-0.19969391756963795;0.2819390971219278;0.2899513512006493;0.04040309663079622;0.4041358555425667;0.41821143016727547;0.07380082731503723
2022-08-06 10:34:51.200;-0.6432518993567586;257.1265161028641;0.2958143069790831;0.1389368244911111;0.10677429070474531;-0.18755525280599628;0.2876511246172768;0.29606264040334196;0.04258344474438314;0.40363721108542805;0.41770608074881466;0.0737710580540698
2022-08-06 10:34:51.220;-0.6414248401535568;257.70362505770026;0.29647824894863867;0.13429861585154867;0.10423863164711733;-0.1753922505434673;0.2933631346190637;0.3021740488218043;0.04476450280964617;0.4031385704850585;0.41720073527795876;0.07374128914565059
2022-08-06 10:34:51.240;-0.6396437898610847;258.27889757455705;0.29714007816593346;0.13556275833985865;0.1079727693998187;-0.16122801632698547;0.30497682786924685;0.314581174613501;0.04909170493038051;0.40854816827578944;0.42278922085637305;0.07467293084900906
2022-08-06 10:34:51.260;-0.6377999419581101;258.85049896020064;0.2977976838859705;0.1564931796836504;0.13180432785909701;-0.1449550110339084;0.31296852563267663;0.3231707397618848;0.05236751851357546;0.4139582199830478;0.4283781843741963;0.07560466938857413
2022-08-06 10:34:51.280;-0.635817753528843;259.4202726250878;0.2984531868825814;0.17201895319607274;0.14988103564197885;-0.13059385600558482;0.31555615455139474;0.32596998364258667;0.05353183694477526;0.4139582199830478;0.4283781843741963;0.07560466938857413
2022-08-06 10:34:51.300;-0.6335829567791909;259.99006400031067;0.29910871025426183;0.1875447267084951;0.16796385737367459;-0.11619871285984029;0.31814378347011285;0.32876926712246046;0.054696364965953315;0.4139582199830478;0.4283781843741963;0.07560466938857413
2022-08-06 10:34:51.320;-0.6309914468430914;260.5598730913116;0.29976425400727325;0.20307050022091744;0.18605280579279437;-0.10176951092566178;0.3207314123888878;0.33156859020810003;0.05586110261114996;0.4139582199830478;0.4283781843741963;0.07560466938857413
2022-08-06 10:34:51.340;-0.6279762388062797;261.12968796218775;0.3004198044098119;0.19479008768092854;0.17976521987136707;-0.09016711257011245;0.3145211029838393;0.32492535362812447;0.05349773404878633;0.4139582199830478;0.4283781843741963;0.07560466938857413
2022-08-06 10:34:51.360;-0.6244329917111883;261.6994966760467;0.3010753477289358;0.18650967514105332;0.17348126744886017;-0.07854291258237289;0.3083107935789613;0.3182822813950352;0.05113522028533346;0.4139582199830478;0.4283781843741963;0.07560466938857413
2022-08-06 10:34:51.380;-0.6202880217635217;262.26930602896755;0.30173089178327617;0.17822926260106442;0.16720095411679026;-0.06689687549336565;0.3021004841739696;0.31163937345403525;0.04877356104685315;0.42085856376639086;0.4354772701370848;0.07662412943921382
2022-08-06 10:34:51.400;-0.6154931364760928;262.8391024392986;0.3023864209476577;0.16994885006107552;0.16092428547389304;-0.05522896578420067;0.29589017476897794;0.30499662975004327;0.04641275605963813;0.42775890754967705;0.44257632108673306;0.07764334345048951
2022-08-06 10:34:51.420;-0.6100238580946099;263.4088927031189;0.3030419430407117;0.1616684375212003;0.15465126712578225;-0.04353914788612023;0.28967986536398627;0.2983540502282054;0.0440528050499589;0.43465925133296324;0.44967533715146146;0.07866231102763432
2022-08-06 10:34:51.440;-0.6038534162905442;263.97867710940045;0.3036974583948895;0.15545812811615178;0.14896473888270734;-0.04041154575060979;0.29589017476897794;0.30492165315016706;0.04598163498710761;0.43465925133296324;0.44967533715146146;0.07866231102763432
2022-08-06 10:34:51.460;-0.5969696689507106;264.5484559454562;0.3043529673407337;0.14924781871121695;0.143278454388021;-0.03728238973945164;0.3021004841739696;0.31148935639740927;0.04791096652571891;0.43465925133296324;0.44967533715146146;0.07866231102763432
2022-08-06 10:34:51.480;-0.5893658960678709;265.1182292114754;0.30500846987846203;0.14303750930622527;0.1375924137342075;-0.03415167919422846;0.3083107935789613;0.31805715998834927;0.04984079974501032;0.43465925133296324;0.44967533715146146;0.07866231102763432
2022-08-06 10:34:51.500;-0.5810328161370318;265.6879969076326;0.3056639660082754;0.1368271999012336;0.13190661701358053;-0.031019413456249367;0.3145211029838393;0.3246250639412338;0.05177113472412831;0.43465925133296324;0.44967533715146146;0.07866231102763432
2022-08-06 10:34:51.520;-0.5719561928483957;266.2577590341316;0.3063194557304081;0.13061689049629877;0.12622106431873803;-0.027885591866668058;0.3207314123888878;0.33119306827436645;0.053701971542309046;0.43465925133296324;0.44967533715146146;0.07866231102763432
2022-08-06 10:34:51.540;-0.5621028896678688;266.8275201924771;0.30697494433871697;0.132686993631296;0.1299299999066328;-0.018508847918533355;0.3145211029838393;0.32460003973680074;0.051627251347972525;0.4243087356579771;0.43884193191217946;0.07607372285336567
2022-08-06 10:34:51.560;-0.5514515483622463;267.3972849852944;0.3076304371283478;0.13475709676629322;0.133641386766012;-0.00911797831693928;0.3083107935789613;0.318007132901279;0.04955315056816989;0.4139582199830478;0.42800871553964726;0.07348604633159628
2022-08-06 10:34:51.580;-0.5399600376028522;267.96705341497;0.30828593410204624;0.1368271999012336;0.13735522804696743;0.0002870355256252566;0.3021004841739696;0.3114143477367648;0.047479669058895446;0.4139582199830478;0.42800871553964726;0.07348604633159628
2022-08-06 10:34:51.600;-0.5275778579325139;268.5368254838904;0.30894143526255785;0.13889730303623082;0.14107152690277402;0.009706212218094201;0.29589017476897794;0.30482168421301736;0.04540680667625274;0.4139582199830478;0.42800871553964726;0.07348604633159628
2022-08-06 10:34:51.620;-0.5142544339041957;269.10660119442764;0.3095969406126115;0.14096740617122805;0.1447902864904016;0.019139570390807492;0.28967986536398627;0.29822914229956865;0.043334563276375526;0.4139582199830478;0.42800871553964726;0.07348604633159628
2022-08-06 10:34:51.640;-0.4999456111816222;269.6763783101851;0.31025244757931775;0.1254416326588057;0.13007311007910616;0.02408560685325778;0.28709223644526816;0.29539902841046484;0.04199256464415413;0.4139582199830478;0.42800871553964726;0.07348604633159628
2022-08-06 10:34:51.660;-0.48458070769984807;270.2461342170791;0.3109079301460308;0.10991585914638335;0.11535649500055101;0.029035447764372613;0.2845046075264932;0.292568965070906;0.0406508362989868;0.4139582199830478;0.42800871553964726;0.07348604633159628
2022-08-06 10:34:51.680;-0.4681331469116964;270.8158757074925;0.3115633961271296;0.09439008563401785;0.10064044155640417;0.03398909557390173;0.2819169786077751;0.28973895227151303;0.0393093781927929;0.4139582199830478;0.42800871553964726;0.07348604633159628
2022-08-06 10:34:51.700;-0.45058217584582105;271.3856027816;0.31221884552281504;0.0788643121215955;0.08592495004878842;0.038946552732992856;0.2793293496891138;0.28690899000324777;0.037968190277490876;0.4139582199830478;0.42800871553964726;0.07348604633159628
2022-08-06 10:34:51.720;-0.43190207037008443;271.95533104279457;0.31287429628419916;0.09128493093146517;0.10306395127835444;0.06582469956169223;0.28139945282411105;0.2891479882413037;0.03889754868519102;0.4139582199830478;0.42800871553964726;0.07348604633159628
2022-08-06 10:34:51.740;-0.41217507462553327;272.5250761040006;0.31352976637335944;0.10370554974144852;0.12022307444035718;0.09281763330255632;0.28346955595905143;0.2913870117692241;0.03982704095592737;0.4139582199830478;0.42800871553964726;0.07348604633159628
2022-08-06 10:34:51.760;-0.39148426163915295;273.0948379844558;0.3141852558124281;0.11612616855131819;0.13740239351394834;0.11992578296516232;0.28553965909404866;0.2936260605903058;0.04075666710705672;0.4139582199830478;0.42800871553964726;0.07348604633159628
2022-08-06 10:34:51.780;-0.36995305254789057;273.6646167034851;0.3148407646236378;0.12854678736130154;0.15460198270599435;0.1471495789680528;0.2876097622290459;0.29586513470813003;0.0416864271559545;0.4139582199830478;0.42800871553964726;0.07348604633159628
2022-08-06 10:34:51.800;-0.34774521912422074;274.23441228048614;0.3154962928293048;0.14096740617122805;0.1718219164525543;0.17448945314311892;0.28967986536398627;0.29810423412587994;0.04261632111992952;0.4139582199830478;0.42800871553964726;0.07348604633159628
2022-08-06 10:34:51.820;-0.325085821658764;274.80421506815037;0.31615182933056635;0.13889730303623082;0.16932443736063973;0.1720739999913432;0.28553965909404866;0.2936260605903058;0.04075666710705672;0.4139582199830478;0.42800871553964726;0.07348604633159628
2022-08-06 10:34:51.840;-0.30218588995442663;275.3740154095358;0.3168073630174769;0.1368271999012336;0.16682712013121304;0.16965945430624085;0.28139945282411105;0.2891479882413037;0.03889754868519102;0.4139582199830478;0.42785477046879805;0.07260329094841111
2022-08-06 10:34:51.860;-0.279310726736268;275.94381330477336;0.3174628938901871;0.13475709676629322;0.16432996471095507;0.16724581578841313;0.2772592465541166;0.2846700170515888;0.037038965715479044;0.4139582199830478;0.42770082556080524;0.07172053804985179
2022-08-06 10:34:51.880;-0.25672528056614174;276.5136155465225;0.31811842976339405;0.132686993631296;0.16183297104683092;0.16483308413830855;0.27311904028412215;0.2801921469944446;0.03518091805903367;0.4139582199830478;0.42770082556080524;0.07172053804985179
2022-08-06 10:34:51.900;-0.23471102820830458;277.08340854993;0.31877395500823924;0.13061689049629877;0.15933613908552147;0.16242125905665983;0.2689788340141277;0.27571437804241583;0.033323405577081466;0.4139582199830478;0.42770082556080524;0.07172053804985179
2022-08-06 10:34:51.920;-0.2135352232928739;277.6532066872096;0.3194294861594096;0.14355503508994616;0.1723152002674304;0.16240039838209075;0.27415409185162076;0.28115563489817674;0.03474849219452292;0.4139582199830478;0.42770082556080524;0.07172053804985179
2022-08-06 10:34:51.940;-0.19346711917479553;278.22301753785723;0.3200850319368278;0.1564931796836504;0.18529425866446658;0.162379523564657;0.2793293496891138;0.28659693910672246;0.03617380424259853;0.4139582199830478;0.42770082556080524;0.07172053804985179
2022-08-06 10:34:51.960;-0.1747320530333033;278.79284110158187;0.32074059234015906;0.16943132427735463;0.19827331427662997;0.16235863460565625;0.2845046075264932;0.29203829066799614;0.03759934171096013;0.4139582199830478;0.42770082556080524;0.07172053804985179
2022-08-06 10:34:51.980;-0.15751307486060195;279.3626773780925;0.32139616736906856;0.18236946887105887;0.21125236710357953;0.16233773150641628;0.28967986536398627;0.29747968958194093;0.03902510458930042;0.4139582199830478;0.42770082556080524;0.07172053804985179
2022-08-06 10:34:52.000;-0.14196410415377814;279.9325158546344;0.3220517449290306;0.17822926260106442;0.2027655589593813;0.13744044695054924;0.28967986536398627;0.2975296533710221;0.03931240226456456;0.4139582199830478;0.42770082556080524;0.07172053804985179
2022-08-06 10:34:52.020;-0.1281303449225687;280.5023460267039;0.32270731293501204;0.17408905633106997;0.19429542051059556;0.11263947621503956;0.28967986536398627;0.29757961712076764;0.03959969987846179;0.4139582199830478;0.42770082556080524;0.07172053804985179
2022-08-06 10:34:52.040;-0.1160171156550951;281.0721679104827;0.3233628714056293;0.16994885006107552;0.18584189683863528;0.0879344936373645;0.28967986536398627;0.2976295808311775;0.039886997430945925;0.4139582199830478;0.42770082556080524;0.07172053804985179
2022-08-06 10:34:52.060;-0.1055588489647229;281.6419815220943;0.3240184203594319;0.16580864379108107;0.17740493317611694;0.06332517452006581;0.28967986536398627;0.297679544502536;0.04017429492206759;0.4139582199830478;0.42770082556080524;0.07172053804985179
2022-08-06 10:34:52.080;-0.09662052722591286;282.211786877604;0.3246739598149023;0.1616684375212003;0.16898447490583735;0.03881119512827702;0.28967986536398627;0.2977295081347293;0.040461592351825004;0.4139582199830478;0.42770082556080524;0.07172053804985179
2022-08-06 10:34:52.100;-0.08899876909772364;282.78158473091753;0.3253294906393805;0.157528231251149;0.16208703390909918;0.023048580432773136;0.28967986536398627;0.297679544502536;0.04017429492206759;0.4139582199830478;0.42770082556080524;0.07172053804985179
2022-08-06 10:34:52.120;-0.082438812747051;283.35137583124015;0.3259850136947987;0.15338802498115456;0.15519645483496092;0.007325436168766686;0.28967986536398627;0.2976295808311775;0.039886997430945925;0.4139582199830478;0.42770082556080524;0.07172053804985179
2022-08-06 10:34:52.140;-0.07661291557523264;283.92116697756137;0.32664053680313654;0.14924781871121695;0.14831272299303677;-0.008358324077835988;0.28967986536398627;0.29757961712076764;0.03959969987846179;0.4139582199830478;0.42770082556080524;0.07172053804985179
2022-08-06 10:34:52.160;-0.07116271146750575;284.4909445917656;0.32729604434328685;0.1451076124412225;0.14143582371908892;-0.02400278655542465;0.28967986536398627;0.2975296533710221;0.03931240226456456;0.4139582199830478;0.42770082556080524;0.07172053804985179
2022-08-06 10:34:52.180;-0.06571036603126612;285.0607154728277;0.32795154413721256;0.14096740617122805;0.13456574237559593;-0.03960803734674645;0.28967986536398627;0.29747968958194093;0.03902510458930042;0.4139582199830478;0.42770082556080524;0.07172053804985179
2022-08-06 10:34:52.200;-0.05983331214466214;285.63048298897775;0.32860704005993446;0.14096740617122805;0.13456574237559593;-0.03960803734674645;0.28709223644526816;0.2947121514504616;0.038042899237206385;0.4139582199830478;0.42770082556080524;0.07172053804985179
2022-08-06 10:34:52.220;-0.053125330525179315;286.20025050512777;0.32926253598265637;0.14096740617122805;0.13456574237559593;-0.03960803734674645;0.2845046075264932;0.2919446417844611;0.037060841946228607;0.4139582199830478;0.42770082556080524;0.07172053804985179
2022-08-06 10:34:52.240;-0.04521579287670119;286.7700028942854;0.3299180145023471;0.13223350518728694;0.12570325115856562;-0.0401801748620354;0.2731848709366673;0.28030905418982144;0.035473298907884754;0.40521558634566546;0.41884063438499197;0.07119853758120254
2022-08-06 10:34:52.260;-0.03568374492271764;287.3397250318885;0.33057345821877143;0.1235007884706647;0.11684197473121216;-0.04075219343079528;0.26186647430049703;0.26867491551613654;0.03388623641762045;0.3964741381596504;0.40998165655889807;0.07067664555684505
2022-08-06 10:34:52.280;-0.024145798443659938;287.9105509453002;0.33123017178741027;0.11815867064626673;0.11330939690500585;-0.03025280535264141;0.26066496759776925;0.2673590381935824;0.033252799147279966;0.39319870366188425;0.40630796626362553;0.0684497921883569
2022-08-06 10:34:52.300;-0.010327168363911454;288.48361027312785;0.3318894548146474;0.11281676578994393;0.10977990543861083;-0.019736303958164392;0.2594635803551242;0.2660433004620941;0.032619470776824144;0.3899234355621992;0.40263458442183264;0.0662237101486669
2022-08-06 10:34:52.320;0.006022930068461108;289.05889429359377;0.3325512972664083;0.10747507388305166;0.10625350395164546;-0.00920266636205902;0.25826231256119314;0.26472770230609655;0.03198625128203858;0.3866483338455886;0.3989615109688316;0.0639983991719486
2022-08-06 10:34:52.340;0.02508308923129099;289.6376730596603;0.333217160290468;0.09758458565295314;0.09791196463262608;-0.00011153748739722857;0.2525128697130654;0.25858146981980923;0.02982049046993307;0.37881971079662335;0.39068828635470254;0.06158471489388795
2022-08-06 10:34:52.360;0.04697006037850948;290.2212013856988;0.33388848750318023;0.08769515871045996;0.08957345759713675;0.008991683238184223;0.24676426459721057;0.2524362737237098;0.027655778585975455;0.37099203830888783;0.382416270337103;0.05917237525179875
2022-08-06 10:34:52.380;0.0717476809670603;290.8071009876512;0.33456254277891667;0.08562536212639316;0.08818093499766277;0.01292389283495865;0.2529736543492973;0.25910164307541805;0.03015271926598917;0.37099203830888783;0.382416270337103;0.05917237525179875
2022-08-06 10:34:52.400;0.09936834488239477;291.39299220249086;0.33523658840559795;0.08355556554232635;0.08678882483885886;0.01685855973202255;0.2591830441014409;0.2657671973621305;0.03265062882665948;0.37099203830888783;0.382416270337103;0.05917237525179875
2022-08-06 10:34:52.420;0.12970533266116158;291.9788820150061;0.33591063241895813;0.08148576895831638;0.08539712733383098;0.020795685261801644;0.2653924338535276;0.2724329366505245;0.03514950760582369;0.37099203830888783;0.382416270337103;0.05917237525179875
2022-08-06 10:34:52.440;0.16257503065470835;292.56480184310203;0.3365847109641058;0.07861783242867659;0.08319059984236432;0.024652388473704434;0.2708037064622104;0.2782828556143855;0.03756261883340706;0.3701930489810401;0.38174936422859673;0.05994373276549858
2022-08-06 10:34:52.460;0.19772910798018872;293.1507831005947;0.33725886018144513;0.07574991719286572;0.08098448320660268;0.028511436192546036;0.27621495476038405;0.28413292018311864;0.03997662909082855;0.36939406955662335;0.3810824634383607;0.06071506924601788
2022-08-06 10:34:52.480;0.23486022851113508;293.7367962255594;0.3379330460611026;0.07741520222083409;0.08429653897419698;0.037944067317557284;0.2675313283186611;0.2748424256776403;0.036662361139374156;0.368989138931628;0.3806721052134776;0.060690973140542503
2022-08-06 10:34:52.500;0.2735973395865475;294.32281166119355;0.3386072345990977;0.07908048401174028;0.08761103950572746;0.047390837260392615;0.25884772753014573;0.2655522839973301;0.03334979733244925;0.3685842108503756;0.38026174959196624;0.06066687726667741
2022-08-06 10:34:52.520;0.3135427872262193;294.9088294099274;0.3392814257982263;0.08074576256552746;0.09092798792229573;0.056851764512830805;0.2501641523948379;0.25626249498473186;0.03003893688197845;0.36817928531286626;0.3798513965738266;0.060642781624402176
2022-08-06 10:34:52.540;0.35427714283176714;295.49546851959167;0.3399563318495444;0.08095772579241611;0.09267250605514832;0.06565639027376591;0.24002749841773863;0.24539397095723103;0.02603456890300393;0.36631953478377355;0.377877559520698;0.06002078480187922
2022-08-06 10:34:52.560;0.395377263875311;296.0833467380362;0.34063266344852927;0.08116971607620371;0.09441911590178265;0.07447302424375657;0.22989100417564856;0.23452609263782875;0.02203274429118629;0.36445983790463643;0.37590379267408025;0.05939887479559225
2022-08-06 10:34:52.580;0.4364312560643503;296.67237483499775;0.34131031793914657;0.08184942001054196;0.09706536007459121;0.0857633509438207;0.2279838782481889;0.23256284027721819;0.02174839507046311;0.3625503960159939;0.3737938838083892;0.05828232780711673
2022-08-06 10:34:52.600;0.4770558608154156;297.262463932806;0.34198919307100667;0.08252914638683251;0.09971503905680024;0.09707349249079567;0.2260768088098999;0.23059964594890658;0.021464050003430657;0.3606410106851321;0.37168406843443336;0.05716597943876245
2022-08-06 10:34:52.620;0.5169064060291504;297.85361214417935;0.34266928667286367;0.08320889520354058;0.102368157805099;0.10840347857365451;0.22416979585765517;0.2286365096502223;0.02117970909304301;0.35873168190886773;0.3695743465419241;0.05604982965397909
2022-08-06 10:34:52.640;0.5557237036138172;298.4452988754856;0.3433499998214837;0.08579603159108729;0.10704750919566308;0.1203793580332384;0.22416979585765517;0.22869875548642682;0.02153769823548224;0.35873168190886773;0.3695743465419241;0.05604982965397909
2022-08-06 10:34:52.660;0.5933126283812219;299.03698804919986;0.3440307157800015;0.09821428625127737;0.12103569043395268;0.12915954085809034;0.22623950496771528;0.2307874698400738;0.02160528482942592;0.35873168190886773;0.3695743465419241;0.05604982965397909
2022-08-06 10:34:52.680;0.6295248855934535;299.62899357756396;0.34471179569254834;0.10934116203759459;0.13366517655688526;0.13757763466363038;0.2270182040849491;0.23151407051901884;0.021289963280087143;0.3574391226155207;0.36822046642726036;0.05572056916162982
2022-08-06 10:34:52.700;0.6643403588609635;300.22161728703213;0.34539358679901505;0.12046795305491287;0.14629658692060943;0.14600677236902992;0.22779691064508967;0.23224066578448088;0.020974569533924736;0.35614658924004416;0.36686661747182825;0.05539133556208675
2022-08-06 10:34:52.720;0.6978203319245789;300.81485858397355;0.3460760884164519;0.1315946593056765;0.1589299238446209;0.15444696659520574;0.22857562464796644;0.2329672556344704;0.02065910358216616;0.3548540817816992;0.3655127996744909;0.05506212885277861
2022-08-06 10:34:52.740;0.7301140226634297;301.4084143193686;0.3467589517834066;0.1432659409063035;0.17216830252854365;0.16322341836489773;0.22989879230980392;0.2342977778113564;0.020674735448941384;0.3489324978676258;0.3592641767965574;0.05328917447537851
2022-08-06 10:34:52.760;0.7614107843483684;302.00196476460405;0.34744180906423333;0.12182243470226695;0.1523290142869449;0.17286916689143883;0.2270826164034716;0.2313763698312883;0.020126283063460093;0.3430109492815667;0.3530156992707134;0.051516784385158054
2022-08-06 10:34:52.780;0.7920576426841393;302.5945869485513;0.34812359841564605;0.10387955188821252;0.13619706965286227;0.18363536840262373;0.22776604296601732;0.23216197892279666;0.020700176954171923;0.3457672325100738;0.3559407988450971;0.05243722755223956
2022-08-06 10:34:52.800;0.8223980447953082;303.18537202646985;0.3488032742462327;0.08593639350220883;0.12006777872110419;0.1944199800257458;0.22844954792052619;0.2329476796815939;0.021274143560527925;0.34852363359943084;0.3588660526023659;0.053357861186081657
2022-08-06 10:34:52.820;0.8528144025570283;303.7743144733904;0.34948083019972553;0.06799295952805551;0.10394114566033963;0.20522303040694823;0.2291331312733078;0.23373347211643392;0.021848182896484936;0.3512801525587328;0.3617914605599708;0.05427868533094582
2022-08-06 10:34:52.840;0.8836950254675141;304.3623245754061;0.35015731352575824;0.047295661726877825;0.08486935780907956;0.21498272314248723;0.22706340149316162;0.2315700554800415;0.021351093251032793;0.3512801525587328;0.3617914605599708;0.05427868533094582
2022-08-06 10:34:52.860;0.9154590161522879;304.9503329085055;0.3508337948167199;0.06281863507774688;0.10044208416232081;0.21495867560570314;0.22706340149316162;0.23141438583665064;0.020455813526594646;0.3512801525587328;0.3617914605599708;0.05427868533094582
2022-08-06 10:34:52.880;0.9484191688043423;305.5383639967549;0.3515103022866187;0.07834160842861593;0.11601480647518869;0.21493460741373216;0.22706340149316162;0.23125871581098778;0.01956053319640283;0.3512801525587328;0.3617914605599708;0.05427868533094582
2022-08-06 10:34:52.900;0.9828518158626074;306.1264038201407;0.3521868198059607;0.09386458177954182;0.1315875247467737;0.2149105185688862;0.22706340149316162;0.23110304540276871;0.018665252260140264;0.3512801525587328;0.3617914605599708;0.05427868533094582
2022-08-06 10:34:52.920;1.0189415468475587;306.7144593880439;0.35286335543877306;0.10938755513046772;0.14716023897758745;0.21488640907347456;0.22706340149316162;0.2309473746119366;0.017769970717555594;0.3512801525587328;0.3617914605599708;0.05427868533094582
2022-08-06 10:34:52.940;1.0567875418568322;307.30252574389306;0.35353990348270814;0.11766647425093879;0.15292839064940367;0.20028741103867898;0.22499367171301543;0.22878405073337404;0.01727338588447136;0.3512801525587328;0.3617914605599708;0.05427868533094582
2022-08-06 10:34:52.960;1.0964005299369484;307.8905979340707;0.3542164582388169;0.12594539337140986;0.1587020055339643;0.1857210748674749;0.22292394193292608;0.22662073085039225;0.01677681742666781;0.3512801525587328;0.3617914605599708;0.05427868533094582
2022-08-06 10:34:52.980;1.137669530254018;308.47867596403376;0.3548930197133774;0.13422431249188094;0.16448107356913155;0.17118733713869894;0.22085421215283674;0.22445741496373017;0.016280265348330936;0.3512801525587328;0.3617914605599708;0.05427868533094582
2022-08-06 10:34:53.000;1.1803767823182252;309.06675983923924;0.3555695879126676;0.142503231612352;0.17026558470703534;0.15668613453801328;0.21878448237269055;0.2222941030740131;0.015783729653690237;0.3512801525587328;0.3617914605599708;0.05427868533094582
2022-08-06 10:34:53.020;1.224207041280645;309.65484956512955;0.35624616284294885;0.15078215073282308;0.1760555289151533;0.1422174038577344;0.2167147525926012;0.22013079518203682;0.015287210347013414;0.3512801525587328;0.3617914605599708;0.05427868533094582
2022-08-06 10:34:53.040;1.2687491641854418;310.2429396250445;0.35692273815751285;0.14664269117258755;0.17092639134292753;0.1366110099901503;0.22085421215283674;0.22450720836062743;0.01656663831082472;0.3564544770090414;0.3672828890156552;0.05600759350652318
2022-08-06 10:34:53.060;1.3135583594607334;310.8310245000248;0.3575993075070061;0.142503231612352;0.16579812572208752;0.13100952989260772;0.22499367171301543;0.22888366588322384;0.01784628800064958;0.36162880145935006;0.3727744200901384;0.05773703448016132
2022-08-06 10:34:53.080;1.3581394435298724;311.41910419091437;0.3582758708923995;0.13836377205205963;0.16067073138699683;0.1254129597848621;0.2291331312733078;0.2332601677551125;0.019126159439901258;0.36162880145935006;0.3727744200901384;0.05773703448016132
2022-08-06 10:34:53.100;1.4019878022913104;312.0071786985427;0.3589524283146474;0.13422431249188094;0.15554420767264432;0.11982129588939472;0.23327259083354335;0.23763671398192088;0.020406252651771872;0.36162880145935006;0.3727744200901384;0.05773703448016132
2022-08-06 10:34:53.120;1.4446094526425721;312.5952480237538;0.3596289797747208;0.13008485293158856;0.15041855391447356;0.11423453443113196;0.23741205039377888;0.24201330456865122;0.02168656765953969;0.36162880145935006;0.3727744200901384;0.05773703448016132
2022-08-06 10:34:53.140;1.4855665369597224;313.18331407222286;0.3603055274650267;0.1145618795807195;0.13519428821492951;0.11625602518408584;0.23482488816856772;0.23930908098081005;0.021065492571995748;0.36162880145935006;0.3727744200901384;0.05773703448016132
2022-08-06 10:34:53.160;1.5245008162297453;313.7713577183822;0.3609820493823248;0.09903890622979361;0.11997008627841055;0.11827810712934816;0.23223772594347025;0.23660486363812794;0.02044444307648785;0.36162880145935006;0.3727744200901384;0.05773703448016132
2022-08-06 10:34:53.180;1.5611153311673098;314.35938597212225;0.3616585535912281;0.08351593287892456;0.10474594810986204;0.12030078039236525;0.22965056371831594;0.2339006525417986;0.019823419181258295;0.36162880145935006;0.3727744200901384;0.05773703448016132
2022-08-06 10:34:53.200;1.5952410288633367;314.94739883309376;0.3623350400913349;0.06799295952805551;0.08952187371314935;0.12232404509861983;0.22706340149316162;0.23119644769358416;0.01920242089465507;0.36162880145935006;0.3727744200901384;0.05773703448016132
2022-08-06 10:34:53.220;1.6268501135895541;315.53541078793205;0.36301152554896976;0.08041133820876212;0.10295352526557267;0.12790476854611033;0.2291331312733078;0.2333847218772931;0.0198424819450036;0.36162880145935006;0.3727744200901384;0.05773703448016132
2022-08-06 10:34:53.240;1.655960171492102;316.1234363237236;0.3636880266309763;0.09282971688952557;0.11638610426373575;0.13349040692527403;0.23120286105339716;0.2355730071517783;0.020482598450433542;0.36162880145935006;0.3727744200901384;0.05773703448016132
2022-08-06 10:34:53.260;1.6827290374034773;316.71147544110863;0.3643645433380913;0.10524809557023218;0.12981961145450427;0.13908096406835035;0.23327259083354335;0.23776130351794933;0.02112277041391053;0.36162880145935006;0.3727744200901384;0.05773703448016132
2022-08-06 10:34:53.280;1.7074123568320947;317.2995281406984;0.36504107567101773;0.11766647425093879;0.14325404758519866;0.14467644381026634;0.23534232061368954;0.23994961097648826;0.021762997838289166;0.36162880145935006;0.3727744200901384;0.05773703448016132
2022-08-06 10:34:53.300;1.7303477840795236;317.8875944231331;0.3657176236304923;0.13008485293158856;0.15668941340382148;0.15027684998869706;0.23741205039377888;0.24213792952796354;0.022403280726502217;0.36162880145935006;0.3727744200901384;0.05773703448016132
2022-08-06 10:34:53.320;1.7519094891576463;318.47566539803665;0.3663941769884743;0.12594539337140986;0.15253686164518498;0.1502833438093525;0.23534232061368954;0.23989976810739932;0.021476351721378073;0.36162880145935006;0.3727744200901384;0.05773703448016132
2022-08-06 10:34:53.340;1.7725489672958104;319.0637321747272;0.36707072551657144;0.12180593381123117;0.14838430960199034;0.15028983617839664;0.23327259083354335;0.2376616319087148;0.020549556235207156;0.3564544770090414;0.36709250377566605;0.054915703861366794
2022-08-06 10:34:53.360;1.7926946669257853;319.6517947531902;0.36774726921476697;0.11766647425093879;0.1442317572737828;0.15029632709578777;0.23120286105339716;0.2354235209288973;0.019622894250716172;0.3512801525587328;0.3614108283282462;0.052095669858796434
2022-08-06 10:34:53.380;1.8127806270009754;320.2398601435925;0.3684238161479921;0.11352701469070325;0.1400792046607897;0.1503028165614806;0.2291331312733078;0.23318543516442247;0.0186963657506114;0.3512801525587328;0.3614108283282462;0.052095669858796434
2022-08-06 10:34:53.400;1.8331817254466962;320.827914325484;0.3691003501862505;0.10938755513046772;0.13592665176295426;0.1503093045754147;0.22706340149316162;0.2309473746119366;0.017769970717555594;0.3512801525587328;0.3614108283282462;0.052095669858796434
2022-08-06 10:34:53.420;1.8541928760025048;321.4159641076767;0.3697768791628222;0.10317836579008599;0.13137577087061558;0.1599645273746546;0.22706340149316162;0.23092246724988996;0.01762672561446621;0.3512801525587328;0.3614108283282462;0.052095669858796434
2022-08-06 10:34:53.440;1.876055243283143;322.0040092899944;0.37045340284741224;0.09696917644976111;0.12682729665621295;0.16963418450434187;0.22706340149316162;0.23089755987817995;0.01748348049583992;0.3512801525587328;0.3614108283282462;0.052095669858796434
2022-08-06 10:34:53.460;1.8989119659822897;322.5920498748528;0.37112992124279964;0.09075998710932254;0.12228123206974928;0.1793182946683416;0.22706340149316162;0.2308726524964655;0.01734023536164475;0.3512801525587328;0.3614108283282462;0.052095669858796434
2022-08-06 10:34:53.480;1.9228124244833484;323.1800858646384;0.37180643435173;0.0845507977690545;0.11773758006463808;0.18901687659151367;0.22706340149316162;0.2308477451050308;0.01719699021196064;0.354729702192234;0.3649734259855677;0.05268422235277015
2022-08-06 10:34:53.500;1.947713925874626;323.7681172617522;0.3724829421769656;0.07834160842861593;0.1131963435966803;0.19872994901961683;0.22706340149316162;0.2308228377038759;0.01705374504671564;0.358179251825792;0.36853602180201506;0.05327275098153006
2022-08-06 10:34:53.520;1.9735061545301926;324.35615101131407;0.37315945270860357;0.08610309510407888;0.12239102701445503;0.20681516986003334;0.22706340149316162;0.23091624040782932;0.01759091433625848;0.36162880145935006;0.37209861577110814;0.05386125570735523
2022-08-06 10:34:53.540;1.9999728807189445;324.9441940580509;0.37383597393628876;0.09386458177954182;0.1315875247467737;0.2149105185688862;0.22706340149316162;0.23100964297422166;0.01812808340738936;0.36162880145935006;0.37209861577110814;0.05386125570735523
2022-08-06 10:34:53.560;2.0268597806869266;325.5322464036508;0.3745125058619633;0.10162606845500477;0.14078583878901085;0.22301600629983298;0.22706340149316162;0.23110304540276871;0.018665252260140264;0.36162880145935006;0.37209861577110814;0.05386125570735523
2022-08-06 10:34:53.580;2.0538776740562037;326.12030804981623;0.37518904848758583;0.10938755513046772;0.14998597113801893;0.231131644217216;0.22706340149316162;0.23119644769358416;0.01920242089465507;0.36162880145935006;0.37209861577110814;0.05386125570735523
2022-08-06 10:34:53.600;2.080727712166679;326.70837825912895;0.3758656009647846;0.11766647425093879;0.15772578258471626;0.22786651098635424;0.2291331312733078;0.23345945423287873;0.020272275261884687;0.36162880145935006;0.37209861577110814;0.05386125570735523
2022-08-06 10:34:53.620;2.107107127214824;327.29645629341394;0.37654216244431726;0.12594539337140986;0.16546583699792095;0.2246029822297757;0.23120286105339716;0.2357224930220596;0.0213423020918464;0.36162880145935006;0.37209861577110814;0.05386125570735523
2022-08-06 10:34:53.640;2.1327720808353945;327.88454916333285;0.37721874099168423;0.13422431249188094;0.17320613429088993;0.22134105728131903;0.23327259083354335;0.2379855640658448;0.022412501409121433;0.36162880145935006;0.37224606371836444;0.0547068760817595
2022-08-06 10:34:53.660;2.1575140221316484;328.47264284796984;0.37789532047635344;0.142503231612352;0.18094667437648226;0.21808073547498008;0.23534232061368954;0.24024866736900918;0.023482873238309665;0.36162880145935006;0.37239351181517577;0.05555249873622081
2022-08-06 10:34:53.680;2.1811754587923358;329.06074435798655;0.3785719089638253;0.15078215073282308;0.18868745716818225;0.21482201614499097;0.23741205039377888;0.2425118029359865;0.024553417603923933;0.36162880145935006;0.37239351181517577;0.05555249873622081
2022-08-06 10:34:53.700;2.203692952724681;329.64884943099605;0.37924850155038525;0.159061069853351;0.18799554229647342;0.16309537059839485;0.24155150995401442;0.2468137838521116;0.025404591533974674;0.36162880145935006;0.37239351181517577;0.05555249873622081
2022-08-06 10:34:53.720;2.225102038642061;330.2369538399871;0.37992509337301716;0.16733998897376523;0.18737377515443754;0.111780111415821;0.2456909695143068;0.25111576655795176;0.026255752877131222;0.36162880145935006;0.37239351181517577;0.05555249873622081
2022-08-06 10:34:53.740;2.2455148094513557;330.8250576556384;0.38060168451303417;0.1756189080942363;0.18682168706189017;0.06087338570935241;0.2498304290744855;0.2554177510424793;0.02710690157087825;0.36162880145935006;0.37239351181517577;0.05555249873622081
2022-08-06 10:34:53.760;2.265125983839787;331.4131609481483;0.3812782750511969;0.18389782721476422;0.18633881192212343;0.010372357861666792;0.25396988863472103;0.259719737294553;0.027958037552722637;0.36162880145935006;0.37239351181517577;0.05555249873622081
2022-08-06 10:34:53.780;2.2841823770211276;332.00125544069306;0.38195485546533336;0.18750818705501615;0.18118747078491637;-0.04003110339482596;0.253442955376876;0.2592828290476987;0.0284863768324648;0.35695724246227556;0.36765941020485116;0.055274841663183416
2022-08-06 10:34:53.800;2.30302865731393;332.58933226060617;0.38263141554777724;0.18283996610711029;0.1749253985525705;-0.04909794563839753;0.24360274292880746;0.24901106632550096;0.026203135837763014;0.35228602201499726;0.3629256550674995;0.054997215371124675
2022-08-06 10:34:53.820;2.3220312344890286;333.17739084889035;0.38330795465542333;0.17817208344803248;0.16866601458090358;-0.058151423488027376;0.23376303523921393;0.23873998255616158;0.02392074174869574;0.34761514007380256;0.3581922463583851;0.05471961985495
2022-08-06 10:34:53.840;2.341555910259902;333.7747808837521;0.38399522923852447;0.14959431637907983;0.1366531110592426;-0.07734247183066412;0.20002598548311568;0.20261372992568027;0.010859205871425637;0.3190190107642401;0.327845397572446;0.04517379286369483
2022-08-06 10:34:53.860;2.361990389294612;334.390570957381;0.3847036723685292;0.12102922251767723;0.10466535157152279;-0.09646516442259845;0.16630262227327108;0.16650716467743365;-0.002170790432416858;0.29043556280533167;0.2975151329054597;0.03564843289329289
2022-08-06 10:34:53.880;2.383722592700855;335.01541916190035;0.38542253653465464;0.1043510930645084;0.0886073680903472;-0.09258708343079824;0.16410910605672058;0.16416882910480268;-0.0029597715148046433;0.29031112104229706;0.2973890357873188;0.03564108784823272
2022-08-06 10:34:53.900;2.407035812461023;335.6402423274485;0.38614137189439307;0.08767297805712815;0.07254972736157228;-0.08870664000542394;0.1619155918558377;0.16183051419287864;-0.0037486560991784046;0.2901866795195396;0.2972629389148551;0.035633742824810355
2022-08-06 10:34:53.920;2.432148618895549;336.265047902627;0.38686018701707825;0.07099487749547961;0.05649242951076516;-0.08482383296930607;0.1597220796706793;0.15949221993961515;-0.004537444196083484;0.2900622382371161;0.2971368422884666;0.03562639782300092
2022-08-06 10:34:53.940;2.4592300821175783;336.88917789470725;0.38757822490702587;0.056544209876051355;0.04280542419169464;-0.08016179092008979;0.1597552404244098;0.1595314657403506;-0.004503107308785559;0.2869940707210539;0.29388135661844217;0.034604905757921856
2022-08-06 10:34:53.960;2.4883382008609303;337.5119729441867;0.38829472699613005;0.04209337065475438;0.02911880470722039;-0.0754960338050692;0.1597884398080751;0.15957075306076973;-0.004468754581121281;0.2839258968621188;0.29062590017002776;0.033583598275241044
2022-08-06 10:34:53.980;2.519452698712987;338.13374542799284;0.3890100526622009;0.03904604079616547;0.026942654410245126;-0.07043152738199421;0.16294856925802748;0.16295277159802168;-0.003255837999101452;0.2850180550721042;0.2917862052553346;0.033955644821112685
2022-08-06 10:34:54.000;2.5524334196814387;338.75480869100284;0.38972456239663833;0.03599869825904989;0.024767201919441817;-0.06536277987643757;0.1661087327799251;0.16633487022327387;-0.0020426809501508103;0.2861102317905342;0.2929465347460223;0.034327722346978895
2022-08-06 10:34:54.020;2.587068845788724;339.37516193411284;0.3904382552801035;0.032951343043123416;0.02259244774566227;-0.06028978808793006;0.1692689303746775;0.1697170489466444;-0.0008292833888567941;0.287202427018034;0.2941068886431708;0.0346998308557156
2022-08-06 10:34:54.040;2.623073480818112;339.9951584501032;0.391151537762544;0.02895267273601121;0.019394146617653263;-0.055613676655993594;0.17147804986181114;0.17207128176969633;-3.8951547243648577e-05;0.2873424347477602;0.2942487590510723;0.03470809668837571
2022-08-06 10:34:54.060;2.6601065791198035;340.6151519322666;0.3918648167546817;0.024953998737032634;0.016196422935163213;-0.05093405245592386;0.1736871716506485;0.17442553561827623;0.0007514771349477201;0.2874824427816556;0.294390629770362;0.03471636254841126
2022-08-06 10:34:54.080;2.6977893297750986;341.2347910260942;0.39257768803647675;0.0208937160766709;0.013549188988545069;-0.04273490254735535;0.17479989661851647;0.17567924876781404;0.0015400852787719188;0.2885964394806173;0.2955726356142918;0.035087233697146836
2022-08-06 10:34:54.100;2.7357253295266277;341.85372398158506;0.39328974693289104;0.01683341291141005;0.010903778633032601;-0.034524788986728616;0.1759126408202647;0.17693299768368576;0.0023287833086333976;0.2897104554354577;0.2967546666295675;0.03545813587058255
2022-08-06 10:34:54.120;2.773513078536967;342.47195000694046;0.39400099253299004;0.012773089240852187;0.00826019396205524;-0.026303698748322724;0.1770254042565753;0.17818678236850616;0.003117571234973582;0.2908244906468589;0.2979367228176102;0.03582906907167249
2022-08-06 10:34:54.140;2.8108011897190015;343.0892380876394;0.394711159063327;0.009791427775780903;0.006752852940419274;-0.017771926860193688;0.17921675407448134;0.1805775756654171;0.004220717174161948;0.29301834495402446;0.30024894116547785;0.03647011514406717
2022-08-06 10:34:54.160;2.847272845734048;343.7053421154342;0.39541996338569496;0.020260405948590687;0.01982972355230217;-0.00298208730504701;0.18140817849079127;0.18288152294289972;0.004823890646417084;0.2952122739448022;0.3025612528962256;0.03711125830686601
2022-08-06 10:34:54.180;2.882605262307673;344.3208667842191;0.3961281011774904;0.028537724901354977;0.03058946326225609;0.01112811583089357;0.18140817849079127;0.1828566774335414;0.004680982425544933;0.2952122739448022;0.3025612528962256;0.03711125830686601
2022-08-06 10:34:54.200;2.916586359057969;344.93640284678986;0.39683625207740447;0.036815043854062424;0.04135482387530587;0.025270218927746946;0.18140817849079127;0.18283183191451968;0.004538074189039953;0.2952122739448022;0.3025612528962256;0.03711125830686601
2022-08-06 10:34:54.220;2.9490531421728257;345.5519503088799;0.39754441609203317;0.04509236280671303;0.05212581638616243;0.039444285160758596;0.18140817849079127;0.18280698638566406;0.0043951659368719476;0.2952122739448022;0.3025612528962256;0.03711125830686601
2022-08-06 10:34:54.240;2.9799032281041606;346.1678321629661;0.39825296481197386;0.05263274722670985;0.062099995958728726;0.05328805482147736;0.1806714281521309;0.18197759735191;0.0038771269532817954;0.2944746815756538;0.3017652384648386;0.036788889087589816
2022-08-06 10:34:54.260;3.0090883102147687;346.7843702710743;0.3989622685272829;0.060173097978236;0.07056395804826465;0.058450676932290335;0.17786536703150801;0.17893586663090133;0.002577966525269204;0.29373709764701417;0.3009692364874468;0.03646654131207594
2022-08-06 10:34:54.280;3.0366138737684922;347.40124079939415;0.3996719546794406;0.06841928486227289;0.07979969856901548;0.0639783934047653;0.1757649678417934;0.1766671317368278;0.001651909847967481;0.2937059817044805;0.30093770633868644;0.036464703144075905
2022-08-06 10:34:54.300;3.062518439432341;348.01812104207784;0.40038165200760556;0.07666546998530066;0.08903632749328594;0.06951097269269546;0.17366456911114625;0.17439842260260008;0.0007259869672120445;0.29367486577683977;0.3009061762051033;0.03646286497739659
2022-08-06 10:34:54.320;3.0868618818533;348.6350109999112;0.4010913605126818;0.08491165334720563;0.09827384552076168;0.0750484185672855;0.17156417083945286;0.17212973922475072;-0.00019980213446579853;0.29364374986426256;0.30087464608686787;0.036461026812099284
2022-08-06 10:34:54.340;3.109713321497601;349.25347380883613;0.4018028785232991;0.08824009090704976;0.10225419648858391;0.07873061145477855;0.1645481358380394;0.16459533570989748;-0.0030406194833298983;0.2886912029345048;0.29561970574485485;0.03481201473151074
2022-08-06 10:34:54.360;3.131130048696663;349.87505719402543;0.4025179866385817;0.07501464303720695;0.0921193317178357;0.09675373694251377;0.15753255160931445;0.15713606614051656;-0.005451972790297077;0.28373903655580435;0.2903652628552891;0.033163615756484965
2022-08-06 10:34:54.380;3.1512255924724064;350.4975833767312;0.4032341794066576;0.0687274423036115;0.08941008336008949;0.11744467006255022;0.15745232724655267;0.1571017797861387;-0.005186116847459843;0.2857304328944146;0.29247671606538006;0.03381790227558401
2022-08-06 10:34:54.400;3.1700434450613306;351.1188665153095;0.40394894209959903;0.06244018938565432;0.08671226126037013;0.13820334309507754;0.15737213592812083;0.15706752854428174;-0.004920249382394104;0.2877218907682426;0.2945882493283989;0.0344722858208959
2022-08-06 10:34:54.420;3.187598913898065;351.738911602959;0.4046622804618916;0.056152884281345905;0.08402589729623955;0.15902995202821302;0.15729197765617897;0.15703331241795837;-0.00465437039235983;0.2897134101805854;0.29669986265076886;0.0351267664085837
2022-08-06 10:34:54.440;3.2039070601377544;352.3583344107683;0.4053749029148239;0.04782909289565396;0.07917611077723663;0.17916891201853336;0.15517607276726864;0.15482343682888455;-0.0051524526238813095;0.2896667391864902;0.29665257066119466;0.035124010659804306
2022-08-06 10:34:54.460;3.21895757452388;352.97775172112597;0.4060875190431465;0.04260923896458735;0.07393900680366627;0.17917336457139488;0.1551294584161056;0.15480710381590512;-0.004977330384487111;0.2896200682261032;0.2966052787060107;0.035121254914057154
2022-08-06 10:34:54.480;3.232720754281952;353.59668945972953;0.40679958344235057;0.038937636671676046;0.07035612199623742;0.17975638344960387;0.15663065175991875;0.1564456512674397;-0.004217359576071722;0.29112308464289427;0.2982000619729206;0.0356216791896351
2022-08-06 10:34:54.500;3.24514697837208;354.2146730342283;0.4075105501119323;0.0352660157786886;0.06677323147001957;0.1803394922159267;0.15813188011399149;0.15808425276785698;-0.0034572866845445915;0.2926261361124638;0.2997948910622199;0.03612215994658996
2022-08-06 10:34:54.520;3.2561799612977422;354.83170099260315;0.4082204173813988;0.03159437628505657;0.06319033522677486;0.18092269088811008;0.15963314347980173;0.15972290832136338;-0.0026971116952507757;0.2941292226362897;0.3013897659763529;0.036622697192065345
2022-08-06 10:34:54.540;3.265781085190852;355.4486743857342;0.40893022187562134;0.042695150340307464;0.07536143471756063;0.18685649746677502;0.15831837055308284;0.1583149645399331;-0.0032066583968584084;0.28763957148231967;0.2945038756676581;0.034461923581558196
2022-08-06 10:34:54.560;3.2738777925232645;356.06649444707;0.40964100042950924;0.05379583855119563;0.08753345875228646;0.19279573065125888;0.1570036244798203;0.15690705720667353;-0.003716154555488238;0.2811499941749993;0.2876182245504424;0.03230200976645037
2022-08-06 10:34:54.580;3.280431747565772;356.68474478870485;0.41035227400456564;0.06621165790937766;0.10111411912739854;0.19924599901251483;0.1570036244798203;0.15690705720667353;-0.003716154555488238;0.2811499941749993;0.2876182245504424;0.03230200976645037
2022-08-06 10:34:54.600;3.2854206616697113;357.30300956834253;0.4110635641899969;0.07862747726750285;0.11469598814741389;0.20570274643595088;0.1570036244798203;0.15690705720667353;-0.003716154555488238;0.2811499941749993;0.2876182245504424;0.03230200976645037
2022-08-06 10:34:54.620;3.2888413567637844;357.9212887869435;0.4117748709869079;0.09104329662568489;0.12827906691327584;0.21216597867673048;0.1570036244798203;0.15690705720667353;-0.003716154555488238;0.2811499941749993;0.2876182245504424;0.03230200976645037
2022-08-06 10:34:54.640;3.290731985645575;358.5411973612863;0.41248805229581753;0.08997198670607531;0.12728198777781685;0.21261414397794542;0.16007326460485416;0.16018443919129055;-0.0025827939099265507;0.27593643221525;0.2820910361952542;0.03059293789199824
2022-08-06 10:34:54.660;3.291174351427393;359.1643196776495;0.413204930893062;0.08890094943706117;0.12628519353338774;0.21306237792152416;0.16314302839735007;0.16346199310542175;-0.0014491796023152759;0.27072329199444667;0.2765643960395323;0.02888452854875556
2022-08-06 10:34:54.680;3.2902620476176505;359.7890508365599;0.4139236604026525;0.09303940709622793;0.13086005544445456;0.21548873682663494;0.17141994371585412;0.17231078461649219;0.0016740702931201668;0.27072329199444667;0.2765643960395323;0.02888452854875556
2022-08-06 10:34:54.700;3.2881345972380043;360.41378690946294;0.41464239556560517;0.09717786475550838;0.13543508615722644;0.21791600861994986;0.17969685903430133;0.1811598658550011;0.004798827600331457;0.27072329199444667;0.2765643960395323;0.02888452854875556
2022-08-06 10:34:54.720;3.2849636449339252;361.0385278965041;0.4153611363820874;0.10131632241478883;0.14001028572877416;0.22034419360484492;0.18797377435286222;0.19000923695049465;0.007925092963635194;0.27072329199444667;0.2765643960395323;0.02888452854875556
2022-08-06 10:34:54.740;3.280945272940057;361.66348437584384;0.4160801251142881;0.10322192427889831;0.13958470159692737;0.20690398673371302;0.1821200537300811;0.18368728105330234;0.005349583252271195;0.2700419263466678;0.2758414811288503;0.028657937981479975
2022-08-06 10:34:54.760;3.2763141134303946;362.2888667824518;0.4167996038596604;0.10512752118830804;0.13916386855381901;0.19349165735912877;0.17626636461202594;0.17736555458120762;0.002775120442218615;0.26936056790288276;0.27511857563280273;0.028431359008401103
2022-08-06 10:34:54.780;3.2713211666447943;362.91446425041795;0.41751933002497055;0.10773891540873137;0.13950134189550667;0.18036770225705379;0.17111817542022578;0.1717978205683508;0.00046532732493620443;0.26938545355540455;0.2751434950590692;0.028431123301230876
2022-08-06 10:34:54.800;3.266231146101921;363.54006605942413;0.4182390611844827;0.11035031008276519;0.13984333421538153;0.16727030033821588;0.16596998535013796;0.16623024271181208;-0.0018436339852678785;0.2694103392175329;0.2751684144949422;0.028430887593272836
2022-08-06 10:34:54.820;3.2613096146835314;364.16566793969105;0.41895879242597756;0.10416752174450039;0.13224139793018352;0.1592348633288072;0.16392562386042897;0.16411745153843782;-0.002196204376263111;0.2694352248892109;0.27519333394025125;0.028430651884543856
2022-08-06 10:34:54.840;3.2568438603012844;364.79126361873205;0.41967851653319715;0.0979598628275653;0.12461633882028522;0.15120975001115244;0.16185640422143166;0.1619797605863269;-0.002548519909280067;0.2694352248892109;0.27519333394025125;0.028430651884543856
2022-08-06 10:34:54.860;3.253099298729648;365.4168510971722;0.42039823120593645;0.09175220391051653;0.1169930638384038;0.1431946769924295;0.1597871845824912;0.1598420665368181;-0.002900858045799204;0.2694352248892109;0.27519333394025125;0.028430651884543856
2022-08-06 10:34:54.880;3.2503542503988547;366.04244577947975;0.42111795416645204;0.08561293226904354;0.10943964008478346;0.13518645680232666;0.15778632194460585;0.15777240147614435;-0.003256459950740087;0.26950365952945177;0.2752614904847519;0.02842787558931814
2022-08-06 10:34:54.900;3.24885106050162;366.66804069697537;0.4218376773975426;0.07947365777027926;0.1018879945301272;0.12718826336792421;0.15578545840268276;0.15570273243006483;-0.003612084223500567;0.269572094242168;0.27532964710007946;0.02842509928454895
2022-08-06 10:34:54.920;3.2488034646991046;367.2936494141686;0.42255741650466194;0.08368048593388266;0.10569022584561694;0.12477971460195203;0.15792303616454006;0.15793326975816768;-0.003120264125113792;0.2696405290276438;0.27539780378657497;0.02842232297029046
2022-08-06 10:34:54.940;3.2503892776950853;367.919270359278;0.4232771696795352;0.08795881931223448;0.10956653394830695;0.1223846241859885;0.16013208651103383;0.16023776402514756;-0.002615595130969872;0.26978051608654496;0.27553965019603766;0.02843057349833078
2022-08-06 10:34:54.960;3.2537520664332025;368.5448958541456;0.4239969280887327;0.09223715698976775;0.11344298596256053;0.11999041832873658;0.1623411391590608;0.16254226499044222;-0.0021109080825025828;0.2699205034496721;0.27568149691683175;0.028438824053714562
2022-08-06 10:34:54.980;3.258982251223119;369.1724777975105;0.42471893731774124;0.09010466417294083;0.1104720046434089;0.11521249979461512;0.15814228876852354;0.1579925209487456;-0.004045031928953335;0.26709407577959965;0.27268274133979276;0.027499021862794848
2022-08-06 10:34:55.000;3.2661439494388342;369.8039559916433;0.4254454290355191;0.08797260283819242;0.10750217945550489;0.11043871329325672;0.153943959124355;0.15344344494574358;-0.005978367587315958;0.26426810984776594;0.2696845061192903;0.02655953141819367
2022-08-06 10:34:55.020;3.2752263157999666;370.439304133477;0.42617637298138494;0.0817027953198135;0.10027826623163705;0.10507722152618193;0.14767706134100678;0.14679471861237658;-0.008049057513501268;0.26144260557004273;0.26668679114652605;0.025620352590913775
2022-08-06 10:34:55.040;3.2861986117074045;371.07482737549435;0.4269075183733727;0.08777826527966681;0.10623382687807847;0.10426893349365685;0.15374971175530305;0.15333875100774463;-0.005459331686057389;0.26752219640411923;0.27311916160613237;0.027539246821087104
2022-08-06 10:34:55.060;3.2989376354672673;371.7068352440765;0.42763461946152015;0.09385430845924247;0.11218996279327698;0.1034606812003398;0.15982293512329449;0.15988359529499263;-0.002868338181750474;0.2736023608466702;0.2795522678601401;0.029458988401494857
2022-08-06 10:34:55.080;3.3132782008949255;372.33708058560296;0.42835969282912206;0.09404081959871746;0.11185949217550828;0.1004854394126502;0.16000935970547658;0.16013490630073335;-0.0024988400858925175;0.27378899849310656;0.2797413842034757;0.029469986004192705
2022-08-06 10:34:55.100;3.329015307722014;372.9673223879872;0.429084762125075;0.0859506184157226;0.10471645288597742;0.10608823363257525;0.15812660661189426;0.15816173239964115;-0.002981164580581286;0.2739756366801238;0.2799305010998978;0.02948098365539309
2022-08-06 10:34:55.120;3.3459006926794563;373.59755696032516;0.42980982310313387;0.07786040711971509;0.09757418684054286;0.11169590635643978;0.15624385139492603;0.15618855984755697;-0.003463474865948335;0.27416227540766513;0.28011961854940637;0.029491981355157293
2022-08-06 10:34:55.140;3.3636615735664748;374.22764686535083;0.4305347176469355;0.07004999225318898;0.09074201623868916;0.11747263761186844;0.15464078871301723;0.1545252380314892;-0.003777925579513841;0.2746289349972848;0.2806147390729734;0.02964719223266421
2022-08-06 10:34:55.160;3.3819768083300747;374.8574320690459;0.43125926164341;0.062239554126392704;0.0839106668061298;0.12325460158071966;0.15303772274715044;0.1528619125712467;-0.004092381583444826;0.2750955979660752;0.28110986401281934;0.029802408549563175
2022-08-06 10:34:55.180;3.4004828267640264;375.4872109528151;0.43198379836904943;0.05383531481999171;0.07642652441492359;0.1287094816621046;0.15084108758103554;0.15054401610857582;-0.004745833046035486;0.2749679987881031;0.2809581577415088;0.029666321318324584
2022-08-06 10:34:55.200;3.4188381824510143;376.1172822609733;0.4327086715178602;0.05784618936326069;0.08348876035486441;0.14617307733528317;0.1486444544878296;0.1481269922237871;-0.005969526563908367;0.2748403998624589;0.28080645227930745;0.0295302371939119
2022-08-06 10:34:55.220;3.436645518200663;376.7476537457478;0.4334338900084858;0.06185706051695661;0.09055923848503866;0.16368420245273718;0.14644782346747576;0.14571001329156985;-0.007192989041875819;0.27471280118914265;0.28065474762621534;0.029394156176267394
2022-08-06 10:34:55.240;3.4535222030161665;377.37817921084206;0.4341592856476307;0.06599542746761244;0.09779317298793089;0.18139967299444493;0.14437863999214784;0.1434484854193343;-0.008257934188291571;0.27471280118914265;0.28065474762621534;0.029394156176267394
2022-08-06 10:34:55.260;3.469093707108595;378.0087125235368;0.4348846903151423;0.07013379441821144;0.10503556182996121;0.19916387022633586;0.14230945651681992;0.14118698964322363;-0.009322707661464591;0.27471280118914265;0.28065474762621534;0.029394156176267394
2022-08-06 10:34:55.280;3.4830035893349356;378.6389654018203;0.4356097723534974;0.07563996890735325;0.11372670502381865;0.21736626811427406;0.14160744575330142;0.14036537600200205;-0.009996645266459936;0.2726329788139914;0.2784273191647344;0.028583309865535256
2022-08-06 10:34:55.300;3.4948920310308953;379.2686398386504;0.43633418891689385;0.06666179045731724;0.10496398987632105;0.21878458504179754;0.14814765502783445;0.14739714051425068;-0.007300168960918896;0.2705531529592271;0.2761999094583416;0.027772580842495564
2022-08-06 10:34:55.320;3.5044822308169135;379.89772585368337;0.43705792852332465;0.05768354339323878;0.09620125063380769;0.220203251217006;0.15468794217955661;0.15442920400241889;-0.004602529698507496;0.2684733236252477;0.2739725185041948;0.026961969092353932
2022-08-06 10:34:55.340;3.511518909679201;380.52651308273926;0.43778132438781825;0.04789695997430954;0.08656628161989133;0.22127077561453756;0.1604202847779348;0.1605893810608805;-0.0022565829705234464;0.26903326354278434;0.27453989190507855;0.02699495167535204
2022-08-06 10:34:55.360;3.515794291253334;381.15529142133164;0.43850471002417074;0.03811034146400516;0.07693129195174819;0.2223384581128247;0.16615265221313535;0.16674974727616387;9.022654462409463e-05;0.269593208326004;0.2751072702841384;0.027027934695142086
2022-08-06 10:34:55.380;3.5172033762932484;381.7820941424361;0.4392258227875154;0.04445521823703302;0.08203089580936407;0.21505086765828896;0.1704266770297309;0.17130576760181526;0.0016264364320370817;0.27594352239970377;0.28184477411429043;0.029139470578748217
2022-08-06 10:34:55.400;3.5156556983919343;382.40491942206427;0.43994235965525935;0.05080072028255245;0.08713233642239615;0.20777065553161655;0.17470123633192003;0.1758624289355808;0.0031632076585932367;0.28229446228175803;0.28858309580181185;0.03125201372011155
2022-08-06 10:34:55.420;3.511136291186725;383.02374912432424;0.4406542997627466;0.05714684771021439;0.0922356131028117;0.2004978163939919;0.17897633021588177;0.18041973142292278;0.004700540476245685;0.2886460280818177;0.29532223556270765;0.03336556465878804
2022-08-06 10:34:55.440;3.503723693854726;383.640189906022;0.44136349150771087;0.05863937718743273;0.09213013290806416;0.19127994558977957;0.17839908729397536;0.17976491331487665;0.004265936002592063;0.2901398365958734;0.29689385098106413;0.03378607965940006
2022-08-06 10:34:55.460;3.4935757712955247;384.25586086934345;0.4420717976058234;0.06013194126097687;0.09202688638711365;0.18207498171340397;0.17782185764125558;0.17911011452813597;0.0038313647172003584;0.2916336797360408;0.2984655092098478;0.03420663702952975
2022-08-06 10:34:55.480;3.4809003356893773;384.8711395525679;0.44277965240055883;0.04790221841415132;0.0780776098569298;0.17243094110823076;0.18007773703832441;0.18156162058367187;0.00491125272624604;0.2918203929293135;0.298654707022763;0.03421766366595236
2022-08-06 10:34:55.500;3.4660069498232686;385.48640397651616;0.44348749079053773;0.0356724801209225;0.06413094423228571;0.16280137270454897;0.18233361964016837;0.18401316312409932;0.0059913175936321394;0.29200710666350815;0.2988439053892762;0.034228690351127966
2022-08-06 10:34:55.520;3.4492466808180953;386.10165414358926;0.4441953127785224;0.023442726381176726;0.05018688601583321;0.15318625737473024;0.1845895054470148;0.18646474215442055;0.00707155934508652;0.2921938209387953;0.29903310430927377;0.03423971708505835
2022-08-06 10:34:55.540;3.431008954290249;386.719177740546;0.4449057502613836;0.003793486719644079;0.028319356436863785;0.14081890149575926;0.17942655991058842;0.18098130513502753;0.005331932293039188;0.28495343415125163;0.29135084682411616;0.03183009386811886
2022-08-06 10:34:55.560;3.4117396077740656;387.3412454547579;0.4456214155788417;-0.015854320537243893;0.006457859080764905;0.12847659496550268;0.17426432348614895;0.17549871267133454;0.0035930140718232195;0.2777138606987286;0.28366965239177944;0.02942178033753784
2022-08-06 10:34:55.580;3.3919398056990775;387.9655842246211;0.44633969365971216;0.0008553122031003113;0.02002662869838545;0.11008777487651145;0.1806275515828375;0.18229359550347368;0.005947968766309764;0.27786942138260784;0.283827279862237;0.029430951307186426
2022-08-06 10:34:55.600;3.3720351005391276;388.58993799122254;0.4470579889937612;0.017564963078029905;0.033604060338429775;0.09175144464444784;0.18699078671446756;0.18908865051586332;0.00830378077762628;0.2780249824421652;0.2839849077168992;0.029440122310612438
2022-08-06 10:34:55.620;3.352483801597354;389.21430676354066;0.4477763015913183;0.03427463208754489;0.04719013402293726;0.07346747475429094;0.1933540288809823;0.19588387776421;0.01066045038271568;0.27818054387711655;0.28414253595570926;0.02944929334777857
2022-08-06 10:34:55.640;3.333743221524849;389.84012139640254;0.44849627759660654;0.0462681244258647;0.05575360660511919;0.05351643594778199;0.1950019252618418;0.19763758441562373;0.011235881503885103;0.27361593671185247;0.2792995846075996;0.02793136084180503
2022-08-06 10:34:55.660;3.3162448406197393;390.468783949771;0.44921953002644927;0.05826141868595869;0.06432762552108429;0.033629601659460384;0.19664994918972667;0.19939143835731699;0.011811417725928308;0.26905165283318766;0.2744570557356951;0.026413948567156176
2022-08-06 10:34:55.680;3.3003644142666566;391.09892977876734;0.44994448890865857;0.06341267916809556;0.07085727326457558;0.04145268072747399;0.18886860967175068;0.19112499735846455;0.00917780734103868;0.2690298543396956;0.27442651248691163;0.02636415981240159
2022-08-06 10:34:55.700;3.2864626327749544;391.7291931806176;0.45066958305397814;0.0685639388797199;0.07738864024176095;0.04928548973954783;0.18108727132753444;0.182858755218696;0.0065452063119000314;0.26900805585347953;0.27439596931185406;0.026314371435920414
2022-08-06 10:34:55.720;3.2748472497626517;392.359574140537;0.45139481244539875;0.07371519782105906;0.08392172830454214;0.057128039277998255;0.1733059341572485;0.17459271187406245;0.003913614334683402;0.26898625737470994;0.27436542621057924;0.026264583437734856
2022-08-06 10:34:55.740;3.2657809410300036;392.9900185085644;0.4521201147854432;0.07944778375241413;0.09105607775435587;0.06507370287732694;0.16610569762386973;0.16692675823330916;0.0013794488164853291;0.2695462017495096;0.2751220855141696;0.02738338987001665
2022-08-06 10:34:55.760;3.259473305896594;393.620471954644;0.4528454275694425;0.08414578230980396;0.09784450738740347;0.07699768685786434;0.16666502758423718;0.1674947132508251;0.0014178247598746196;0.27010615099010593;0.2758787532763449;0.0285022149986478
2022-08-06 10:34:55.780;3.256089999850155;394.2496027551315;0.45356921869984057;0.09256873307430169;0.10864899417478213;0.09052202180469138;0.17094772458100493;0.17208117243158227;0.003079045380253831;0.2743935897136147;0.28042766786194306;0.0299281782054992
2022-08-06 10:34:55.800;3.2557399580391486;394.8760736428303;0.4542899497014346;0.100992091270939;0.1194591387639683;0.1040761046947285;0.1752307065185974;0.1766680184692646;0.004740802863542726;0.2786813136934292;0.28497695526067446;0.03135460063544038
2022-08-06 10:34:55.820;3.2584857020457236;395.4998730818552;0.45500760730262596;0.10941585694558853;0.13027495164444858;0.11765999532700278;0.17951397343072273;0.1812552514354948;0.00640309740486078;0.2829693229632575;0.28952661553921644;0.032781482454511846
2022-08-06 10:34:55.840;3.264329010677339;396.12228145664994;0.4557236645371674;0.1144360524339163;0.13741793956196702;0.12976280996186063;0.1803951273819635;0.18216011107652008;0.006521734178322802;0.28385145251269606;0.2904291639795247;0.032883376520135954
2022-08-06 10:34:55.860;3.273214448537832;396.7445829412536;0.4564395987985971;0.11738695637097862;0.14081640085955982;0.1322772264137253;0.1812762933955483;0.1831643071992417;0.007211674220052977;0.28473359413772314;0.2913317252552474;0.03298527413679242
2022-08-06 10:34:55.880;3.285052898270717;397.366838724869;0.45715548048277266;0.11945628516713214;0.1433102281565901;0.13467642802428692;0.1812762933955483;0.1832636305795532;0.00778297309523257;0.28473359413772314;0.2912054153770214;0.03226072067323482
2022-08-06 10:34:55.900;3.299687227758869;397.9890897586665;0.4578713567024629;0.1215256139632288;0.14580421632333795;0.13707653147145127;0.1812762933955483;0.1833629538037158;0.008354271720553363;0.28473359413772314;0.2910791056084463;0.03153616888365551
2022-08-06 10:34:55.920;3.316884901442934;398.6113434605868;0.4585872359917271;0.12359494275938232;0.1482983654124972;0.13947753705299615;0.1812762933955483;0.18346227687133165;0.008925570096038449;0.28473359413772314;0.29095279594952217;0.030811618768043836
2022-08-06 10:34:55.940;3.3363827139170685;399.2320360501835;0.45930131928045786;0.13138383703926593;0.15686981502747344;0.14382188687691322;0.18699300042371902;0.18964287992313444;0.011478831832341996;0.2904566306033338;0.2969893764681615;0.032511364636103934
2022-08-06 10:34:55.960;3.3578199479113766;399.84959081959823;0.46001179262604996;0.12934362121586673;0.15621014877902084;0.15179722665035822;0.19271021515297804;0.19569375909814113;0.013282935971811405;0.2961801753321005;0.3030265958549876;0.034211789555786964
2022-08-06 10:34:55.980;3.380805929450313;400.4655677556657;0.46072045073420476;0.12217424370680874;0.1500734900908718;0.15787491909907114;0.19330086321449613;0.1962624819335943;0.013144938806686213;0.2967714773487877;0.3036257661007653;0.03424670740995417
2022-08-06 10:34:56.000;3.4049023802269565;401.08153977298207;0.461429103183523;0.11500483997662059;0.14393773234629847;0.1639583157864548;0.19389151669557947;0.19683120975842172;0.013006939658403383;0.2973627847909519;0.304224941897985;0.03428162575299254
2022-08-06 10:34:56.020;3.4296202379225322;401.69750687240594;0.4621377499749923;0.10783541002501806;0.13780287623998433;0.17004742133370332;0.19448217559622805;0.19739994257245286;0.012868938526829687;0.2979540976588204;0.30482412324693087;0.0343165445849154
2022-08-06 10:34:56.040;3.4544326062730075;402.3138610870592;0.4628468421278543;0.09831672762396693;0.12943246055825952;0.17683710034540745;0.1911722233645392;0.19378405272946253;0.011175879339434758;0.2967121861912041;0.30350640395971595;0.03390315875582939
2022-08-06 10:34:56.060;3.478801996558726;402.93099393607554;0.46355683007002657;0.0887981400252329;0.12106324794487122;0.1836336865914081;0.18786231275894494;0.1901682887616758;0.009483270912036268;0.2954702986538713;0.3021887159529797;0.0334898114743174
2022-08-06 10:34:56.080;3.5021850640471492;403.5484285992643;0.46426716523795997;0.08137880290900057;0.11490935133380376;0.19105634104091695;0.18665090992576694;0.18876729362037992;0.008417139289662146;0.296329269598008;0.3030718906401262;0.03361380945044701
2022-08-06 10:34:56.100;3.5240385269633774;404.1656887487261;0.4649772996344677;0.07395942820119217;0.10875681189875408;0.19848750504877533;0.1854395062711447;0.1873663261826337;0.007351165099085399;0.2971882519916029;0.30395507777274133;0.033737812237985665
2022-08-06 10:34:56.120;3.5438442606320835;404.7827743419548;0.46568723321064814;0.0665400159008982;0.10260563094007225;0.20592718711888924;0.18422810179490767;0.18596538644468552;0.0062853483205636;0.2980472458345993;0.3048382773507683;0.033861819837155416
2022-08-06 10:34:56.140;3.561157134841201;405.3997836310664;0.4663970790018352;0.07151845324693795;0.10732856764016319;0.20435886540988601;0.18713686952546738;0.18907993108897614;0.007410452025367498;0.29888754308950993;0.30568975452627;0.03391143296168053
2022-08-06 10:34:56.160;3.5755466339967334;406.0167928237861;0.467106924682127;0.07649692552377019;0.11205159315684554;0.2027909115939739;0.19004566019217606;0.19219453609387216;0.00853575044884991;0.2997278513014443;0.30654124291305607;0.0339610470732703
2022-08-06 10:34:56.180;3.586651793449995;406.6333465431744;0.4678162463576218;0.08209136085878299;0.11748018146951367;0.20172587966768152;0.19357021279265751;0.1960153039157504;0.010168599903826347;0.3011846000098366;0.30808691516716635;0.03444594886488339
2022-08-06 10:34:56.200;3.594209141158859;407.24898135448893;0.46852451086422114;0.08768587067106637;0.1229088580512574;0.2006609689234331;0.19709481907185733;0.19983620711051486;0.011801883727411422;0.30264138164512033;0.3096326304624313;0.034930903700355564
2022-08-06 10:34:56.220;3.598030644063954;407.8636958495845;0.4692317165819074;0.09328045496340565;0.12833762290645367;0.19959617936466767;0.2006194790315945;0.20365724570175558;0.013435602030354765;0.30409819620843237;0.3111783888014088;0.03541591158617852
2022-08-06 10:34:56.240;3.5979958786127044;408.4780153393003;0.4699384678608822;0.08863390388228254;0.1182302262322672;0.1682943424944785;0.20114643539242394;0.20421123718174528;0.013580489671861429;0.3046257360061908;0.3117024726961404;0.03538697317453643
2022-08-06 10:34:56.260;3.5941033326396252;409.0924658359654;0.47064536985838457;0.08398733829540106;0.10814897123676914;0.13714381091795413;0.2016733960669299;0.20476523257568857;0.01372537444172206;0.30515328012217324;0.3122265607921122;0.03535803412384997
2022-08-06 10:34:56.280;3.586409174748474;409.70697624526656;0.4713523407831029;0.07881365205815882;0.09757056980285128;0.10617684088528723;0.2016733960669299;0.20479630156237505;0.013904070036128147;0.30515328012217324;0.3122265607921122;0.03535803412384997
2022-08-06 10:34:56.300;3.5750457542012968;410.3214754906585;0.47205929886416703;0.07363996582085974;0.08701806742922358;0.07535954149712332;0.2016733960669299;0.20482737053377065;0.01408276560620525;0.30515328012217324;0.3122265607921122;0.03535803412384997
2022-08-06 10:34:56.320;3.5602136615217495;410.9359688691984;0.4727662501956404;0.07363996582085974;0.08646597475020812;0.07218609139272658;0.19753444707712475;0.20042666434918743;0.012660552138524572;0.30515328012217324;0.3122265607921122;0.03535803412384997
2022-08-06 10:34:56.340;3.5421381585395437;411.5507888654611;0.47347357728841893;0.07322000193181566;0.08543271623360837;0.0686690489519437;0.19297565116304582;0.1955426587278808;0.010881789310099421;0.3047329563411303;0.31194123531906826;0.03613964140128445
2022-08-06 10:34:56.360;3.5210754167375096;412.16626233475836;0.4741816561771453;0.07280004078000957;0.08439980568843097;0.06515400525424564;0.18841686998192841;0.19065876032406237;0.009103508445721609;0.30431263529982644;0.3116558921235537;0.03692113474252512
2022-08-06 10:34:56.380;3.497316960891461;412.78207017420937;0.4748901197460547;0.0732043198652832;0.0842589225454411;0.06201258539535548;0.18468208792896945;0.18666867218193062;0.00771015080690951;0.3047172608357336;0.3120659048037169;0.036945041486475816
2022-08-06 10:34:56.400;3.4711463218970446;413.39787160410924;0.4755985759410186;0.07360860148884285;0.08411830737614068;0.058872719566216425;0.18094729686507804;0.18267863029482356;0.0063170791667355175;0.3051218889122005;0.3124759200833296;0.03696894845948506
2022-08-06 10:34:56.420;3.442836063921529;414.01367814355035;0.476307038014316;0.08229079428286923;0.09186882575911781;0.05334905521694466;0.18342092826438972;0.1853264782431907;0.007269414710457056;0.30552651952911347;0.312885937962335;0.03699285566151289
2022-08-06 10:34:56.440;3.412632387731475;414.6289926298268;0.4770149339991052;0.0921457295592063;0.10089481431239378;0.04839345459159716;0.18706685773421583;0.18925233792564455;0.00880620317922265;0.30710480745227997;0.31456062659191275;0.037518522960716005
2022-08-06 10:34:56.460;3.3807544865895207;415.24331288752;0.47772168616160887;0.10200079354677882;0.10992150271342993;0.04344151972563903;0.19071284833186297;0.19317833308563337;0.010343384075214068;0.3086831340249354;0.3162353657502308;0.03804425255985233
2022-08-06 10:34:56.480;3.3473824724715278;415.85713948822377;0.47842787039046475;0.11027879227140147;0.11726388957370304;0.0379042240931442;0.19278234801291916;0.1954159163673026;0.011268517687677004;0.3086831340249354;0.3162353657502308;0.03804425255985233
2022-08-06 10:34:56.500;3.312659688772605;416.4709738385791;0.47913406353500093;0.11855679099596728;0.12460704812260914;0.03237174038625312;0.19485184769408903;0.1976535248231599;0.012193784578596656;0.3086831340249354;0.3162353657502308;0.03804425255985233
2022-08-06 10:34:56.520;3.276680147625886;417.0848131506282;0.47984026238777766;0.11855679099596728;0.1266663426536887;0.044205975491779625;0.19692134737520206;0.19989115845644534;0.013119184765235659;0.3086831340249354;0.3162353657502308;0.03804425255985233
2022-08-06 10:34:56.540;3.2395114442938517;417.69865463805763;0.480546463743247;0.11855679099596728;0.12872945660589252;0.05606243915117659;0.19899084705642878;0.20212881727074006;0.014044718264932143;0.3086831340249354;0.3162353657502308;0.03804425255985233
2022-08-06 10:34:56.560;3.201181122169335;418.3124983048983;0.48125266760604635;0.11855679099596728;0.13079639604162807;0.06794116776891901;0.20106034673759865;0.20436650126905676;0.014970385094913219;0.3086831340249354;0.3162353657502308;0.03804425255985233
2022-08-06 10:34:56.580;3.161689972409845;418.9263441551957;0.4819588739808298;0.11855679099596728;0.13286716703160195;0.07984219780146251;0.20312984641871168;0.20660421045520394;0.01589618527245129;0.3086831340249354;0.3162353657502308;0.03804425255985233
2022-08-06 10:34:56.600;3.1210207125065152;419.54019219296606;0.482665082872218;0.11855679099596728;0.13494177565425147;0.09176556575749562;0.20519934609988155;0.20884194483196694;0.01682211881487028;0.3086831340249354;0.3162353657502308;0.03804425255985233
2022-08-06 10:34:56.620;3.0791317167336496;420.1540368533242;0.4833712878780215;0.10820929259017475;0.12646683925762758;0.10273058804526425;0.20261247149844763;0.20607584763710207;0.01584340608351642;0.3086831340249354;0.3162353657502308;0.03804425255985233
2022-08-06 10:34:56.640;3.0360188003193125;420.7678798883935;0.4840774910139918;0.09786179418443908;0.11799499077519826;0.11371438184638549;0.20002559689695687;0.20330977880716006;0.01486484092321394;0.29833563561919973;0.3052559604197427;0.0345984729335127
2022-08-06 10:34:56.660;2.9916694308274963;421.38170666632504;0.48478367544674156;0.0875142957787034;0.10952623447789378;0.1247169749184831;0.19743872229552295;0.20054373833816186;0.013886423314320773;0.28798813721346406;0.29427696402188985;0.031154816790739837
2022-08-06 10:34:56.680;2.946082998197232;421.99552450773626;0.48548984959836355;0.07716679737285403;0.10106057464102136;0.1357383950545712;0.19485184769408903;0.19777772622629897;0.012908153237042974;0.28798813721346406;0.29427696402188985;0.031154816790739837
2022-08-06 10:34:56.700;2.8993045145392755;422.609336131929;0.48619601659731143;0.07302779801057113;0.09774490524241841;0.14055308585619297;0.19692134737520206;0.2000899086819814;0.014262329979580102;0.28798813721346406;0.29427696402188985;0.031154816790739837
2022-08-06 10:34:56.720;2.851396971046088;423.22314425692457;0.4869021795705656;0.06888879864823139;0.0944298289877814;0.14537137025446345;0.19899084705642878;0.20240213730895817;0.015616756582567781;0.28798813721346406;0.29427696402188985;0.031154816790739837
2022-08-06 10:34:56.740;2.802466646691405;423.83694888331956;0.4876083385188125;0.06474979928594848;0.09111534623670181;0.15019325056876287;0.20106034673759865;0.20471441211450525;0.016971433085120502;0.28798813721346406;0.29427696402188985;0.031154816790739837
2022-08-06 10:34:56.760;2.7526590924291154;424.4507500117252;0.4883144934427553;0.06061079992360874;0.08780145734791844;0.1550187291196421;0.20312984641871168;0.20702673310606912;0.018326359526468217;0.28798813721346406;0.29427696402188985;0.031154816790739837
2022-08-06 10:34:56.780;2.7021587912561547;425.0645476427526;0.48902064434309706;0.05647180056126899;0.08448816268107961;0.15984780822907307;0.20519934609988155;0.20933910029103941;0.019681535945808903;0.28798813721346406;0.29427696402188985;0.031154816790739837
2022-08-06 10:34:56.800;2.651177463332353;425.67833739444177;0.4897267861785589;0.04405480247436344;0.0728710968030235;0.16469282491855264;0.20312984641871168;0.20715100393679364;0.019041115805650932;0.28798813721346406;0.29427696402188985;0.031154816790739837
2022-08-06 10:34:56.820;2.5999772718729233;426.2921148846872;0.4904329139076947;0.03163780438740105;0.06125457249597943;0.16954141757464036;0.20106034673759865;0.20496291868941086;0.01840075121319451;0.28798813721346406;0.29427696402188985;0.031154816790739837
2022-08-06 10:34:56.840;2.5488366719112143;426.9058801138235;0.4911390275308894;0.019220806300438653;0.049638590050587794;0.17439358842641717;0.19899084705642878;0.2027748445480384;0.0177604421654749;0.28798813721346406;0.29427696402188985;0.031154816790739837
2022-08-06 10:34:56.860;2.4980485119372116;427.5196330821709;0.49184512704851135;0.006803808213533102;0.03802314975794374;0.17924933970401824;0.19692134737520206;0.20058678151193732;0.017120188659562885;0.28798813721346406;0.29427696402188985;0.031154816790739837
2022-08-06 10:34:56.880;2.4479229037121817;428.1333811064178;0.4925512208781331;-0.005613189873429292;0.02640825190908558;0.18410867363871564;0.19485184769408903;0.1983987295803118;0.016479990692568336;0.28798813721346406;0.29427696402188985;0.031154816790739837
2022-08-06 10:34:56.900;2.3988149591204766;428.74713485920074;0.49325732129821837;0.030603054546872954;0.0627403214172908;0.18405497407230964;0.19485184769408903;0.1983676795575562;0.016301399050646204;0.28798813721346406;0.29427696402188985;0.031154816790739837
2022-08-06 10:34:56.920;2.3509538729005977;429.36092696086416;0.49396346583723655;0.06681929896706151;0.09907236900189886;0.1840011618876396;0.19485184769408903;0.1983366295195097;0.01612280738447147;0.28798813721346406;0.29427696402188985;0.031154816790739837
2022-08-06 10:34:56.940;2.3046078775599597;429.974757409007;0.4946696544924252;0.10303554338730692;0.13540439466120446;0.18394723711420458;0.19485184769408903;0.19830557946617233;0.01594421569395177;0.29833563561919973;0.3052559604197427;0.0345984729335127
2022-08-06 10:34:56.960;2.260008499357808;430.5886262011845;0.49537588726097187;0.13925178780760916;0.17173639839293386;0.18389319978145036;0.19485184769408903;0.19827452939754409;0.0157656239791768;0.3086831340249354;0.3162353657502308;0.03804425255985233
2022-08-06 10:34:56.980;2.2172990590379125;431.2025115770448;0.4960821391084167;0.13925178780760916;0.16683218969555114;0.15570461658531354;0.18864334865063626;0.19163600473715547;0.013417210346266195;0.3086831340249354;0.3162353657502308;0.03804425255985233
2022-08-06 10:34:57.000;2.1766660255765755;431.81639178851765;0.4967883850144296;0.13925178780760916;0.16194908722607337;0.12763891842366437;0.18243484960718348;0.1849976434163878;0.011069646540659228;0.3086831340249354;0.3162353657502308;0.03804425255985233
2022-08-06 10:34:57.020;2.1381966907214247;432.4302668577948;0.49749462500454134;0.13925178780760916;0.15708701318160578;0.09969563771782397;0.1762263505637307;0.17835944538061455;0.008722932290025298;0.3086831340249354;0.3162353657502308;0.03804425255985233
2022-08-06 10:34:57.040;2.10192294158095;433.0441368069951;0.49820085910419887;0.13925178780760916;0.15224588999714328;0.07187430844528464;0.17001785152022109;0.17172141057526602;0.0063770673220187035;0.3086831340249354;0.3162353657502308;0.03804425255985233
2022-08-06 10:34:57.060;2.0678215506509843;433.6580016581356;0.4989070873387319;0.13925178780760916;0.14742564034437677;0.04417446613488263;0.1638093524767683;0.1650835389458294;0.004032051364517564;0.3086831340249354;0.3162353657502308;0.03804425255985233
2022-08-06 10:34:57.080;2.0358151033607066;434.2718606881608;0.49961330887629246;0.13511278844526942;0.14121436203222615;0.03234649514486865;0.1679483518390512;0.1694839742497507;0.005452680377101338;0.30178480175448286;0.30878932959581107;0.035021872049863845
2022-08-06 10:34:57.100;2.0057813302627663;434.88571316505113;0.5003195228747198;0.13097378908287283;0.13500695940453156;0.020540735423616674;0.17208735120139096;0.17388446799308355;0.006873608954749422;0.29488646948397346;0.3013435975121297;0.03200111012628781
2022-08-06 10:34:57.120;1.9775522952163156;435.49955909280834;0.5010257293386179;0.12683478972064677;0.1288034262181803;0.008757150480954934;0.1762263505637307;0.17828502018645764;0.008294837149414036;0.28798813721346406;0.2938981693500864;0.028981966020345418
2022-08-06 10:34:57.140;1.9509316500721332;436.11340579299576;0.5017319366911676;0.12269579035830702;0.122603756238302;-0.003004296120812988;0.18036534992595676;0.1826856308406164;0.009716365013074935;0.28798813721346406;0.2938981693500864;0.028981966020345418
2022-08-06 10:34:57.160;1.9256923543632434;436.72723863453575;0.502438128099869;0.11855679099596728;0.1164079432384959;-0.01474364076663548;0.18450434928835335;0.1870862999665306;0.011138192597774044;0.28798813721346406;0.2938981693500864;0.028981966020345418
2022-08-06 10:34:57.180;1.9015921751427236;437.3410684220944;0.5031443159950806;0.11855679099596728;0.11681645537012386;-0.012396268928353216;0.18657384896946638;0.18937354750935498;0.01234900349710788;0.28798813721346406;0.2938981693500864;0.028981966020345418
2022-08-06 10:34:57.200;1.878370453322796;437.9548986408845;0.5038505043864077;0.11855679099596728;0.11722511911895239;-0.010048014908802472;0.18864334865063626;0.1916608342300279;0.013560025356912142;0.28798813721346406;0.2938981693500864;0.028981966020345418
2022-08-06 10:34:57.220;1.8557681865342808;438.56872929105157;0.5045566932740175;0.11855679099596728;0.1176339345332984;-0.007698878418949562;0.19071284833186297;0.19394816013446103;0.014771258209054672;0.28798813721346406;0.2938981693500864;0.028981966020345418
2022-08-06 10:34:57.240;1.8335326539136527;439.18256037277024;0.5052628826581113;0.11855679099596728;0.11804290166113773;-0.005348859169585829;0.19278234801291916;0.1962355252287935;0.015982702085249656;0.29833563561919973;0.304876890936157;0.03242410846101418
2022-08-06 10:34:57.260;1.811423341514916;439.7963918862006;0.5059690725388728;0.11855679099596728;0.11845202055084414;-0.002997956871515939;0.19485184769408903;0.1985229295191644;0.01719435701742711;0.3086831340249354;0.31585602127569246;0.035868373435346435
2022-08-06 10:34:57.280;1.7892185623036458;440.41022404755495;0.5066752631650464;0.11855679099596728;0.11927071380844367;0.0017064980282439635;0.19485184769408903;0.1985229295191644;0.01719435701742711;0.3086831340249354;0.31585602127569246;0.035868373435346435
2022-08-06 10:34:57.300;1.7667193097376148;441.0240570732785;0.5073814547856439;0.11855679099596728;0.12009001469183644;0.006414488595893886;0.19485184769408903;0.1985229295191644;0.01719435701742711;0.3086831340249354;0.31585602127569246;0.035868373435346435
2022-08-06 10:34:57.320;1.7437552353833794;441.63789096402616;0.5080876474014189;0.11855679099596728;0.1209099235871598;0.011126017148399114;0.19485184769408903;0.1985229295191644;0.01719435701742711;0.3086831340249354;0.31585602127569246;0.035868373435346435
2022-08-06 10:34:57.340;1.7201878072049501;442.25172572042356;0.5087938410130911;0.11855679099596728;0.12173044088043738;0.015841086003977267;0.19485184769408903;0.1985229295191644;0.01719435701742711;0.3086831340249354;0.31585602127569246;0.035868373435346435
2022-08-06 10:34:57.360;1.6959118563902862;442.8655613431256;0.5095000356214139;0.11855679099596728;0.12255156695814762;0.020559697482224415;0.19485184769408903;0.1985229295191644;0.01719435701742711;0.3086831340249354;0.31585602127569246;0.035868373435346435
2022-08-06 10:34:57.380;1.6708564903523169;443.4794027008538;0.510206236827667;0.11338304179309944;0.11873169079180101;0.028439817404435352;0.1922649730926551;0.19588099139097181;0.016929749168781427;0.3086831340249354;0.315982469323842;0.036593664799462466
2022-08-06 10:34:57.400;1.6449969548387728;444.09323271043104;0.5109124249783025;0.10820929259017475;0.11491345617119109;0.036329776023600324;0.1896780984912212;0.19323903737794268;0.016665045366524467;0.3086831340249354;0.31610891748209724;0.03731895784096295
2022-08-06 10:34:57.420;1.6183365342593463;444.7070586910486;0.5116186084937727;0.10303554338730692;0.11109686477791669;0.04422958398314858;0.18709122388973043;0.19059706748667082;0.016400245646679856;0.3086831340249354;0.3162353657502308;0.03804425255985233
2022-08-06 10:34:57.440;1.5909171168537;445.3208806444236;0.5123247873760531;0.09786179418443908;0.10728191829465672;0.05213925193644098;0.18450434928835335;0.18795508172392061;0.016135350045163754;0.3086831340249354;0.3162353657502308;0.03804425255985233
2022-08-06 10:34:57.460;1.562814343158447;445.93470013852493;0.5130309634290324;0.09372279482204249;0.10643663441421936;0.07115021779064001;0.18450434928835335;0.1879302595538448;0.015992574382566183;0.3086831340249354;0.3162353657502308;0.03804425255985233
2022-08-06 10:34:57.480;1.5341375710017717;446.54955042647634;0.5137383253712503;0.09062218477424722;0.10648114295102218;0.08928803697828158;0.1855423604296007;0.1887803570034876;0.014890806703939496;0.30972236866762515;0.31713438085728285;0.03722200376895657
2022-08-06 10:34:57.500;1.5049932699808835;447.16645983319177;0.5144480562515279;0.08752156179383519;0.10653430973385625;0.10747674207649016;0.1865803882931587;0.1896304911092912;0.01378916365418359;0.31076162005229335;0.3180334228964057;0.03639982037517786
2022-08-06 10:34:57.520;1.4755165621125979;447.7854216701453;0.5151601483749698;0.08442092588086325;0.10659615450006399;0.12571645364713024;0.18761843287965263;0.19048066187148294;0.012687645230917255;0.31180088817950846;0.3189324918689067;0.03557770238166835
2022-08-06 10:34:57.540;1.445838709758501;448.4054085959142;0.5158734198242242;0.08079506554048521;0.1063091603512838;0.14498156766257875;0.18813145147672827;0.1909768021608116;0.012580238454695802;0.3019668835115148;0.30847368975946665;0.032163801485682875
2022-08-06 10:34:57.560;1.4161127942260718;449.02539563278697;0.5165866914012994;0.0771691946308124;0.10421398660681902;0.15385284028934887;0.1927835326758114;0.19599791455997462;0.014609182876510474;0.29213284628849934;0.29801525404576523;0.028751981265523696
2022-08-06 10:34:57.580;1.386477960861981;449.6450621821932;0.5172995942696966;0.07404107410536653;0.1026814734388175;0.16308781037965225;0.19793326205010686;0.20158072157475004;0.0169964223696093;0.29314460731587033;0.2990887165977938;0.02908844815749312
2022-08-06 10:34:57.600;1.3570617712343196;450.26408828274725;0.5180117603259742;0.07091294057175901;0.10115121093044976;0.17233616403767194;0.203083036169609;0.20716374274619653;0.019384561815439127;0.2941563842267705;0.3001621999079589;0.029424940615080608
2022-08-06 10:34:57.620;1.3279754613480268;450.88247328029684;0.5187231888175546;0.06778479402947823;0.09962320186857809;0.1815979184520371;0.20823285503534095;0.21274697813593235;0.021773601526697384;0.29516817702142717;0.30123570397705635;0.029761458640417793
2022-08-06 10:34:57.640;1.2993119025609219;451.50096439547633;0.5194347393934444;0.06278245519831671;0.09606601019535432;0.1900061980487715;0.21150887399526397;0.21629721566265658;0.02328472809601667;0.294304200210437;0.30029675981478476;0.02934635139876196
2022-08-06 10:34:57.660;1.2711598291752544;452.12029213719507;0.5201472524764442;0.0670930762339026;0.10312032726866605;0.2056955749496634;0.21064580269169397;0.21531568026015435;0.022620783487210083;0.293440234979645;0.29935783367250224;0.02893127876647572
2022-08-06 10:34:57.680;1.2435637025895145;452.7400490386135;0.5208602592914056;0.07245353450900893;0.11132063965279926;0.22191686312077596;0.21083237452112513;0.21547408333604068;0.022455009769847933;0.29362700005112075;0.2994208691665108;0.028218331138919694
2022-08-06 10:34:57.700;1.2165645520935813;453.35981518426706;0.5215732767415089;0.07781399998839333;0.11952803129335265;0.23817873740622275;0.21101894689136458;0.21563248677498592;0.022289235286861775;0.2938137656638595;0.29948390460424434;0.027505382003908174
2022-08-06 10:34:57.720;1.1901911947499515;453.9795905816063;0.5222863048353257;0.08317447267228317;0.12774251735069342;0.25448128666344694;0.21120551980224178;0.21579089057659218;0.02212346003813348;0.2940005318179182;0.29954693998575976;0.026792431361452707
2022-08-06 10:34:57.740;1.164446562940877;454.5987140786965;0.522998582942625;0.07696335855422376;0.12179325412315833;0.25611187913231337;0.20913300370788335;0.21365292668409808;0.021788814907795384;0.296069270897366;0.30174179408913915;0.027480145627590602
2022-08-06 10:34:57.760;1.1393644861115326;455.21652314987296;0.5237093488527512;0.07075219269006539;0.1158440139015191;0.257742977667494;0.2070604949004533;0.21151496743036802;0.02145414983460814;0.2981380763822621;0.30393673497150075;0.028167966740574535
2022-08-06 10:34:57.780;1.1149576421068081;455.8343284883813;0.5244201104685844;0.0606728175241642;0.1057361842459521;0.25778222656627303;0.20112063698540084;0.20521892832349664;0.019525244909890382;0.296335420332813;0.3020108116829192;0.02749200581887301
2022-08-06 10:34:57.800;1.0912511354956522;456.4534407341198;0.5251323756316302;0.05059359563580301;0.09562849468315093;0.25782139929388226;0.19518088088532437;0.19892309859560697;0.017596884917236544;0.2945328147003501;0.3000849575436746;0.026816143983078078
2022-08-06 10:34:57.820;1.0682728745785;457.0738570492904;0.5258461410771095;0.04051452701833114;0.08552094520686282;0.2578604958434205;0.18924122659539222;0.1926274782161741;0.015669069739176145;0.29273025948231535;0.298159172547912;0.026140381217312658
2022-08-06 10:34:57.840;1.0460799333580963;457.694928899371;0.526560660690646;0.048792661096797474;0.0934002140059782;0.255400143484108;0.18924122659539222;0.1925778617940992;0.015383683969150574;0.30307792708038406;0.3093271735750136;0.030667268644563705
2022-08-06 10:34:57.860;1.0246963676218166;458.3160091642567;0.5272751899850967;0.057070795175320654;0.10127961269270358;0.25294069064139624;0.18924122659539222;0.19252824533308655;0.015098298136966726;0.3134255946785096;0.32049585826592875;0.03519779519086974
2022-08-06 10:34:57.880;1.0041788178458213;458.93531811527646;0.5279876814501099;0.07129643219150239;0.11551324670940843;0.25270059564085745;0.19518715794001906;0.19883172811760375;0.0170351149218817;0.31937853447886155;0.32679894744200055;0.03710328413203712
2022-08-06 10:34:57.900;0.9845702486562613;459.5510433354866;0.5286960499687156;0.08552295838268265;0.12974773625685643;0.25246031299781624;0.20113363849478816;0.20513590512158686;0.01897268264112295;0.3253320241366886;0.33310274527786987;0.039009603401576776
2022-08-06 10:34:57.920;0.9659190564985658;460.16317094102124;0.5294002795680524;0.09975037388613828;0.14398308147300654;0.25221984274335085;0.2070806683500237;0.2114407765020374;0.020911001629867698;0.3312860637423718;0.3394072519447491;0.04091675340941858
2022-08-06 10:34:57.940;0.9482357830164815;460.77349155232514;0.5301024302890448;0.095984383461996;0.13765860772351957;0.23758542743200994;0.2095235488223821;0.21410748478960073;0.022149113985677538;0.3316597205006282;0.3397858893755483;0.040938856899565224
2022-08-06 10:34:57.960;0.931562518879304;461.3838065189848;0.5308045745160881;0.0922183845376594;0.13133981543372997;0.2229837715401386;0.21196643679068217;0.21677424234722054;0.02338744862316844;0.3320333794251873;0.3401645290229567;0.040960960585336714
2022-08-06 10:34:57.980;0.9158855451040135;461.99500402177364;0.5315077340674839;0.08529748775754342;0.12167014443170032;0.2073183509616161;0.21125525401775036;0.21608321478468184;0.023517710744602738;0.3223504908292547;0.32988997624721605;0.03773487175705448
2022-08-06 10:34:58.000;0.9011693842249231;462.6079696293091;0.532212927756347;0.07837679057280411;0.1120074018672561;0.19169135227214174;0.21054415162226547;0.21539226798748956;0.02364797414930031;0.31266785490584326;0.3196160498358154;0.034510727292962784
2022-08-06 10:34:58.020;0.8873364752614865;463.2226981456988;0.5329201496050006;0.07145629296906009;0.10235157314408738;0.17610269082598684;0.20983312959786105;0.21470140194956144;0.023778238839978982;0.3029854716372178;0.30934274955103547;0.031288526095571534
2022-08-06 10:34:58.040;0.8742954596008709;463.8388624583531;0.5336290232828135;0.08543367087281695;0.1129349808734581;0.1563139076964397;0.20828887093720283;0.21306787373877256;0.023295939368408014;0.3014395582956162;0.3076936106323842;0.030723117836576996
2022-08-06 10:34:58.060;0.8618659436963003;464.4561370890224;0.5343391743394014;0.09941092035899146;0.12352840195691428;0.13658611187709102;0.20674464931509107;0.21143439062607428;0.02281368082686619;0.2998936820321241;0.3060445220243082;0.030157779447464783
2022-08-06 10:34:58.080;0.8498594606412807;465.07397291698;0.5350499710321898;0.11493280512752335;0.13579378548231702;0.117562508503811;0.20674464931509107;0.21146543504332982;0.022992235210055334;0.2998936820321241;0.3060445220243082;0.030157779447464783
2022-08-06 10:34:58.100;0.8380566440485342;465.69182177866605;0.5357607827197886;0.13045468989611209;0.1480684572372546;0.09859504349520254;0.20674464931509107;0.211496479445465;0.02317078956904428;0.2998936820321241;0.3060445220243082;0.030157779447464783
2022-08-06 10:34:58.120;0.8262015315115325;466.30967436581705;0.5364715986933936;0.1263155206245301;0.14280816572144417;0.09223267664756118;0.20674464931509107;0.21154615045728775;0.02345647649311644;0.2998936820321241;0.3060445220243082;0.030157779447464783
2022-08-06 10:34:58.140;0.8140606623939087;466.9297238840154;0.5371849421528646;0.11534878718902064;0.13024330960180563;0.08326202838692165;0.19991981527991953;0.2042774523876929;0.021041116548169647;0.2930615351523933;0.29859975710468234;0.026761672166302652
2022-08-06 10:34:58.160;0.8014073199437268;467.55413515565306;0.5379033036442773;0.10438297245087824;0.11768182961352736;0.07430496733153191;0.1930957046537074;0.19700969578773453;0.0186268940711809;0.2862301124568525;0.29115612890848297;0.02336778174673082
2022-08-06 10:34:58.180;0.7880403703028667;468.18072076353565;0.5386241666270928;0.10043061176406809;0.11261558715423448;0.0679799670335619;0.19328224894687906;0.1972487485940988;0.018925154012847223;0.28641685663319905;0.29134535078941326;0.02337877512835984
2022-08-06 10:34:58.200;0.7737714227822893;468.807301421366;0.5393450239150608;0.09647824628791568;0.10755045625310444;0.061661290026551185;0.19346879378068849;0.19748780219968154;0.019223415223942553;0.28660360135069496;0.2915345732240553;0.02338976855853403
2022-08-06 10:34:58.220;0.7584862720367826;469.43388368280284;0.5400658830479174;0.10080384055839886;0.11465037891539609;0.07752251669386379;0.19365533915496513;0.1976524223523839;0.019093547027954294;0.2867903466092834;0.2917237962122954;0.023400762037258716
2022-08-06 10:34:58.240;0.7421069607451906;470.05882566575747;0.5407848551025767;0.11021566841060348;0.12720472351199064;0.09540051187031473;0.1989261515662193;0.2032734183679068;0.021001497432960647;0.29206680672291796;0.29732174908161824;0.025153912274299195
2022-08-06 10:34:58.260;0.7246272890859801;470.68047007425776;0.5415000334228646;0.11962807859947588;0.1397687689824032;0.11333037964615045;0.20419739553600635;0.2088949823724775;0.022910161650695038;0.29734369885762035;0.3029202664635591;0.026907757357413686
2022-08-06 10:34:58.280;0.7061166945948198;471.29985098803445;0.5422126076783008;0.1258393507006872;0.14891158355683487;0.13005770864378974;0.20626867659408532;0.21108194385616486;0.023533747729243437;0.3063158034231641;0.3125598172757691;0.030581360604684527
2022-08-06 10:34:58.300;0.6867262802246105;471.91801010548807;0.5429237763033958;0.1320507486541942;0.1580622692682958;0.14682939236561943;0.20834002429226217;0.21326898715964404;0.024157411627752978;0.3152880733427459;0.322200001086685;0.03425744286076249
2022-08-06 10:34:58.320;0.6666785166273468;472.534947030661;0.5436335388426153;0.14447110495370907;0.1711768883759781;0.15057454793678904;0.20782442509793242;0.21277653657703155;0.024300950031514112;0.3242605086250627;0.3318408182049666;0.03793600566732547
2022-08-06 10:34:58.340;0.6462462544852627;473.1512794096707;0.5443426058743974;0.1550058468806128;0.18227138435778656;0.15358360269208493;0.20542400270714012;0.21026160931868532;0.02369077011418863;0.324447316368893;0.33203011351241685;0.037947043995478325
2022-08-06 10:34:58.360;0.6257648299499486;473.76762404252804;0.5450516870037666;0.1655406026776518;0.19336617767899256;0.15659408561416654;0.2030235775248812;0.20774668495656812;0.02308061359604885;0.3246341246541;0.3322194093739199;0.03795808237244014
2022-08-06 10:34:58.380;0.6055946856100138;474.3835497411419;0.5457602861651739;0.17727045801035501;0.20575000154778067;0.16012055067101905;0.20181750999129378;0.20652152664278134;0.02299512695649497;0.3260167017110156;0.33368644928964386;0.038418624063456086
2022-08-06 10:34:58.400;0.586096510861118;474.9985939035323;0.5464678711525824;0.1703737426083194;0.20158548567669854;0.17595945693012638;0.20526812217307366;0.21026368998898448;0.024602446398267475;0.32739930842450704;0.33515352797894593;0.03887921356454882
2022-08-06 10:34:58.420;0.567674221296409;475.61275386518537;0.54717443890057;0.16347697792377858;0.19742752390626706;0.1918375704293105;0.208718783708413;0.21400598142768246;0.02621018456771651;0.32878194479565437;0.3366206454441567;0.03933985088126146
2022-08-06 10:34:58.440;0.5506875999313491;476.22437279340375;0.5478780832859427;0.16194873916515462;0.19901252962554494;0.20976208662362783;0.2175353866329388;0.22348620504684646;0.02984909508244371;0.3251882560596222;0.3329453207988422;0.03893376172322416
2022-08-06 10:34:58.460;0.5354409312604052;476.83177989822434;0.5485768821282013;0.1604208222738066;0.20060669284103128;0.22773821218862;0.2263527930632918;0.23296768109029387;0.03349037610754024;0.3215947932317853;0.32927021262247536;0.0385276047842833
2022-08-06 10:34:58.480;0.5221760853802252;477.4370708811257;0.5492732464524316;0.15214186431813914;0.19499056754650823;0.24321077232107857;0.22842253255212341;0.23523098646402474;0.034561824075910685;0.3215947932317853;0.32927021262247536;0.0385276047842833
2022-08-06 10:34:58.500;0.5110721715124754;478.0423531987981;0.5499696008076445;0.13972342738480847;0.18395000292965946;0.2513810202758613;0.2263527930632918;0.2329428141167469;0.03334735846156178;0.3215947932317853;0.32927021262247536;0.0385276047842833
2022-08-06 10:34:58.520;0.5022270252174239;478.6476240299744;0.5506659419480792;0.12730499045142096;0.17291105127625528;0.25956137418797987;0.22428305357440337;0.23065468104514508;0.0321331043168831;0.3215947932317853;0.32927021262247536;0.0385276047842833
2022-08-06 10:34:58.540;0.49564138959481985;479.25300721187523;0.5513624123437624;0.11469046675387062;0.1616532822756902;0.2676158269088553;0.22201729033472617;0.228146188037762;0.03078282688229539;0.321398555235195;0.32905306013009294;0.03841103916297062
2022-08-06 10:34:58.560;0.4912242254654102;479.8586265265549;0.5520591544012537;0.10207596045665923;0.1503970780575763;0.275680006560977;0.21975153049235274;0.22563774828243055;0.029432818620160894;0.32120231783591535;0.3288359087079584;0.03829447611474901
2022-08-06 10:34:58.580;0.48879933960812816;480.4643586510283;0.5527560262421354;0.08993756885558923;0.13964730522266322;0.2839097167751614;0.21796175233559012;0.2236340487554358;0.028238590417457132;0.32148258635476523;0.32902204005944213;0.0377496927616745
2022-08-06 10:34:58.600;0.48812035684767896;481.07008378352475;0.5534528900390125;0.08763042274176769;0.13555555489133653;0.2736946979534425;0.22341606380488344;0.2295452194312375;0.030756071966902;0.32176285609239486;0.32920817188562523;0.03720490676371746
2022-08-06 10:34:58.620;0.48886618220797184;481.67580539220216;0.5541497497818696;0.08532327284598296;0.1314665529934267;0.26349554922081264;0.22887038649142966;0.2354565849617316;0.03327452725572044;0.32204312704886107;0.3293943041867351;0.036660118120876994
2022-08-06 10:34:58.640;0.49066854429572104;482.2809682912557;0.5548459667504896;0.08447715960335245;0.12896062141097886;0.25396874177533846;0.23578551300401074;0.24294876092731243;0.03645356175955694;0.32378573096480423;0.3312433406965738;0.03724045572419321
2022-08-06 10:34:58.660;0.4931396521876972;482.88499460748426;0.5555408761236669;0.0836310623453187;0.1264570496125792;0.2444555352104496;0.24270074875509096;0.2504413485664614;0.03963420173394283;0.3255283819943351;0.3330924388006906;0.037820869264904466
2022-08-06 10:34:58.680;0.4959225831526467;483.48948539129196;0.556236319849182;0.10352600393196099;0.1439416151307249;0.23019807251873114;0.23568938905319925;0.24294646087387406;0.036995100496332256;0.3226535418415928;0.33002861606229317;0.0367866330349198
2022-08-06 10:34:58.700;0.49861453009320567;484.0960321624516;0.5569341289101861;0.12342062232954731;0.16143096879809704;0.21597236114469887;0.22867823948568144;0.2354520008110299;0.03435713201478752;0.31977882990338813;0.32696496607405834;0.035752631656727374
2022-08-06 10:34:58.720;0.5008811936880855;484.7046282339652;0.5576342956135414;0.14331491755837078;0.1789251011225268;0.2017783372322226;0.2216673000370193;0.22795796826952852;0.03172029582426994;0.31690424616954616;0.32390148881404457;0.03471886507148447
2022-08-06 10:34:58.740;0.5024505763547192;485.31425894573476;0.5583356526312795;0.16654849751427037;0.19998773019377936;0.18883768939670453;0.2179944617785523;0.22402970848825277;0.030325412628865678;0.32771987665092084;0.3353553370729969;0.03819252390431682
2022-08-06 10:34:58.760;0.5031129723888687;485.9239129659618;0.5590370364645141;0.18978215417917;0.22105445175114014;0.1759225254278265;0.21432161356947432;0.22010149380040644;0.02893081472468495;0.3385355438475166;0.34680964040632034;0.04166834651256135
2022-08-06 10:34:58.780;0.5027258117160996;486.53338835348404;0.5597382147875952;0.19866179000661077;0.22594110073159968;0.15280034485187244;0.21492201693323665;0.22076952054218424;0.029307632307889797;0.3391366549053636;0.34744749865257063;0.041868705705704556
2022-08-06 10:34:58.800;0.5012822039024923;487.14248304721696;0.5604389551369069;0.20754146574915922;0.23084169251231046;0.1297605292169992;0.21552242589607573;0.22143755698252932;0.029684472077124546;0.3397377715687675;0.3480853642288366;0.04206907394109827
2022-08-06 10:34:58.820;0.4988460259707428;487.7511968106628;0.5611392572403676;0.21642118140761113;0.23575618614952631;0.10680282456559809;0.21612284045804842;0.22210560312183958;0.03006133403369038;0.34033889383806937;0.3487232371354594;0.042269451219286935
2022-08-06 10:34:58.840;0.49557193424039747;488.35972306865006;0.5618393436259081;0.22512031467982752;0.2404688380589981;0.0837289591442465;0.2165427685427872;0.22255689394777534;0.030233239161466585;0.3407593168910843;0.3491492664663838;0.0422943312759374
2022-08-06 10:34:58.860;0.49169839319542596;488.9682553718085;0.5625394369661889;0.23381947469175657;0.24519558244614004;0.060738340089599774;0.2169626993667535;0.22300818789663168;0.03040514600203359;0.3411797426865668;0.34957529860349723;0.04231921158039853
2022-08-06 10:34:58.880;0.48748765015299644;489.5776345241393;0.5632405045743313;0.21462482371464375;0.22618199088170954;0.06215149125365649;0.21432772665580302;0.22021028102975748;0.02952122164489701;0.33164262171220926;0.33955319128421024;0.039702587838243986
2022-08-06 10:34:58.900;0.48332604564977244;490.1886771319914;0.5639434859249757;0.19543058181324113;0.20716878587520782;0.06356469618678329;0.2116928617799445;0.21741251152790397;0.02863745042921284;0.3221057341834275;0.3295315485254946;0.03708712720529661
2022-08-06 10:34:58.920;0.4796089360572302;490.8013856842663;0.5646483838815086;0.1762367489613439;0.18815596737223572;0.06497795473432078;0.2090581047315041;0.214614879376974;0.027753832324792782;0.31256908008453266;0.31951037022491846;0.03447282928715811
2022-08-06 10:34:58.940;0.47673610403933264;491.4142559934917;0.5653534679332797;0.1620368857632002;0.17446511608775594;0.06817900043805913;0.21141441342636114;0.21714829342781883;0.028724915901053194;0.31492799782927605;0.3219999295864113;0.035181405012169265
2022-08-06 10:34:58.960;0.47508584279333266;492.02578483965044;0.5660570086826584;0.14783683952623505;0.16077433385541084;0.07138183236672191;0.21377080836365536;0.2196818275374781;0.029696178311997556;0.3172870019119536;0.3244895978594968;0.03589009819519973
2022-08-06 10:34:58.980;0.47503261823079834;492.63664356841036;0.5667597784873796;0.14796131560291315;0.16297292623945836;0.08329853722277836;0.21389522666854788;0.21977712732300603;0.02952619142437385;0.31741155798045284;0.3246158124707108;0.03589745876178618
2022-08-06 10:34:59.000;0.47686295423062086;493.24750493787724;0.567462551330134;0.14808579192032312;0.1651753671614209;0.09523762969786898;0.21401964521400174;0.21987242722222078;0.029356204005361874;0.317536114289684;0.32474202732839785;0.03590481935008771
2022-08-06 10:34:59.020;0.4808197134874963;493.85836895211105;0.5681653272155924;0.1482102684782376;0.16738166273441024;0.10719914647925322;0.21414406399990327;0.21996772723483815;0.029186216054908343;0.31766067083970384;0.32486824243227375;0.035912179960105206
2022-08-06 10:34:59.040;0.48707508145962275;494.4690681753491;0.5688679135152588;0.14873314030529627;0.17002459016233828;0.11937286221047927;0.21466669315166342;0.2204965464340276;0.029211269868111955;0.31818387867872744;0.32527665985173826;0.03524473669625383
2022-08-06 10:34:59.060;0.49571476938908055;495.0794343482048;0.5695701166530891;0.1492560163767962;0.17127923220069974;0.12356811438425108;0.21932876431205983;0.225533037464551;0.031270619349340834;0.3187070907648071;0.32568507221009213;0.034577243264626745
2022-08-06 10:34:59.080;0.5067462187881518;495.69038251027087;0.5702729893474378;0.14713338668298093;0.16969331948947897;0.12669443423320192;0.2213464969141583;0.22772463955360678;0.03222987285118606;0.3165830970104402;0.32342101378662846;0.033810567018129234
2022-08-06 10:34:59.100;0.520103219130689;496.3028266882102;0.5709775831513223;0.14501082693311673;0.16810770952295329;0.12982215589957136;0.22336423880606304;0.22991627742525367;0.033189267005128364;0.31445917324515804;0.3211570498023093;0.03304401974249771
2022-08-06 10:34:59.120;0.5356504465457032;496.9167632262761;0.5716838938589447;0.1428883371233951;0.16652240236870952;0.13295127984824973;0.22538198998652348;0.2321079510821633;0.03414880182957347;0.3123353194646974;0.3188931802480397;0.0322776014138082
2022-08-06 10:34:59.140;0.5531754224112438;497.5314527296068;0.5723910708245532;0.1428883371233951;0.1672192909224144;0.13695655257138917;0.22952133681818765;0.23658472632534;0.036005830200675604;0.3123353194646974;0.3188931802480397;0.0322776014138082
2022-08-06 10:34:59.160;0.5724119868880391;498.14613177022693;0.5730982357532098;0.13460964345995308;0.16058861626200027;0.1465918176858958;0.22538198998652348;0.23215766566634244;0.03443472721307739;0.3123353194646974;0.3188931802480397;0.0322776014138082
2022-08-06 10:34:59.180;0.5930835495312548;498.76205862529605;0.573806836245075;0.12271810861005861;0.15007664785869324;0.15475617489768645;0.2176311176800496;0.2238426088564225;0.03134640903439845;0.3087199500479336;0.315138630521858;0.03154171678404527
2022-08-06 10:34:59.200;0.6148702169600897;499.3804829804794;0.5745183100161207;0.11082698278170255;0.13956662726607405;0.1629301720111931;0.2098805511311994;0.21552815997032582;0.02825967634327231;0.30510478341421177;0.31138430057262667;0.03080590886118806
2022-08-06 10:34:59.220;0.6374415614007922;500.001394626619;0.5752326453210977;0.09893626593725457;0.12905855566256363;0.17111381761836686;0.20213029031098273;0.20721431882160601;0.025174528341621816;0.3014898195430682;0.3076301903809622;0.030070177654902608
2022-08-06 10:34:59.240;0.6604730029405774;500.6235445462007;0.5759484052127167;0.09103116594837957;0.12281530540914432;0.18082426783779582;0.19836426241435134;0.2031668689263384;0.02363181711808693;0.301863396887601;0.30800873250950644;0.030092207147282224
2022-08-06 10:34:59.260;0.6836742600523933;501.2457028045974;0.5766641746978262;0.10951346409774487;0.14276539355770623;0.18889501839124812;0.19873742873173939;0.2036078376405399;0.024014274596837026;0.30223697639758385;0.30838727685375034;0.03011423683439496
2022-08-06 10:34:59.280;0.7067104872542764;501.86779379996733;0.5773798667993738;0.1279056248626489;0.16264146460772722;0.19705932926215652;0.19902045126080026;0.20397303444710957;0.02448121278582782;0.3025203123066298;0.3086878963644608;0.030208483835325595
2022-08-06 10:34:59.300;0.7293116012593184;502.4897278903736;0.5780953783877104;0.14629782225392773;0.1825195418993779;0.20523405739922218;0.19930347503404988;0.20433823535265816;0.024948166891635815;0.30280364946122873;0.30898851750282574;0.030302732841575697
2022-08-06 10:34:59.320;0.7512389345014299;503.1115050139997;0.5788107093917182;0.16469005627192246;0.2023996277394211;0.21341921460459012;0.1995865000515451;0.20470344035729937;0.02541513691480457;0.30308698786138066;0.3092891402694704;0.03039698385318612
2022-08-06 10:34:59.340;0.7722579146772044;503.7344273968556;0.5795273579730437;0.1592315829495874;0.19709048014626873;0.2143865148043389;0.1961995455663228;0.20107153432653746;0.024074540990684845;0.2996962831319401;0.30566711095281107;0.0291286393698984
2022-08-06 10:34:59.360;0.7922406645718305;504.359792482217;0.5802468167909787;0.15377333628674705;0.19178155884767634;0.21535384667044255;0.19281276925122626;0.19743987036194;0.022734281223725894;0.2963057567698151;0.3020453259993019;0.027860643907544613
2022-08-06 10:34:59.380;0.8110490999740405;504.98638380305056;0.5809676863463276;0.1520771166360646;0.19050773579285973;0.21781571036294523;0.1931859033881338;0.19784357845376377;0.02290261480513145;0.2966793040637903;0.30242383397927597;0.027882653555468373
2022-08-06 10:34:59.400;0.8285817602230876;505.61296729763126;0.5816885468978693;0.15038089381835107;0.18923406415367694;0.22027850355495016;0.19355903968793342;0.1982472890400473;0.023070949872707303;0.29705285352298816;0.30280234417466545;0.027904663397854357
2022-08-06 10:34:59.420;0.8447838269156465;506.23955043558817;0.5824094070391289;0.1486846678336633;0.18796054397838802;0.2227422265515111;0.1939321781505683;0.19865100212062003;0.023239286426451677;0.29742640514757923;0.30318085658564087;0.027926673434745197
2022-08-06 10:34:59.440;0.8595955221380562;506.8662542965103;0.5831304060675824;0.14414414888102556;0.1797120692410452;0.20151888034637633;0.19560056662906078;0.20043441261996264;0.023867230243212134;0.29702478525547704;0.302754748288919;0.027793136884391778
2022-08-06 10:34:59.460;0.873002910770718;507.4931999126784;0.5838516832262794;0.13960364389299684;0.17147564100698887;0.18036492707902774;0.19726895187577753;0.20221783135125548;0.024495233613802014;0.2966231678660769;0.3023286432628538;0.02765960436154291
2022-08-06 10:34:59.480;0.8849961055727131;508.12026271559444;0.5845730952038865;0.13574451101635532;0.16396486878423033;0.15945225874420288;0.1996183709498851;0.20471519832856444;0.025298809576373316;0.29690332951344445;0.30261252515759907;0.027676110219378103
2022-08-06 10:34:59.500;0.8955683610040208;508.74731819026783;0.5852944987506282;0.13188537136028344;0.15646581851134655;0.13860731571429508;0.20196779523880792;0.2072125899739845;0.02610248557349326;0.29718349237879593;0.30289640829857944;0.027692616186609342
2022-08-06 10:34:59.520;0.904716448077546;509.3743663491987;0.5860158938808855;0.12802622492478122;0.1489784578314719;0.11782990631977341;0.20431722474300074;0.20971000628995995;0.02690626161633869;0.2974636564621882;0.3031802926857381;0.02770912226321265
2022-08-06 10:34:59.540;0.9124240980483427;510.00113307317224;0.586736965230896;0.11077619425896046;0.13103604085253195;0.11418893616947123;0.20258862688442747;0.2079560226839945;0.026795126166699212;0.2983229451346041;0.3040919756516587;0.02799483043226836
2022-08-06 10:34:59.560;0.9186912685184219;510.62734402348724;0.5874573971843863;0.09352606773717298;0.11309396530466742;0.11055007438537778;0.20086002514094758;0.20620202545789112;0.026683933500162738;0.29918224526375425;0.30500367358990843;0.028280557038921295
2022-08-06 10:34:59.580;0.9235026586380914;511.2526141766939;0.5881767467864769;0.07772550628317276;0.09669043830947643;0.1073939015426495;0.20058069220201702;0.20598838835130806;0.02706743481681695;0.3014924213076178;0.3074443365845241;0.028989161085185344
2022-08-06 10:34:59.600;0.9268320987669525;511.87655738452304;0.5888945697882262;0.061924739082030555;0.08028704142801857;0.10423933909148975;0.20030140076963932;0.2057747913567951;0.027450928307215072;0.3038026801615423;0.30988510477448017;0.02969788181257016
2022-08-06 10:34:59.620;0.9286678983484369;512.4991744603976;0.5896108671254463;0.05181524591540665;0.0704250206691448;0.10586008524324964;0.2067484451467081;0.21271118823481316;0.030135425024170992;0.3061130218309849;0.31232597816955376;0.03040671924308036
2022-08-06 10:34:59.640;0.9289580725869833;513.1211310791332;0.5903264046317714;0.039770710735979264;0.058485662654074844;0.10670081688416122;0.21126090476642645;0.217566609119082;0.03201690380087996;0.30131254677337793;0.307214882035737;0.028707876924776166
2022-08-06 10:34:59.660;0.927682868871452;513.7430685212094;0.5910419200760771;0.027726145728991014;0.0465462778969048;0.1075416381538421;0.21577337721348755;0.22242214770134439;0.03389893391665044;0.29651206055178037;0.30210387333312383;0.027009549849209336
2022-08-06 10:34:59.680;0.9248435510010924;514.364955393663;0.5917573773419496;0.015429648764438753;0.034357741649866824;0.10840345750016134;0.22003395675935877;0.22702875946468026;0.03580306140678324;0.2966334944533209;0.3022327104112037;0.0270499198051688
2022-08-06 10:34:59.700;0.9204394514482668;514.9867528862451;0.592472731779669;0.003133141629803049;0.022169199766576497;0.109265377748474;0.22429453999999538;0.23163548148304614;0.03770775290265416;0.296754928583713;0.3023615477880526;0.027090290129283545
2022-08-06 10:34:59.720;0.9145216954570692;515.6084714275712;0.593187995386962;0.009463356846595161;0.029499027985789184;0.11488874860636322;0.21613730525454145;0.22288652675812415;0.03446932888659049;0.2968763629428999;0.30249038546418205;0.027130660821558017
2022-08-06 10:34:59.740;0.9071236779825762;516.2295146101897;0.5939024820196703;0.018098458890335678;0.0392743357972698;0.12127500548936077;0.2102848793464105;0.21658618002576446;0.032011284599498424;0.29930504981757977;0.30504933340961315;0.02783593770498971
2022-08-06 10:34:59.760;0.8983247994545214;516.8492742200251;0.5946154919505627;0.02673375635447428;0.04905103922598286;0.127667859607687;0.2044324062165188;0.21028596196996574;0.029554165687279088;0.30173382821840633;0.30760839560178965;0.028541332510222617
2022-08-06 10:34:59.780;0.8882361006766022;517.4683951908592;0.5953277671515;0.03294277118317268;0.056254206895200554;0.1332615698670665;0.19615371977827323;0.2014076872071442;0.026272535417906084;0.30518328090102287;0.31136592362224746;0.030248892791455262
2022-08-06 10:34:59.800;0.8770087607247135;518.0875238316439;0.5960400511764249;0.039151786011927925;0.06345825971007102;0.13886019173385744;0.18787503334002764;0.1925297316960055;0.02299257532954524;0.3086327335836394;0.3151235443633027;0.03195695008919852
2022-08-06 10:34:59.820;0.8648264452871122;518.7066635334122;0.5967523479265918;0.05156981566938157;0.07703146121965787;0.14525677065147224;0.19201437655906517;0.19703064639035262;0.02498883072185709;0.31208218626625595;0.31888125784905696;0.03366550452920336
2022-08-06 10:34:59.840;0.8518781798726487;519.3269643598833;0.5974659805067015;0.060627794323920625;0.08699615199176591;0.15029082847376962;0.19279446071946182;0.19791754742707468;0.025587494634757846;0.30871906348000167;0.3152994895210668;0.03246947802030231
2022-08-06 10:34:59.860;0.8383935874154715;519.9495687991657;0.5981822633060015;0.06968566032060153;0.09696144319579147;0.1553287237992862;0.1935746241621601;0.19880453929275888;0.026186220851958097;0.3053561161683014;0.31171795653574463;0.03127376698955864
2022-08-06 10:34:59.880;0.8245886448764552;520.5733379637313;0.5988998860775756;0.08225893945655116;0.11069530559117524;0.1617521694754025;0.19786936329862925;0.2034634311873802;0.028194115092028404;0.30551178247066346;0.3118756918795498;0.03128294723556735
2022-08-06 10:34:59.900;0.8106866784772231;521.1971148441153;0.599617517725906;0.09483223229761961;0.12443038993373179;0.1681820853836662;0.2021641072540561;0.20812244454763373;0.030202628644800278;0.3056674491491016;0.3120334276079575;0.03129212751539168
2022-08-06 10:34:59.920;0.796918036728181;521.8209060081645;0.6003351658070516;0.10533591189744129;0.1365461745455967;0.1772412374222423;0.19714553476845964;0.2026849724844979;0.027894499144521134;0.30582311620355895;0.3121911637211383;0.031301307829044944
2022-08-06 10:34:59.940;0.7834729940065288;522.4453176591123;0.6010535277348464;0.113742483692306;0.14642855252023068;0.1855580577989473;0.19003073632465117;0.19501081177387647;0.024820653112301194;0.29870613412532876;0.304640035608827;0.02893391765200004
2022-08-06 10:34:59.960;0.7705175536747584;523.0709557078007;0.6017733005867387;0.1221489753742162;0.1563127494419767;0.19388545151300018;0.18291606570480923;0.1873370665598273;0.021748327013286328;0.29158927993688977;0.2970892364683664;0.02656757366431428
2022-08-06 10:34:59.980;0.7581835589685715;523.6964327342648;0.6024928881886678;0.1351200543128357;0.1710778088464302;0.2039395780303792;0.18036374578472447;0.18454363586679534;0.020412891457741722;0.2942139548012541;0.29986798776928936;0.02740609281144568
2022-08-06 10:35:00.000;0.7465374657139547;524.3203561241171;0.603210688390586;0.14395215402396389;0.1777154702757251;0.19114975981902926;0.1871248040389233;0.19182103168910913;0.0232465776358195;0.29683873655966764;0.30264687676952917;0.02824477303719597
2022-08-06 10:35:00.020;0.7356240414162225;524.9427175292149;0.6039266915882721;0.1527844729587855;0.18435742861609228;0.17838447909020783;0.19388604399760112;0.19909885961417473;0.02608158410929562;0.2994636252199179;0.30542590348392196;0.029083614376648192
2022-08-06 10:35:00.040;0.7254281899101709;525.564299529804;0.6046417981106246;0.15927349621125586;0.18848784021812648;0.1646996921995756;0.19830525587449443;0.20385935236581787;0.027955410844088924;0.29974383421080475;0.3057098358269741;0.029100135735347088
2022-08-06 10:35:00.060;0.7158952593229841;526.1858867015908;0.6053569105822441;0.16576253267874108;0.19262312068346077;0.15104379597925544;0.20272447696661544;0.20861995814997414;0.029829784338387455;0.3000240444201303;0.30599376941643186;0.029116657203604568
2022-08-06 10:35:00.080;0.7069306553364769;526.8068333733172;0.6060712861828306;0.17402254998654598;0.19867266437503517;0.1381774063015877;0.20891366338739914;0.21529243638693885;0.03248456689602364;0.30552556529915265;0.31183088570725204;0.030946649316231145
2022-08-06 10:35:00.100;0.6983746515067297;527.4264784413463;0.606784164337718;0.15744645610942598;0.1782819130453639;0.1165812125457224;0.21303328495483953;0.21982617867750065;0.03478321937716711;0.31102720032919606;0.3176682386521179;0.03277727935197561
2022-08-06 10:35:00.120;0.690120660562751;528.0448051695785;0.6074955257926582;0.14087016394182683;0.1579038347990398;0.09505745139047583;0.21715300108272828;0.2243601669684736;0.03708268609810439;0.3165289495162291;0.3235058282996306;0.03460854752362419
2022-08-06 10:35:00.140;0.6819961644303434;528.6621446469871;0.6082057514529609;0.12359185702638342;0.1367707162252394;0.0732410849665932;0.2205712459085376;0.22812452047762832;0.03900423882943649;0.31787895525787135;0.32492264700624673;0.03496844343065675
2022-08-06 10:35:00.160;0.673849284180601;529.2788068798327;0.6089151979690736;0.10631340496752273;0.11565074998881286;0.05149948924905523;0.22398953824805545;0.23188902187767013;0.040926329914677595;0.3192289892771818;0.32633950013610047;0.03532837100506114
2022-08-06 10:35:00.180;0.6655577554534078;529.8951220761592;0.6096242452328302;0.0876859015029936;0.09312035297247334;0.029429555611918623;0.2260592608552443;0.2342269870870055;0.04242724649962604;0.3192289892771818;0.32633950013610047;0.03532837100506114
2022-08-06 10:35:00.200;0.657055385043426;530.5114351559823;0.61033329006163;0.10838312757476842;0.11165624669623853;0.016608854968119147;0.22347210759628666;0.23127348805852677;0.04037255874018797;0.3192289892771818;0.32633950013610047;0.03532837100506114
2022-08-06 10:35:00.220;0.6482192318429367;531.1277678808037;0.6110423574912552;0.12908035364642956;0.1301962623195685;0.0038139971852464427;0.22088495433727218;0.22832008301399043;0.03831838322787373;0.3192289892771818;0.32633950013610047;0.03532837100506114
2022-08-06 10:35:00.240;0.6390197898152925;531.7443810081095;0.6117517475133064;0.1492359889369368;0.1481472480116075;-0.00924088031361503;0.21775645682627243;0.22477118234062488;0.03596366640021209;0.3135127536046447;0.3202609082234744;0.0333487474763281
2022-08-06 10:35:00.260;0.6294764398396722;532.3615350920954;0.612461759885506;0.16939155143836615;0.16610251161037226;-0.022268607172382993;0.21462797353402863;0.22122243063868297;0.033609684494387615;0.3077965418235671;0.31418247649958175;0.031369835084597675
2022-08-06 10:35:00.280;0.6196074642092799;532.9789459068343;0.6131720676167021;0.14486616330520974;0.13960322667301384;-0.03314003690509271;0.21079958969873047;0.2171856975975075;0.03248866856823973;0.30810792548215105;0.31449800082435786;0.03138820925005881
2022-08-06 10:35:00.300;0.6095934501080591;533.5963294290632;0.6138823439489003;0.12034072334694201;0.11310749927067931;-0.04399233181832951;0.2069711984782785;0.21314898571566943;0.03136778984331379;0.30841931064532346;0.3148135266885106;0.03140658355097692
2022-08-06 10:35:00.320;0.5996009088237093;534.2136856611978;0.6145925888848798;0.09581523156305138;0.08661532359908719;-0.05482552170177346;0.20314279987244532;0.2091122949935098;0.030247048326035753;0.30873069731297065;0.31512905409215364;0.031424957987334246
2022-08-06 10:35:00.340;0.589845688049295;534.8302985712144;0.615301978656948;0.07323759347320902;0.062221657439149425;-0.06483158015202406;0.20126181246659058;0.2071791728918484;0.02998515417864489;0.31099170223263073;0.3175280275230534;0.03217727983004259
2022-08-06 10:35:00.360;0.5805846322637376;535.445450514897;0.6160096876426463;0.050659647397935714;0.037830727842699474;-0.07482149644723357;0.19938083975072374;0.20524606224066844;0.029723237836283722;0.31325278647074484;0.31992710463168805;0.03292972941981098
2022-08-06 10:35:00.380;0.5721113740372601;536.0604470892795;0.6167172178818563;0.055403339518818484;0.0435577511666132;-0.06926052976701236;0.19791556355344397;0.2036590206346105;0.029052442268653778;0.31178583537297655;0.31825804245681866;0.031795799513187006
2022-08-06 10:35:00.400;0.5646776111116076;536.6765724858633;0.6174260467882058;0.06014700218554481;0.04928561982299229;-0.06369465591954704;0.19645032070335589;0.20207202787023704;0.028381729259498556;0.31031891766054187;0.31658905041666685;0.030662070905004057
2022-08-06 10:35:00.420;0.5585918057836372;537.2938319960449;0.6181361804492459;0.06489063539873996;0.05501433446246651;-0.05812387124313023;0.19498511119903839;0.20048508394413744;0.02771109879781175;0.3088520333320197;0.3149201285032177;0.029528543560961573
2022-08-06 10:35:00.440;0.5541255703740084;537.9116619379565;0.6188469703703616;0.07109980261355986;0.062324420375571066;-0.05191544077172239;0.19498511119903839;0.20048508394413744;0.02771109879781175;0.3088520333320197;0.3149201285032177;0.029528543560961573
2022-08-06 10:35:00.460;0.5515343543513302;538.529499647404;0.6195577692277329;0.07730896982832292;0.06963562697674419;-0.04570075953601371;0.19498511119903839;0.20048508394413744;0.02771109879781175;0.3088520333320197;0.3149201285032177;0.029528543560961573
2022-08-06 10:35:00.480;0.5510357589168309;539.1473296140393;0.6202685591772923;0.07772587943696863;0.07277343428060234;-0.030072577167783443;0.19281474497527284;0.19839184244339236;0.028198509971712582;0.30926930025350785;0.3153450216508418;0.029565084637973804
2022-08-06 10:35:00.500;0.5528100086185932;539.7651363297409;0.6209793223775341;0.07814279174505145;0.07591801311641788;-0.014405053919158917;0.19064437400616185;0.19629853718974033;0.028685589606677553;0.3096865698767637;0.3157699176138067;0.029601626217854005
2022-08-06 10:35:00.520;0.5569798274199949;540.3829198000967;0.6216900588348868;0.07855970675262824;0.07906937791502955;0.0013018966322633219;0.1884739982914212;0.19420516819887013;0.02917233778650896;0.31010384220167353;0.3161948163921693;0.02963816830061372
2022-08-06 10:35:00.540;0.5636089308074674;541.0006941533284;0.622400784803334;0.0791197385126452;0.08237045789402586;0.017044455546092685;0.18644668588840574;0.19225459387414645;0.0296546605091228;0.315838692281492;0.322399381023331;0.032233326594965916
2022-08-06 10:35:00.560;0.5727011193241942;541.6184756623625;0.6231115190042608;0.08588899315583376;0.08971460223713379;0.02021789056213219;0.19321576053901168;0.19938935266319646;0.03162141051765399;0.32157356723553576;0.3286041872623855;0.03482963834068098
2022-08-06 10:35:00.580;0.5841849596709892;542.2361050369;0.6238220781802177;0.09260544702817697;0.09703252483316405;0.02354496878729151;0.19993205139574144;0.20649890878812727;0.033747784651361634;0.3220812341813861;0.32914285069841753;0.034998651384618995
2022-08-06 10:35:00.600;0.5979348193001128;542.8534207515695;0.62453227650239;0.09932192663109163;0.10435080830083265;0.02687384037323781;0.2066483679816784;0.21360861632710026;0.035874791573292875;0.3225889051256594;0.32968151936159984;0.03516767087147965
2022-08-06 10:35:00.620;0.613779634263194;543.4704226310932;0.6252421137691272;0.1060384319649188;0.11166945280640661;0.03020450618515813;0.213364710297391;0.22071847530967403;0.03800243141406057;0.32309658006863984;0.33022019325198926;0.03533669680157736
2022-08-06 10:35:00.640;0.6314660983327791;544.0858681598111;0.6259501605132762;0.11744350946349869;0.12395739698675001;0.03505761864336243;0.22476811806647135;0.2328084768937302;0.041720818438108154;0.3282964885123114;0.33570196580001266;0.03686348488223956
2022-08-06 10:35:00.660;0.6506812447280199;544.6984771842908;0.6266549439668548;0.10815098462279593;0.11892274212859988;0.05970761034211325;0.22582304545367293;0.23392939808375246;0.042079039372413085;0.33349681649059804;0.34118426374976707;0.038390822801407154
2022-08-06 10:35:00.680;0.671141979574513;545.3096592746369;0.6273580857868196;0.09422236281324103;0.10895911692872673;0.08276752795682363;0.22224340571498402;0.23009523812724098;0.04068757788519406;0.33060774765363377;0.33809191901116264;0.0372748866078334
2022-08-06 10:35:00.700;0.6925047365210963;545.9208323872081;0.6280612172781946;0.08029368986763075;0.09900943004836549;0.10591113625595572;0.21866375484521683;0.22626112151895228;0.03929639942941421;0.32771867035819824;0.33499960778829063;0.0361591715525158
2022-08-06 10:35:00.720;0.7144156562050472;546.5319965364688;0.628764338457621;0.06636496578516926;0.08907372323076501;0.12913869862981286;0.21508409284414398;0.222427048249223;0.03790550395854453;0.3248295846040641;0.33190733007330664;0.03504367759723692
2022-08-06 10:35:00.740;0.7365239378892281;547.1414259819794;0.6294654639261598;0.05725844146320469;0.08434141421562558;0.15446589237436203;0.21632598169205863;0.2237899207374099;0.038576246331209596;0.33021729774737096;0.3376240636641228;0.036837678816726616
2022-08-06 10:35:00.760;0.758510566725932;547.747398197469;0.6301626119826517;0.07713061522366615;0.10477522702390374;0.1573019097784698;0.2154982532889349;0.22291441495176656;0.03831818389322983;0.33560546126341606;0.3433413860573751;0.03863240595871087
2022-08-06 10:35:00.780;0.7800129192106517;548.3515264673988;0.6308576386496962;0.09266271183508934;0.1205303177151471;0.1582766738744379;0.2103309188369522;0.2173531726460638;0.03615701383096237;0.33664910303042817;0.34441754323017904;0.03880085042414283
2022-08-06 10:35:00.800;0.800737329399964;548.9554207946276;0.631552396174534;0.10819492959501531;0.1362855708358346;0.15925157028148984;0.20516355657915852;0.2117920377553233;0.03399655428067927;0.33769276169653395;0.3454937190322198;0.038969303364907226
2022-08-06 10:35:00.820;0.8204236364303343;549.55908105868;0.6322468844185626;0.1237272685062294;0.15204098639534536;0.16022659901520875;0.1999961665152128;0.20623101023884516;0.031836805038278904;0.338736437262245;0.3465699134642364;0.03913776478155828
2022-08-06 10:35:00.840;0.8388521428183415;550.1626318745766;0.6329412467466381;0.1382168181214638;0.16671651189275494;0.1610089108845596;0.1937863595372633;0.19958983428669086;0.02948100200147241;0.338736437262245;0.3465699134642364;0.03913776478155828
2022-08-06 10:35:00.860;0.855849342298493;550.7661900318271;0.6336356175206628;0.1382168181214638;0.16619179882385637;0.15799299765066088;0.20154861825964332;0.20795330766495823;0.03278237261793038;0.338736437262245;0.3465699134642364;0.03913776478155828
2022-08-06 10:35:00.880;0.8713025846935691;551.369530323158;0.6343297376482081;0.13956796018982232;0.16707708432872082;0.15528868646019145;0.21066141599133203;0.21772753430324343;0.036402628687929095;0.3400885924701278;0.34797343880597964;0.03940900886341492
2022-08-06 10:35:00.900;0.8851439180789902;551.9724136786754;0.6350233320884262;0.1409191306034927;0.16796258325208768;0.15258547819221224;0.21977431442335416;0.22750225649154032;0.040024952032703176;0.3414407760444682;0.3493769965201068;0.03968027304677424
2022-08-06 10:35:00.920;0.8973838868911037;552.5748469472819;0.6357164087207199;0.14227032936349815;0.1688482955353514;0.14988337247248307;0.22888731355929082;0.23727747444824132;0.043649343736448465;0.34279298798645996;0.3507805866079252;0.03995155733347211
2022-08-06 10:35:00.940;0.9080246332143043;553.1770482994252;0.6364092185419166;0.13069107139818925;0.15361560975949473;0.12911335989770922;0.22765757849007429;0.2358670641130871;0.04263508970897245;0.34363418396742773;0.3516329992907572;0.0400013411727711
2022-08-06 10:35:00.960;0.9171608720925297;553.7792360832755;0.6371020127533065;0.11911175236946292;0.13839470662801645;0.10841061902494253;0.226427842381419;0.23445668034086253;0.041620987890576444;0.3444753909271334;0.3524854232080088;0.0400511260047427
2022-08-06 10:35:00.980;0.9249036054156066;554.3812199370805;0.6377945723509121;0.10727407677876499;0.12295477968345025;0.08793818852806723;0.22493988352838556;0.23281658738162747;0.04077609476509725;0.34505808645707603;0.3531037314533023;0.04024529583241154
2022-08-06 10:35:01.000;0.9314000750990032;554.982809390036;0.6384866782052954;0.09543635655342086;0.10752638758188127;0.06753147352035693;0.22345192162041627;0.23117651039647313;0.039931303887183134;0.34564078725430036;0.353722046585915;0.04043947415499005
2022-08-06 10:35:01.020;0.9368179077722301;555.5840042355339;0.6391783300787615;0.08359859169269157;0.09210949826515602;0.047190289742807146;0.2219639566573406;0.22953644938312578;0.03908661524626744;0.3462234933189201;0.35434036860601736;0.040633660972862806
2022-08-06 10:35:01.040;0.9413883904647007;556.1845728168628;0.639869261459048;0.10635320915270086;0.11379464760053892;0.04060280327517862;0.22608809998914836;0.23391214394300874;0.040450006870374366;0.3482800543575344;0.3564891371624981;0.0411269173918134
2022-08-06 10:35:01.060;0.9452566376877327;556.7842828963694;0.6405592051655409;0.12910818568786908;0.1354810865815601;0.03402177797777739;0.23021233821359743;0.23828799468859785;0.04181371397581124;0.3503366810139177;0.3586379834628701;0.04162023571027351
2022-08-06 10:35:01.080;0.9486134801021471;557.3835734436216;0.641248666216083;0.14980837007163927;0.15501083043133335;0.02689603212473468;0.2322823566519574;0.2405020767498982;0.04260039805525029;0.3503366810139177;0.3586379834628701;0.04162023571027351
2022-08-06 10:35:01.100;0.951655686895444;557.9828841128838;0.6419381504162347;0.17050855445529578;0.1745417533487874;0.019778179246575434;0.23435237509031737;0.24271617705884552;0.04338717707195805;0.3503366810139177;0.3586379834628701;0.04162023571027351
2022-08-06 10:35:01.120;0.9545761092357048;558.582214904709;0.6426276577666321;0.19120873883900913;0.19407385440333869;0.012668211993969614;0.23642239352873418;0.24493029561759982;0.04417405103603489;0.3503366810139177;0.3586379834628701;0.04162023571027351
2022-08-06 10:35:01.140;0.9574797148202849;559.1805698050812;0.6433160423909169;0.1741288067070741;0.17646028387454393;0.009931321135721483;0.24004096542925168;0.24883561082751982;0.045749943790292846;0.35395938916378;0.36230623920022254;0.04181878806481798
2022-08-06 10:35:01.160;0.9605587736256536;559.7769281974543;0.644002130108453;0.15704856099984;0.15884667851795697;0.007195730264180966;0.24365974070563112;0.2527412148921613;0.04732628960456697;0.35758230092199383;0.3659746835438682;0.042017245979163675
2022-08-06 10:35:01.180;0.963954827434804;560.3722801699114;0.6446870599780374;0.13681491296102877;0.13787316833210284;0.0033339379921919488;0.24412664399333295;0.2532775302615633;0.04771603453058493;0.35804973790874683;0.3664483588310645;0.042044936241412145
2022-08-06 10:35:01.200;0.9677616730534737;560.9676118811258;0.6453719665378304;0.11658120159660257;0.1169001027403418;-0.0005254439127924115;0.2445935506670267;0.2538138499372522;0.048105783726096085;0.3585171782853571;0.3669220375871305;0.042072626810625735
2022-08-06 10:35:01.220;0.9720723254543973;561.5629317480416;0.6460568594712068;0.11083798795499433;0.11237379295678451;0.006577886753673212;0.24506046072665555;0.25436260165302116;0.048567010461273874;0.3589846220518247;0.3673957198121798;0.04210031768685418
2022-08-06 10:35:01.240;0.9768924811694786;562.1588089418292;0.6467423935880166;0.10291362743078025;0.10554406076178324;0.013020947449063236;0.24334669570962575;0.2526008822266377;0.04832591914003359;0.3572688980963825;0.3655751046689488;0.04152844906825237
2022-08-06 10:35:01.260;0.982226474842842;562.7558031447479;0.6474292127814765;0.09498938598665063;0.09871547896554134;0.019470367754828466;0.2416329763040963;0.2508392067977425;0.048084814876925286;0.3555532198045661;0.3637545492362051;0.04095665410490579
2022-08-06 10:35:01.280;0.9880387718333428;563.3543175214072;0.6481177808771825;0.08635378473951505;0.0910997956927666;0.025498659315163152;0.23920794051716854;0.2482857843503794;0.04739553547838771;0.35312541205320613;0.36115304276478355;0.040002473126921956
2022-08-06 10:35:01.300;0.9942560437221661;563.9547531882636;0.6488085593444083;0.07771837877845655;0.08348516933048344;0.03153233082779927;0.23678299605476383;0.24573246622518496;0.046706318391029455;0.3506976957307337;0.35855166431048247;0.03904848624524959
2022-08-06 10:35:01.320;1.0008032861139984;564.5571180720362;0.6495015573025437;0.09392321238487966;0.10312488464736802;0.050960164578738976;0.23435814291079993;0.24310474900804735;0.04558867279346046;0.3482700708310098;0.35595041385903414;0.038094693417210834
2022-08-06 10:35:01.340;1.00751167334888;565.1604660962548;0.6501956863264831;0.11334708399186866;0.12620138672687276;0.07157535116180824;0.23515176584763964;0.24391072597311592;0.04564366222012062;0.3490646009274805;0.3567555336184114;0.038141692054284526
2022-08-06 10:35:01.360;1.014217007178556;565.7638401437362;0.6508898452891995;0.13277106744072853;0.14929009456747266;0.09225812232075015;0.2359453985674591;0.2447167129870209;0.04569865268362605;0.3498591408181291;0.35756066340002235;0.03818869157639959
2022-08-06 10:35:01.380;1.0206987861861596;566.3681886409686;0.6515851253194052;0.14848349542279493;0.16846529205784222;0.11185114489077641;0.23302885809827245;0.24159177772632034;0.04455913831947189;0.34693926656450813;0.35446241926797484;0.03721618864630738
2022-08-06 10:35:01.400;1.026755578369367;566.9744355256917;0.6522825893724351;0.16419568051907163;0.18765089075187902;0.13150398213165548;0.23011244973245226;0.23846702216119553;0.0434198746424439;0.3440195245652866;0.35136434804331884;0.0362438988850835
2022-08-06 10:35:01.420;1.0321605405588024;567.5825688932164;0.6529822237523962;0.15610316870629504;0.1812563033750756;0.14142142363926435;0.22460873280326865;0.2327300322619763;0.04218956744550795;0.3410999148099485;0.34826644970456755;0.03527182224025083
2022-08-06 10:35:01.440;1.0367269623490118;568.191637400414;0.6536829339750921;0.15186225876516346;0.1789334328613812;0.15252863012428985;0.2229548466711222;0.23106566401552442;0.04216273424727923;0.34203455313701525;0.349066802277207;0.03448551802079791
2022-08-06 10:35:01.460;1.0402424795377154;568.8007059449665;0.6543836442407632;0.1476213290197279;0.17661378102573266;0.16365502087242145;0.2213009574026401;0.2294012654346389;0.04213574437784651;0.3429692050175426;0.3498671646769935;0.03369919849318137
2022-08-06 10:35:01.480;1.042521156860577;569.4090702040339;0.6550835442526892;0.14463531047488232;0.1756913332622183;0.17557496519566396;0.2209014582906903;0.2291329867588061;0.04289854245590341;0.34515974245363523;0.35219142410221593;0.034428280027238856
2022-08-06 10:35:01.500;1.0434251769860605;570.0160291840511;0.6557818275443537;0.150964275233207;0.18429311999247133;0.18851302744423482;0.22515948799176755;0.2336666231100608;0.0443975397167895;0.3473503543320966;0.3545157808400745;0.035157481483958364
2022-08-06 10:35:01.520;1.0428163673188817;570.6215845518091;0.6564784960333364;0.15729337691351475;0.19289967576346712;0.2014774795357157;0.22941762331758042;0.2382004371584472;0.045896909766383054;0.34954104065758784;0.35684023489920946;0.0358868028855035
2022-08-06 10:35:01.540;1.0406155406822322;571.2262910780773;0.6571741879623719;0.16264779598793666;0.20042625348431997;0.21385593816753445;0.232701483294683;0.24164864066447223;0.04677563821731834;0.35075629273956466;0.358093994297235;0.036086646911054565
2022-08-06 10:35:01.560;1.036786859646687;571.8307051194643;0.6578695433986419;0.1680022726471293;0.20795705099365236;0.22625816702497126;0.23598538350214682;0.24509690844175935;0.04765448573757869;0.3519715677341573;0.3593477790197994;0.03628650277823908
2022-08-06 10:35:01.580;1.0313400642860515;572.4349769968903;0.6585647352806656;0.17260941230011895;0.21470728108496573;0.23848422302968686;0.23852227625381062;0.24776044833445354;0.04833150169978673;0.35243896403358477;0.3599192786587082;0.03687546146418885
2022-08-06 10:35:01.600;1.0243123799328915;573.0392475265471;0.6592599256121319;0.16065627447687802;0.20300457116300308;0.24016343603783152;0.2389891422860515;0.24811041305813575;0.047649722863368105;0.3529063637223011;0.36049078322940886;0.0374644277307743
2022-08-06 10:35:01.620;1.0158358553087747;573.6435071252563;0.6599551033679574;0.14870310001623466;0.19130186942882332;0.24184305155616048;0.23945601170382957;0.24846037924172748;0.04696793600631555;0.35337376680036314;0.3610622927320719;0.03805340157815884
2022-08-06 10:35:01.640;1.0060310342540664;574.2462655341733;0.6606485540618494;0.14090252834870398;0.18407205905279156;0.24528068690847604;0.2440741300567666;0.25328441270259106;0.048058693554877685;0.35799716394553016;0.3659681853781649;0.03959357911305794
2022-08-06 10:35:01.660;0.9950627653191944;574.8460034624222;0.6613385298072645;0.13310189210881163;0.1768425350265055;0.24872054949296096;0.24869257964966351;0.25810881588959234;0.04914963333037203;0.36262089270923425;0.3708745116200589;0.04113429136638391
2022-08-06 10:35:01.680;0.9831422601046906;575.4435885128696;0.6620260287484022;0.12303550717115286;0.1671643363988231;0.25115451288952073;0.25104624278041143;0.2604838721514753;0.04922500325730361;0.364977246221148;0.37335555111741314;0.04180858985489255
2022-08-06 10:35:01.700;0.9704842626476415;576.0398945292909;0.6627120562093917;0.12745998461076624;0.17174013628797624;0.2519355342804426;0.25339999194896023;0.263057867235581;0.05044396467440304;0.3673336858692018;0.37583669762523186;0.04248299651391818
2022-08-06 10:35:01.720;0.9572858703204421;576.6349260739007;0.6633966174388879;0.13188458174732887;0.1763160796350256;0.2527166672318488;0.2557538271608806;0.26563199407448934;0.05166317038464552;0.3696902116589662;0.3783179511531216;0.04315751136361268
2022-08-06 10:35:01.740;0.9437551813068683;577.2293207496623;0.6640804459749231;0.1339547382919477;0.17839292605773593;0.25271350617082966;0.2557538271608806;0.26570657858312785;0.05209210115054752;0.3696902116589662;0.3783179511531216;0.04315751136361268
2022-08-06 10:35:01.760;0.9300998385974386;577.8237175475006;0.6647642769523271;0.13602489483668023;0.18046977240842565;0.25271034473962484;0.2557538271608806;0.265781163004398;0.05252103177934675;0.3696902116589662;0.3783179511531216;0.04315751136361268
2022-08-06 10:35:01.780;0.916520280809167;578.4172545885449;0.6654471188121402;0.14115356019726732;0.1857980534297461;0.25375477643768907;0.2588114622106801;0.269107768409107;0.05400589924537602;0.3727513417729291;0.3815454281788675;0.04405849702137399
2022-08-06 10:35:01.800;0.9031809521360379;579.009069357875;0.6661279792636517;0.15197546513098814;0.19488721371751794;0.24357652349878745;0.2541059915815609;0.2639932758959631;0.05174898722648269;0.37581261725160076;0.38477308736486293;0.0449596737738549
2022-08-06 10:35:01.820;0.8902276870705832;579.5991586410746;0.6668068546087975;0.16279767916392984;0.20397916478506417;0.23341349524073518;0.24940050231678157;0.25887891226123116;0.04949286077174886;0.3788740381072593;0.38800092873259473;0.04586104166781446
2022-08-06 10:35:01.840;0.877786918844722;580.1883881068861;0.6674847407666412;0.17126185605241062;0.21053441795382;0.22227168349421866;0.2423377007851073;0.25122411270005074;0.046231222138299444;0.37957542649843745;0.38871168867626693;0.04590264184416615
2022-08-06 10:35:01.860;0.865978345808073;580.777626004121;0.6681626366245177;0.17972607810514774;0.2170928526475926;0.21114879455117475;0.23527486933748065;0.24356959327210603;0.042971229422941626;0.38027682252129935;0.38942245642994067;0.045944242712856465
2022-08-06 10:35:01.880;0.8548585072625234;581.3661223517192;0.6688396793576555;0.18199101359266479;0.21669881902002075;0.1958215081879171;0.2375386725998183;0.2459951084709715;0.043855471679423275;0.38254345634652864;0.3918277798907752;0.04670032545823055
2022-08-06 10:35:01.900;0.8445064908281537;581.9531041928494;0.6695149797085294;0.18425602871457158;0.21631093250581657;0.18052979708678318;0.23980255545686902;0.24842073193710945;0.0447398649633568;0.38481016986577643;0.39423320758368163;0.047456536861220755
2022-08-06 10:35:01.920;0.8349964493621589;582.5385746715547;0.6701885412942415;0.18652112347598404;0.21592918159469932;0.16527359103732397;0.24206651791346445;0.2508464636809222;0.04562440930374123;0.3870769630842723;0.3966387395190054;0.04821287694645893
2022-08-06 10:35:01.940;0.8263624738315056;583.1221080845789;0.670859874359338;0.19084423899914782;0.21771167681256642;0.15058788888865315;0.24638747234187264;0.25543185581339145;0.047057757968683056;0.39140332024942737;0.40119190410672445;0.049438552930074486
2022-08-06 10:35:01.960;0.818627646116354;583.7032758389323;0.6715284858238354;0.1951676446558963;0.21949998241185753;0.13593476909493418;0.2507087167590285;0.2600176188123342;0.048491527227417563;0.39572996776576375;0.4057454282785784;0.05066458732250645
2022-08-06 10:35:01.980;0.8117970602245079;584.2832550419917;0.6721957299051368;0.1874782523096883;0.2113751055554438;0.13358369969422235;0.2554411080276182;0.2650974657899283;0.050393896076995404;0.3963224056855701;0.40634579434885154;0.05069978473198855
2022-08-06 10:35:02.000;0.8058890091208128;584.8632276339995;0.6728629663806741;0.1797888315826981;0.2032503713521372;0.13123349998403366;0.2601735216446528;0.27017744266866117;0.0522968280535947;0.3969148490499528;0.40694616599114397;0.05073498263664522
2022-08-06 10:35:02.020;0.8008990252060157;585.4431936149704;0.6735301952504641;0.17209938247447099;0.1951257797422521;0.1288841696798011;0.2649059576103596;0.2752575494787166;0.05420032330846958;0.3975072978589118;0.40754654320551253;0.05077018103647113
2022-08-06 10:35:02.040;0.7968094864537512;586.0228733810727;0.6741970948409005;0.16464523281365473;0.18728513112031564;0.12680964570812314;0.2698736664399135;0.2806229925500716;0.05638689377546946;0.3931593809237519;0.40278523394448484;0.04847497594373884
2022-08-06 10:35:02.060;0.7935971673288365;586.6019870670643;0.6748633431776344;0.15719104650906957;0.17944458065491276;0.12473579901528176;0.2748414095243916;0.28598861243009566;0.05857421786214001;0.388811445079174;0.3980240667816588;0.046180636151439636
2022-08-06 10:35:02.080;0.7912104832422291;587.1806508379741;0.6755290739041266;0.14797638864735063;0.1705889671248677;0.12698042091361827;0.27597830169774085;0.28717030080500905;0.05880876585284245;0.3899496368363806;0.39920059034761834;0.04638074176951257
2022-08-06 10:35:02.100;0.7895843000862395;587.7589810321442;0.6761944208632286;0.1387616696391092;0.16173340495342003;0.1292258433618798;0.2771152139442634;0.2883520119824894;0.05904332740138063;0.3910878486896685;0.4003771363417741;0.046580858923270796
2022-08-06 10:35:02.120;0.7886443013110114;588.3369774732346;0.6768593838520676;0.12954688948292414;0.15287789416887776;0.13147206661911603;0.2782521462645846;0.289533745963503;0.05927790250879106;0.39222608063971975;0.40155370476526286;0.0467809876135874
2022-08-06 10:35:02.140;0.7882604357167102;588.9148088969596;0.6775241569946849;0.11919493332572983;0.14284180944488511;0.1334913910288087;0.2782521462645846;0.289533745963503;0.05927790250879106;0.39222608063971975;0.40155370476526286;0.0467809876135874
2022-08-06 10:35:02.160;0.7883286529766194;589.4926327124485;0.6781889213843152;0.12747649825149665;0.1514282938603877;0.13508090653088534;0.2782521462645846;0.289533745963503;0.05927790250879106;0.39222608063971975;0.40155370476526286;0.0467809876135874
2022-08-06 10:35:02.180;0.7887025525648594;590.069697878127;0.6788528129761052;0.13865259378292194;0.16307689344690957;0.13757650269714095;0.28114609795600387;0.2926000890822493;0.06021054413808535;0.3985740269249085;0.4082603358417032;0.04872786799482842
2022-08-06 10:35:02.200;0.7891950373718963;590.6452351191765;0.6795149467485458;0.1498289848086074;0.1747259992797261;0.1400731242336093;0.28404017970772344;0.2956665969096335;0.06114336547531529;0.40492217234060845;0.41496730863309494;0.0506754848764599
2022-08-06 10:35:02.220;0.7896169182644401;591.2192402284345;0.6801753178614561;0.16100567135003985;0.18637561146871562;0.14257077153889597;0.286934391530032;0.2987332694637317;0.06207636656109994;0.41127051690171257;0.42167462320998084;0.05262383853307018
2022-08-06 10:35:02.240;0.7897641379998244;591.792484075726;0.6808348131713398;0.17022230609768485;0.1959118623617222;0.14422584470969646;0.2878689461619288;0.29968244172651026;0.062141459413306954;0.4122061732090323;0.4226228109783392;0.05267947672399398
2022-08-06 10:35:02.260;0.7894223703275021;592.3657371928057;0.6814943191457632;0.1732276079844155;0.2004753303140454;0.15312122435062392;0.29087398097184547;0.30284667112440644;0.06299590560286461;0.4131418430960174;0.4235710126445156;0.05273511615176396
2022-08-06 10:35:02.280;0.7883807514863248;592.9395742652632;0.6821544969387063;0.1735964401932506;0.20227133341048997;0.16131590406300678;0.29124329932026427;0.30323867131537696;0.0631188388084114;0.41143871381109776;0.42176355486157036;0.05216641326550242
2022-08-06 10:35:02.300;0.7864420151934823;593.5145712656013;0.6828160091846934;0.17396529304318165;0.20406911744109024;0.16952081271718367;0.29161263829698925;0.3036306941618605;0.0632417829700227;0.409735629513424;0.41995615593077673;0.05159778306862517
2022-08-06 10:35:02.320;0.7834193800229632;594.090725874652;0.68347885321561;0.17433416653301492;0.2058686842020414;0.1777359610998328;0.291981997900713;0.30402273966277704;0.06336473808764254;0.40803259020083615;0.41814881584787145;0.05102922555065614
2022-08-06 10:35:02.340;0.7791621756238978;594.6678825764757;0.6841428501162642;0.17604921235817983;0.20906193295436637;0.18619752742257667;0.2936971452533399;0.3058072823318767;0.06372897120588839;0.40250083224640676;0.4122358297061055;0.048939045073459475
2022-08-06 10:35:02.360;0.773539596879844;595.2458845384899;0.6848078194567168;0.1731057986383462;0.20849896991225236;0.1999374875564639;0.29075383306045666;0.3026080453949831;0.06231705337389126;0.39696908894291383;0.40632300815400413;0.046849653119747536
2022-08-06 10:35:02.380;0.7664519577924149;595.8243147256217;0.6854732814539295;0.17051776728999357;0.20837029609665692;0.21412454096667233;0.28816580171221773;0.2998393189770141;0.061330503320935925;0.39696908894291383;0.40632300815400413;0.046849653119747536
2022-08-06 10:35:02.400;0.7578718646381497;596.4027378920946;0.6861387353741404;0.16792973594175464;0.20824689866870116;0.22834257629546428;0.28557777036392196;0.29707062116117555;0.06034410205732499;0.39696908894291383;0.40632300815400413;0.046849653119747536
2022-08-06 10:35:02.420;0.7478493568825477;596.9811609384997;0.6868041891562179;0.16534170459345887;0.2081287872820461;0.24259165246427905;0.2829897390156262;0.2943019519433747;0.059357849563154375;0.39696908894291383;0.40632300815400413;0.046849653119747536
2022-08-06 10:35:02.440;0.7364694797100415;597.5606927600238;0.6874709185420269;0.16285019866813855;0.20669306634587414;0.24871055078806403;0.282569352181703;0.2938778727274567;0.05934514349535647;0.3944754475936101;0.40363876535377585;0.0457998607904031
2022-08-06 10:35:02.460;0.7238932147319022;598.1424380351018;0.6881401944222193;0.16035878909849544;0.20525834746851146;0.2548348331462673;0.2821490260869055;0.29345385225983733;0.059332424710098586;0.39198190268257704;0.4009546621040272;0.044750298159653035
2022-08-06 10:35:02.480;0.7103522688418036;598.7252891778844;0.6888107425612733;0.1607015079699181;0.2068852494720339;0.2622099699330862;0.28456204387803297;0.2960914029154438;0.06057464723291961;0.3957755685199835;0.40506208698008095;0.04648382243461491
2022-08-06 10:35:02.500;0.6961393990031317;599.3081428173828;0.689481293572704;0.16104422866487766;0.20851358331608694;0.26959341791775504;0.286975068387882;0.2987290020355218;0.06181709205729735;0.3995692443418797;0.4091696181787938;0.04821785960778069
2022-08-06 10:35:02.520;0.6816095118412149;599.8909989550375;0.690151847458169;0.16138695118348778;0.21014335036644738;0.2769851852844525;0.28938809961650946;0.3013666496268925;0.06305975921807683;0.40336293014843605;0.4132772557262001;0.049952409811838905
2022-08-06 10:35:02.540;0.6671576329394413;600.4742080649521;0.6908228074248348;0.15411477013856256;0.20220563573385775;0.2733060148104167;0.2862569623145319;0.29801493200367446;0.061854872810847006;0.4023009696007911;0.4121502737616538;0.049597962254228634
2022-08-06 10:35:02.560;0.653242561048708;601.0581201779205;0.6914945761698573;0.1468426520376056;0.19426837989075452;0.2696289610218239;0.283125857640222;0.29466329190038465;0.060650220745050554;0.40123902654471877;0.41102331467754993;0.04924354294825495
2022-08-06 10:35:02.580;0.6403411478249326;601.6425058280365;0.6921668897014125;0.14069376597535665;0.1875104065484514;0.26625134462679956;0.2811177220341179;0.2924906744445721;0.059745104573504015;0.40130134510167537;0.41106856010844695;0.049144562749946274
2022-08-06 10:35:02.600;0.6289369957098878;602.2271359361694;0.6928394844726466;0.13454487730496112;0.18075275771789379;0.2628754882742932;0.2791095855986683;0.2903180798937015;0.05884011398829525;0.4013636637186586;0.41111380579002343;0.0490455837054693
2022-08-06 10:35:02.620;0.6195251644976592;602.8120103907058;0.6935123603551528;0.1283959860263053;0.17399543324418332;0.2595013911489721;0.27710144833381634;0.2881455082444191;0.057935248973882025;0.4014259823956685;0.41115905172222256;0.048946605814795596
2022-08-06 10:35:02.640;0.6125467162917653;603.3970127870052;0.6941853834298061;0.12909691887443842;0.16988599692748707;0.23183293285926965;0.27780225601097897;0.28888213686199293;0.058127028148671656;0.40212761620182746;0.41172290596563244;0.04814440067434855
2022-08-06 10:35:02.660;0.6084154459124469;603.9820058651749;0.6948583957843043;0.12979785935146992;0.16579659835840843;0.20428127190134404;0.27850307131556207;0.28961877383998313;0.058318810529403464;0.4028292576443313;0.4122867650142439;0.047342184327453296
2022-08-06 10:35:02.680;0.6075100629362327;604.5673611007587;0.6955318247871751;0.12870113844269326;0.1598419427029647;0.17637837117463206;0.2774065462567492;0.28846860480590664;0.05803256445795846;0.40173143997543903;0.41112176467055406;0.046975956211965375
2022-08-06 10:35:02.700;0.6101164905435239;605.1534425308564;0.6962060892492982;0.12760443620794604;0.1539080356802991;0.14859595927662017;0.2763100398687257;0.2873184573389622;0.05774633266046081;0.4006336409992777;0.4099567887752755;0.04660975827286329
2022-08-06 10:35:02.720;0.6164411105561498;605.7402492478068;0.6968811881264435;0.1265077526466598;0.14799480096897;0.12093357906487956;0.2752135521507526;0.2861683314383541;0.05746011513621685;0.39953586071533564;0.40879183732755564;0.0462435905073848
2022-08-06 10:35:02.740;0.6265933125864183;606.3287753177647;0.6975582650540291;0.12316164024542786;0.14003799746185663;0.09449962274379065;0.2666921732388019;0.27700461447322056;0.053938977416192024;0.3961864020821544;0.4052016790769244;0.04492134022828598
2022-08-06 10:35:02.760;0.6405770047388666;606.920008998939;0.6982384569856512;0.1198157016639243;0.13210054068084887;0.06817663014918462;0.2581710876175194;0.26784157424751953;0.050419856482065484;0.39283711744258554;0.40161176491693595;0.04359946184586061
2022-08-06 10:35:02.780;0.6582856196190967;607.5125911630239;0.6989202002957298;0.1198157016639243;0.127797076396714;0.04344497522879376;0.2529952833163307;0.262305102506879;0.04845050397300543;0.389386581241812;0.3980482402022858;0.04301124759977437
2022-08-06 10:35:02.800;0.679492799487597;608.1051689510277;0.699601938571293;0.1198157016639243;0.12351019971660193;0.018809857335637226;0.247819479015142;0.25676874496438273;0.04648174557919127;0.3859360450410385;0.39448471369917115;0.04242300979452729
2022-08-06 10:35:02.820;0.7038602618533438;608.6977433578213;0.7002836729569021;0.1177453799435284;0.12115970212320448;0.017239755366400544;0.25403044417655707;0.26338755619404;0.048701522457162305;0.382485508840265;0.39092118541418586;0.04183474846773638
2022-08-06 10:35:02.840;0.7309344166389602;609.2907832523852;0.7009659428685404;0.11528708605993643;0.11834015090667194;0.015211177276096777;0.25985351200174733;0.2695333923282206;0.05043980240195278;0.3820971569996381;0.3904599239257891;0.04142336582843065
2022-08-06 10:35:02.860;0.7601612578798449;609.8847557838526;0.7016492857435722;0.112828800053137;0.11552073025873355;0.013183277862007792;0.2656765655324662;0.2756793002514897;0.052178513827591644;0.3817088074954462;0.38999866986034704;0.04101201155407885
2022-08-06 10:35:02.880;0.7908637368317348;610.4792011657919;0.7023331726151423;0.11131913206446598;0.11373946512562938;0.011651612671827571;0.2724480861619796;0.2828677782642117;0.05443909205719066;0.38227001236390734;0.3905673633423703;0.0410452493350455
2022-08-06 10:35:02.900;0.8222998426558881;611.0736390864549;0.7030170509027969;0.10980946094707633;0.11195826389481667;0.010120321451794645;0.27921963570125996;0.2900564357617341;0.05670044010058373;0.3828312221182877;0.3911360618243407;0.04107848755842536
2022-08-06 10:35:02.920;0.8537006803556697;611.6680834191284;0.7037009365672263;0.12072175585592504;0.12345777607387376;0.01328453955981157;0.2735692449956346;0.28403128625334517;0.05465990314035274;0.3833924367585304;0.3917047653060308;0.0411117262241909
2022-08-06 10:35:02.940;0.8841730570881117;612.2634959054485;0.7043859360557155;0.1281574641543557;0.13127412198528177;0.015328503298886353;0.2644429734246856;0.2743130803149043;0.05144079484515096;0.3804737964425762;0.3884608367786768;0.039296834269777925
2022-08-06 10:35:02.960;0.9128402747176396;612.8608284605798;0.7050731445105664;0.13559309618136695;0.13909052674213385;0.01737314835132331;0.2553169587951416;0.2645954476482544;0.048223318368906476;0.37755528825409;0.3852171412335679;0.03748248842525381
2022-08-06 10:35:02.980;0.9388189261506594;613.4610968191628;0.7057637304959676;0.1405395844888062;0.14421348359914177;0.018291764492571083;0.24370296919185108;0.25217583119869147;0.04382522283291301;0.3721457113965734;0.3794459185239134;0.03550207296847585
2022-08-06 10:35:03.000;0.961254138837089;614.0653069472392;0.7064588513377059;0.14548614026591622;0.14933655263055456;0.01921060653159401;0.2320896645438566;0.23975750814387453;0.03943029863128;0.3667365884211371;0.3736753118616889;0.03352251359075176
2022-08-06 10:35:03.020;0.9793391640655655;614.6734320071919;0.7071584761601204;0.14784505007492044;0.15165864594657918;0.018953559434025102;0.2318629837971926;0.2394377304913533;0.038899456555862244;0.3613279192600807;0.3679053211001815;0.0315438098857328
2022-08-06 10:35:03.040;0.99235811823759;615.2835117814902;0.7078603498072702;0.15560819033129292;0.1597880984590141;0.020908580967939017;0.23703841063471742;0.24494225747665865;0.04068754432719768;0.3613279192600807;0.3679053211001815;0.0315438098857328
2022-08-06 10:35:03.060;0.9996856865629262;615.8936000821632;0.7085622332636905;0.1633713305876654;0.16791767524059864;0.022864219400670294;0.24221383747235592;0.2504468765256789;0.04247610404825508;0.3613279192600807;0.3679053211001815;0.0315438098857328
2022-08-06 10:35:03.080;1.000843104538358;616.5004216787274;0.7092603585009017;0.1819411777439086;0.1875580789962008;0.028656538403019738;0.25819134075621974;0.2674908852895683;0.04828621052153359;0.372142343582599;0.37944793423491774;0.03553300362653378
2022-08-06 10:35:03.100;0.9954316922341389;617.1006498948045;0.7099508983038721;0.16997612175345012;0.17773775077440845;0.041210644644137595;0.26899522959607935;0.2790077530305908;0.05216757131428107;0.3829585823703532;0.3909930200521785;0.039525674773805086
2022-08-06 10:35:03.120;0.9833050120925861;617.694196074015;0.7106337506767989;0.1580111810717426;0.16792213055876104;0.053792488814387696;0.27980093137015416;0.2905270034291121;0.05605191210156324;0.39377663616477676;0.40254057974442503;0.0435218266744517
2022-08-06 10:35:03.140;0.9644106669503973;618.2843800186165;0.7113127349262982;0.1358909963373094;0.147256602420466;0.06258122871534866;0.28045504572023816;0.2911664614210068;0.05595437050404328;0.3944314982343293;0.40320418702617644;0.04356064358096923
2022-08-06 10:35:03.160;0.9389084649566057;618.8745376354418;0.7119916888866893;0.11377071543716966;0.12659280726799338;0.07138197821880077;0.28110916671520414;0.2918059257309906;0.0558568273522706;0.3950863669563809;0.4038678011156662;0.04359946109058033
2022-08-06 10:35:03.180;0.9071336571623527;619.4629343102642;0.712668616950078;0.09624272108027299;0.1108748357704279;0.08212666682447178;0.2863555130226487;0.2974029953808568;0.05776727258475933;0.4003387103732656;0.40944141730096817;0.04535081600351454
2022-08-06 10:35:03.200;0.8695825264853105;620.0478365992967;0.7133415248551165;0.11598308851506545;0.1321293147689424;0.09044362815882234;0.2853908269322929;0.2964552002289693;0.05788396422343478;0.40559148171104553;0.41501559313911685;0.047102861565275767
2022-08-06 10:35:03.220;0.8268253984469718;620.6292419685124;0.7140104096865029;0.1357244082919351;0.1533869102701395;0.09877201317579942;0.28442634340800765;0.29550761745097276;0.0580007089586152;0.41084468103173677;0.4205903287523256;0.04885559808167628
2022-08-06 10:35:03.240;0.7795923649615455;621.2071681323505;0.714675291824028;0.15553834451731063;0.17471413297104377;0.1070808001734127;0.28353370854782867;0.29462655858478826;0.0580853777128123;0.41617004097225063;0.4262327931478467;0.05058161520685811
2022-08-06 10:35:03.260;0.7286971040127359;621.7816328891713;0.7153361917440303;0.17535325226691612;0.19604448309641143;0.11540095844549736;0.28264128501079;0.2937457212707173;0.05817010153814817;0.4214958407936855;0.43187582684186054;0.05230830933989683
2022-08-06 10:35:03.280;0.6750134663122527;622.3543695903572;0.7159951036015496;0.19000330543047994;0.2118553704533177;0.12178392956366402;0.27658527587906434;0.2873333330518122;0.056243528225414785;0.4216518267851974;0.43203390191303015;0.05231758436605105
2022-08-06 10:35:03.300;0.6194392626885432;622.9271136985117;0.7166540239805053;0.1849826523871343;0.21030615374629846;0.14183114930973328;0.27932932036285507;0.2902914639564429;0.05741900777055875;0.4218078131541496;0.43219197737039394;0.052326859426554684
2022-08-06 10:35:03.320;0.5628993106581788;623.4998566736976;0.7173129430560238;0.1799619941550077;0.2087675802797797;0.1619410587233423;0.2820733680063441;0.29324963864193165;0.058594701328864573;0.42196379990048527;0.4323500532140656;0.05233613452144681
2022-08-06 10:35:03.340;0.5062746419626674;624.0710308710331;0.7179700573121106;0.17937276056221663;0.2119904301132145;0.183861046842825;0.2892474638406739;0.30096398608387886;0.061555851443202414;0.42655525254656723;0.43722280818815307;0.053869476594183396
2022-08-06 10:35:03.360;0.45039073689080644;624.6390599287624;0.7186235532043388;0.17878368981217818;0.21522651634748158;0.20585721616512753;0.29642196816687516;0.308679029252211;0.06451851577221124;0.4311470321671358;0.4420959909454609;0.05540334715554618
2022-08-06 10:35:03.380;0.3959768823538634;625.2055203886048;0.7192752444841766;0.1831432414527967;0.21791175462274381;0.1961474787904134;0.3007814574616319;0.31335615907969583;0.06625651248286868;0.4313654453539506;0.4422190879825507;0.05485304779405453
2022-08-06 10:35:03.400;0.3436899657054886;625.7719772471246;0.7199269316208294;0.18750280006725006;0.22059943541452398;0.18645221800796108;0.30514095372999606;0.318033385419632;0.0679949776332398;0.4315838592805825;0.4423421851860212;0.05430274656293488
2022-08-06 10:35:03.420;0.2941070900637688;626.33843725935;0.7205786223857009;0.1918623656555951;0.22328955571734;0.17677141507153138;0.30950045697202455;0.32271070829481374;0.06973391133741025;0.43180227394720205;0.44246528255598605;0.05375244346219521
2022-08-06 10:35:03.440;0.24768737593501555;626.9024338363306;0.7212274790617326;0.20313162987139322;0.23338704568325497;0.16981416053267218;0.32076768475648265;0.33480390994223086;0.07425424059172592;0.4389364019659787;0.45003663566859586;0.0561356124266732
2022-08-06 10:35:03.460;0.2047879854543022;627.4614783807701;0.7218706386120982;0.214401886448627;0.24348655616577375;0.1628634315004165;0.332035904677106;0.34689877457251583;0.07877809603232055;0.4460713193790333;0.4576090216409625;0.05852005770414692
2022-08-06 10:35:03.480;0.1656676340088774;628.0188546225618;0.7225118788435267;0.2144455256409401;0.2400206495234123;0.14269619139073342;0.3258678399905435;0.3402527916696627;0.076155653159665;0.4440424601574513;0.45544079709173957;0.05775621588958568
2022-08-06 10:35:03.500;0.13052366581084218;628.5778658943673;0.7231550001149886;0.21448919965399682;0.23656575000310553;0.12259281016305579;0.31969989697407897;0.33360714064898644;0.07353431857212023;0.4420136647670496;0.4532726601720469;0.05699249989447441
2022-08-06 10:35:03.520;0.09946234648857244;629.1385074084465;0.7237999969183704;0.21453290848518236;0.23312182766548162;0.10255310818248642;0.313532075621346;0.32696182141675223;0.07091409182359154;0.43998493320413345;0.45110461087369913;0.05622890969615568
2022-08-06 10:35:03.540;0.07252133237516367;629.6999631269209;0.7244459304330356;0.21711811713964835;0.23239450934030614;0.08347066375633272;0.3099048970547429;0.32302823188101826;0.06922591864361749;0.4301461574265808;0.44078558843244764;0.053645966794900524
2022-08-06 10:35:03.560;0.04966877348626331;630.2614193999689;0.7250918645857167;0.21970333725187174;0.23167694814227602;0.06444527278650192;0.30627770789741504;0.3190947143535041;0.06753818404382539;0.42030734901613087;0.430466722880567;0.05106394925927216
2022-08-06 10:35:03.580;0.030798443233185147;630.82266173885;0.7257375526152509;0.207874512125386;0.21750699196550372;0.05122500315676071;0.3027316234066362;0.31532681818382713;0.0663347511135095;0.42090343248543505;0.4310993131209102;0.05126294486738825
2022-08-06 10:35:03.600;0.015776200760139192;631.3834755089993;0.7263827475927096;0.19604564145595305;0.2033419260146978;0.038032360227694184;0.2991855274036439;0.3115589509679708;0.06513152453576598;0.4214995214654813;0.431731910570079;0.051461949378495575
2022-08-06 10:35:03.620;0.0044116508354590245;631.943860427833;0.7270274491929911;0.1842167252428908;0.18918174130280008;0.024867293543865188;0.2956394198883814;0.30779111270002346;0.06392850428315544;0.4220956159563265;0.43236451522830066;0.05166096279308707
2022-08-06 10:35:03.640;-0.0035624110648737606;632.5062934229863;0.7276745070274189;0.1659740941755672;0.16813918307977005;0.00913236636790149;0.2856814183306611;0.2971127629572621;0.05998831199866572;0.4162721365299298;0.42615082978846885;0.04952446817006617
2022-08-06 10:35:03.660;-0.008431830028063914;633.0732132751655;0.7283267268207207;0.14773248724117138;0.1471050249147332;-0.006561689027783757;0.27572410828916105;0.2864356049696326;0.05605074244494723;0.4104491830153201;0.41993785851593657;0.04738896721992791
2022-08-06 10:35:03.680;-0.010498618884748012;633.6423679468935;0.7289815176891732;0.14255581463265798;0.14123064128679275;-0.010471158971102845;0.2783124445934746;0.2891734471024634;0.056858010275725235;0.41735141316002355;0.427262604323289;0.04969211265112072
2022-08-06 10:35:03.700;-0.010153923537250531;634.2115168707023;0.7296363019448625;0.13737914202408774;0.13535670475542005;-0.014378169243220995;0.2809007808977313;0.29191130679809163;0.05766536597871852;0.4242536433047839;0.43458753252662063;0.05199620488212631
2022-08-06 10:35:03.720;-0.007798678813620619;634.7806600469557;0.7302910795882073;0.13220246941557434;0.12948321507112937;-0.01828272120695118;0.283489117201988;0.29464918405827945;0.058472809559821926;0.43115587344948736;0.4419126431952236;0.054301244256175885
2022-08-06 10:35:03.740;-0.00386638039089382;635.35263799526;0.7309491185293068;0.11945150672892169;0.11548416975929499;-0.025209940439713918;0.2785042456628517;0.2892297378774984;0.05607486447846011;0.4235731960524767;0.4338295699330388;0.05156354024374199
2022-08-06 10:35:03.760;0.0012064216413572026;635.9302639619636;0.7316136553014116;0.10566642479000166;0.10289712912557647;-0.01806181145342478;0.27093192831032553;0.28107365122352945;0.052871315219900517;0.41599141025983855;0.4257476992859779;0.04882747591803405
2022-08-06 10:35:03.780;0.00697227144013457;636.5106989558335;0.7322814237527577;0.09995328274823123;0.09894354153245999;-0.007841008021260087;0.27143041888238173;0.2815799229072482;0.052905961309359206;0.4164905241454484;0.42625348972177335;0.048857114263669565
2022-08-06 10:35:03.800;0.01296698652614725;637.0911312600729;0.7329491891097859;0.0942401231951635;0.09499273399708485;0.002396483627693513;0.2719289133135945;0.2820861985555112;0.0529406078099246;0.4169896418950465;0.42675928411199493;0.04888675296052902
2022-08-06 10:35:03.820;0.018744913413550002;637.6715608774175;0.7336169513756435;0.08852694613079848;0.0910447102889087;0.012650687148364703;0.2724274116041343;0.28259247816843214;0.052975254721594034;0.4174887635088602;0.4272650824567563;0.048916392008614196
2022-08-06 10:35:03.840;0.023882115478615074;638.2510108665374;0.7342835866163745;0.08521330762869184;0.08968928515261254;0.023968738786932953;0.27532538410506646;0.2856978201207099;0.054109028525775926;0.4203903596401837;0.4301971286733419;0.04904073350754601
2022-08-06 10:35:03.860;0.027995553227221803;638.8285036473026;0.7349479701631073;0.08604090116051566;0.09372763843347443;0.04240604974092932;0.28443532580244124;0.29544853935275484;0.05760914936815986;0.4232920863540848;0.4331292860069311;0.04916495867735993
2022-08-06 10:35:03.880;0.03071059157331968;639.404662543624;0.7356108191263662;0.08550973623806613;0.09629829725937711;0.060244217746925344;0.2921866455804789;0.30371748764836326;0.060428493913819104;0.4248334262466109;0.43474260244659035;0.049550957348625246
2022-08-06 10:35:03.900;0.031722991771191644;639.9800904516087;0.7362728271152615;0.08497858611934817;0.09887767573078676;0.07813311797652034;0.2999380681590438;0.31198677972472666;0.0632490870482485;0.42637480298714436;0.4363559630029954;0.04993699325380696
2022-08-06 10:35:03.920;0.030799864881958294;640.5547933169946;0.7369340009701393;0.0844474508054418;0.10146579496923991;0.09607287748687021;0.30768959354217174;0.320256415688597;0.06607092927971525;0.4279162165774473;0.4379693676785905;0.050323066397221616
2022-08-06 10:35:03.940;0.02775055713124286;641.1291339119125;0.7375947580465803;0.08237680488099386;0.10244176683235295;0.1136260152632973;0.31390153131562926;0.32690247529368577;0.06844097938350657;0.4279162165774473;0.4379693676785905;0.050323066397221616
2022-08-06 10:35:03.960;0.02247648473152397;641.7034846497045;0.7382555267920133;0.10049495672012654;0.12200732169682382;0.12159018357643259;0.30354830169316216;0.31595026557349826;0.06520706127478793;0.4279162165774473;0.4379693676785905;0.050323066397221616
2022-08-06 10:35:03.980;0.01491018246352338;642.2768506944049;0.7389151626853824;0.12193890291996468;0.14511140126560562;0.13071075946718835;0.2965205694273223;0.30854119549056946;0.06315695027224155;0.42434352090913663;0.43416001676388305;0.04902803753373153
2022-08-06 10:35:04.000;0.005061362107229073;642.8482243983526;0.7395725064662617;0.143383436682484;0.1682186063411244;0.13984472628648792;0.2894927712824611;0.3011321566473626;0.0611073080019926;0.4207708387696165;0.430350737611775;0.04773331378243739
2022-08-06 10:35:04.020;-0.006992943005437624;643.4175984579997;0.7402275497321962;0.16482855805566032;0.19132894047819704;0.14899210192165846;0.2824649072560774;0.2937231490396712;0.05905813448120334;0.4171981701623544;0.4265415302130009;0.046438895079457865
2022-08-06 10:35:04.040;-0.021150913628747547;643.985968164001;0.7408814375273445;0.15889696635730388;0.1851025110572344;0.14741470805134682;0.2827453930302468;0.29390859746749953;0.058505935203064574;0.4174789966481889;0.4268261143595282;0.046455579574978145
2022-08-06 10:35:04.060;-0.037196828101414336;644.5543324779501;0.7415353191191413;0.15296536385585568;0.17887614925873763;0.14583770551906294;0.283025880026436;0.2940940461399819;0.05795373195502762;0.41775982435729375;0.42711069975791816;0.046472264181859124
2022-08-06 10:35:04.080;-0.05490639933897068;645.1224488974622;0.7421889155177879;0.14745778671772314;0.17311871117513178;0.14451032722440083;0.2837303105041329;0.29474949201446776;0.057657763657541494;0.4184651105205184;0.4278591430950769;0.046707510971691235
2022-08-06 10:35:04.100;-0.0740227078793596;645.6900747178661;0.7428419475007634;0.14195018708596763;0.16736130713351471;0.14318322737127254;0.28443474868746677;0.29540493837314585;0.05736175529002896;0.4191704043986455;0.42860759652256775;0.04694277021506288
2022-08-06 10:35:04.120;-0.09425982282564793;646.2572095340365;0.7434944146019862;0.1364425649602481;0.1616039371221767;0.1418564059077525;0.2851391945763808;0.2960603852151067;0.057065706848897335;0.4198757059917888;0.42935606004067495;0.047178041912686375
2022-08-06 10:35:04.140;-0.1153258816374878;646.8237723035782;0.7441462235852536;0.1418373030282396;0.16568833786660875;0.13421897556900042;0.28846296353876966;0.2996523987061792;0.058540818173765;0.4314839781123432;0.4418088377423146;0.0518191348783672
2022-08-06 10:35:04.160;-0.13693319477536026;647.3896615223566;0.7447972576739079;0.14723210129636755;0.16977428013327867;0.12659045775668698;0.29178677478981996;0.30324452032542837;0.06001627772983742;0.44309236417933917;0.4542624674978697;0.05646412930836231
2022-08-06 10:35:04.180;-0.15877290725885884;647.9552188592716;0.7454479099450627;0.15159183112115215;0.17275822101353455;0.11859800115903507;0.29407570673939887;0.3057311706653323;0.061106781764608264;0.44331081783559867;0.45448385058728036;0.056477136156335206
2022-08-06 10:35:04.200;-0.1805610716491558;648.5207796330287;0.7460985661701741;0.15595156792113585;0.17574383445147745;0.11061548368924701;0.29636464254620165;0.30821785856981165;0.06219746468494769;0.44352927223213;0.4547052344343001;0.05649014307187539
2022-08-06 10:35:04.220;-0.20202200233407963;649.0863438452579;0.7467492263511172;0.16031131169620494;0.1787311187402132;0.10264289462566278;0.2986535822101146;0.3107045840435845;0.06328832651691485;0.44374772736876267;0.4549266190388721;0.056503150054942
2022-08-06 10:35:04.240;-0.22292780339479124;649.6515836152321;0.7473995132735481;0.1353340791375217;0.1530420947538822;0.09904122255803305;0.2969722657653975;0.3088764080920683;0.062477972882894584;0.44465600194331856;0.45589057791329424;0.0568066586353595
2022-08-06 10:35:04.260;-0.24301033373316305;650.2161707400155;0.7480490493524343;0.11035669731546704;0.12735338840249355;0.09544164195387062;0.29529094589404536;0.307048247315187;0.061667718183445075;0.4455642893115659;0.4568545535279327;0.057110187904211074
2022-08-06 10:35:04.280;-0.26205471897979005;650.7804188243244;0.7486981953781104;0.0846902265155336;0.10091671873768959;0.09151652508978891;0.292920664423697;0.30446956988030394;0.06051747304695709;0.43888017326253603;0.4497502400369626;0.05481691859854809
2022-08-06 10:35:04.300;-0.27986971375894787;651.3446417939049;0.7493473125102437;0.05902371747993129;0.07448055291413525;0.08759386041676098;0.29055037979529885;0.3018909275080901;0.05936743157171609;0.4321960475604705;0.44264609664344334;0.052524584894413806
2022-08-06 10:35:04.320;-0.29626951216090913;651.9088488180205;0.7499964112977243;0.050958770816976084;0.06694685535026323;0.09080537764073426;0.2866270096018084;0.29770679745437434;0.05794753651404072;0.425511912205085;0.4355421232793901;0.0502331864558494
2022-08-06 10:35:04.340;-0.31113471894741407;652.4733169679457;0.7506458105005475;0.041899587511181835;0.058362259451623544;0.0937107965318269;0.28170927400064016;0.2924693810302088;0.05620894312068536;0.42473476463209536;0.43471738889184053;0.049973798706775874
2022-08-06 10:35:04.360;-0.32434260954792815;653.0383138820252;0.7512958180264804;0.03284045792923962;0.049777898360471085;0.09661745391164533;0.2767915699396113;0.2872320855591184;0.054470810264771075;0.4239576264257643;0.433892666756833;0.049714426086833186
2022-08-06 10:35:04.380;-0.33581023769871277;653.6033997953273;0.751945927942644;0.02532403757402335;0.04282964099988007;0.10003105960968561;0.2734168065048621;0.283634273678139;0.05325654263261548;0.4247253691845039;0.434695475329022;0.04990218576093142
2022-08-06 10:35:04.400;-0.34548021997558165;654.1681148879361;0.752595611243661;0.01780758251413772;0.035881635104569654;0.10344651161036378;0.270042030283868;0.2800364901396861;0.05204248642732612;0.4254931210853137;0.43549829478240554;0.050089954325351904
2022-08-06 10:35:04.420;-0.3532916850785206;654.7324711853216;0.7532448817643785;0.02271578407328434;0.04028754788182809;0.1004625077037069;0.27080880505091187;0.28094350742899366;0.05283343727802858;0.4262608821283642;0.4363011251174953;0.050277731780622226
2022-08-06 10:35:04.440;-0.3592520059581614;655.2966525309239;0.7538939510097032;0.026857347848022073;0.04388750823508403;0.09726759690700604;0.27080880505091187;0.2810428355597665;0.053404638773830726;0.4262608821283642;0.4363011251174953;0.050277731780622226
2022-08-06 10:35:04.460;-0.3633727925621061;655.8608373696698;0.7545430242737572;0.030998911622873493;0.04748772537831414;0.09407427406068702;0.27080880505091187;0.28114216353529997;0.05397584002635636;0.4262608821283642;0.4363011251174953;0.050277731780622226
2022-08-06 10:35:04.480;-0.3656911713613811;656.4250257017775;0.7551921015567915;0.03514047539772491;0.051088199210621354;0.0908825384855616;0.27080880505091187;0.2812414913557646;0.054547041035716504;0.4262608821283642;0.4363011251174953;0.050277731780622226
2022-08-06 10:35:04.500;-0.366266876221919;656.9892175274945;0.7558411828590909;0.0392820391724058;0.054688929630426486;0.08769238950259961;0.27080880505091187;0.2813408190210467;0.05511824180194669;0.4262608821283642;0.4363011251174953;0.050277731780622226
2022-08-06 10:35:04.520;-0.3651750855909688;657.5534151981628;0.7564902708857851;0.04756516672210864;0.06313627356089668;0.08847461293245829;0.27080880505091187;0.2813159871193207;0.05497544163315915;0.4262608821283642;0.4363011251174953;0.050277731780622226
2022-08-06 10:35:04.540;-0.36251984965992123;658.1176210649792;0.7571393683418368;0.05584829427164095;0.07158364181637111;0.08925693269366697;0.27080880505091187;0.28129115520781767;0.05483264144919531;0.4262608821283642;0.4363011251174953;0.050277731780622226
2022-08-06 10:35:04.560;-0.3584155270948594;658.6818351278416;0.7577884752271288;0.06413142182117326;0.0800310344001467;0.0900393487967106;0.27080880505091187;0.2812663232867081;0.054689841250043614;0.4262608821283642;0.4363011251174953;0.050277731780622226
2022-08-06 10:35:04.580;-0.35298882655121466;659.2460573866629;0.7584375915415605;0.0724145493708761;0.08847845131534982;0.0908218612521452;0.27080880505091187;0.2812414913557646;0.054547041035716504;0.4262608821283642;0.43607621667524654;0.0489881713572613
2022-08-06 10:35:04.600;-0.3463753646623695;659.810287841341;0.759086717285015;0.08069767692040841;0.09692589256516371;0.09160447007043082;0.27080880505091187;0.2812166594151577;0.05440424080615269;0.4262608821283642;0.435851308580709;0.04769861623638416
2022-08-06 10:35:04.620;-0.33870567128864904;660.3745289438302;0.7597358552783723;0.09364006371663436;0.1104281681793644;0.09456966827271973;0.27857423712871565;0.28952380964424407;0.05736202806702195;0.4262608821283642;0.4356264008335984;0.04640906641795706
2022-08-06 10:35:04.640;-0.3301376926405576;660.9387898725763;0.7603850160810862;0.1065824505128603;0.12393073070054683;0.0975362681715497;0.28633966920640574;0.2978312172919928;0.060321154476628;0.4262608821283642;0.4356264008335984;0.04640906641795706
2022-08-06 10:35:04.660;-0.3208128998676164;661.5030571746684;0.7610341842160931;0.1195248373091431;0.137433580259394;0.10050427035741194;0.2941051012841527;0.3061388824662359;0.06328162057202835;0.4262608821283642;0.4356264008335984;0.04640906641795706
2022-08-06 10:35:04.680;-0.3108582287615962;662.0673375765255;0.761683367421883;0.13246722410536904;0.15093671698681632;0.10347367542098951;0.3018705333618996;0.31444680527463476;0.06624342689043328;0.4262608821283642;0.4356264008335984;0.04640906641795706
2022-08-06 10:35:04.700;-0.3004247812700056;662.6316239226944;0.7623325574663783;0.13246722410536904;0.14968829216760682;0.09629876502244894;0.3018705333618996;0.31442192043929396;0.06610033449037722;0.4262608821283642;0.4356264008335984;0.04640906641795706
2022-08-06 10:35:04.720;-0.28961668691429765;663.1959090584205;0.7629817461183049;0.13246722410536904;0.1484412540100628;0.08913192621440391;0.3018705333618996;0.3143970355942898;0.0659572420752399;0.4262608821283642;0.4356264008335984;0.04640906641795706
2022-08-06 10:35:04.740;-0.27854415110463554;663.7601929850425;0.7636309333792032;0.13246722410536904;0.14719560119536013;0.08197315107500991;0.3018705333618996;0.3143721507394517;0.06581414964498933;0.4262608821283642;0.4358165500879636;0.04749932182712513
2022-08-06 10:35:04.760;-0.2673062486707807;664.3244757038992;0.7642801192506132;0.13246722410536904;0.14595133240592517;0.07482243168924185;0.3018705333618996;0.3143472658750639;0.06567105719963973;0.4262608821283642;0.4360066995907914;0.048589581026445394
2022-08-06 10:35:04.780;-0.25599079548186926;664.888757216344;0.7649293037340921;0.13246722410536904;0.14470844632486646;0.06767976014886568;0.3018705333618996;0.31432238100078536;0.0655279647391529;0.4262608821283642;0.4360066995907914;0.048589581026445394
2022-08-06 10:35:04.800;-0.2446622745015864;665.4530428959915;0.7655784930117797;0.1428211335423839;0.15454249083606086;0.0644908423402093;0.29358740581231046;0.3054358056250308;0.062226127613597804;0.4262608821283642;0.4360066995907914;0.048589581026445394
2022-08-06 10:35:04.820;-0.2333998829626014;666.0173381158456;0.7662276932651133;0.15317504297934192;0.16437676475109342;0.061303490794422544;0.28530427826277815;0.29654955153674933;0.058925970960856056;0.4262608821283642;0.4360066995907914;0.048589581026445394
2022-08-06 10:35:04.840;-0.22226109379469106;666.581642875979;0.7668769044941763;0.16352895241629994;0.17421126799214548;0.05811770486879553;0.2770211507130753;0.28766361858331635;0.055627494013865686;0.4262608821283642;0.4360066995907914;0.048589581026445394
2022-08-06 10:35:04.860;-0.21129097233724514;667.1459571764353;0.7675261266990192;0.1738828618533148;0.18404600048122788;0.05493348392090258;0.268738023163543;0.2787780066129031;0.0523306960060026;0.4262608821283642;0.4360066995907914;0.048589581026445394
2022-08-06 10:35:04.880;-0.20053889662058505;667.7102877445504;0.7681753676191867;0.18423677129032967;0.19388096214074935;0.05175082730846636;0.2604548956140107;0.26989271547277127;0.04903557617085763;0.4262608821283642;0.43587993322802276;0.04786274113910327
2022-08-06 10:35:04.900;-0.19008093016360816;668.2746030871567;0.7688245910229836;0.15576352033860985;0.16652518227808955;0.05872448721544199;0.2682203276917008;0.27819939061070187;0.051990849302637976;0.4262608821283642;0.4357531669755872;0.0471359029362759
2022-08-06 10:35:04.920;-0.17989415441840695;668.8388918927158;0.7694737838969139;0.12729026938689003;0.13917044342352014;0.06570559656978059;0.2759857597694477;0.2865063229606122;0.054947460530653025;0.4262608821283642;0.4356264008335984;0.04640906641795706
2022-08-06 10:35:04.940;-0.170001534264566;669.4031541609947;0.7701229462407098;0.09881701843511337;0.1118167462834343;0.07269416190637479;0.28375119184719466;0.2948135126299931;0.05790541039146113;0.4262608821283642;0.4356264008335984;0.04640906641795706
2022-08-06 10:35:04.960;-0.16041373231370915;669.9673898917608;0.7707720780541033;0.07034376748339355;0.0844640915641115;0.07969018976446662;0.2915166239249416;0.30312095972667663;0.06086469942192796;0.4262608821283642;0.4356264008335984;0.04640906641795706
2022-08-06 10:35:04.980;-0.15108842641925857;670.5316196757558;0.7714212030259621;0.08483924069525983;0.09955778865085207;0.08284599429085215;0.28530427826277815;0.29647498145173046;0.05849716104681324;0.4262608821283642;0.4356264008335984;0.04640906641795706
2022-08-06 10:35:05.000;-0.14206722180442732;671.0958641038378;0.7720703448452878;0.09933471390695559;0.11465181409013425;0.08600339020031988;0.27909193260055787;0.28982916794397084;0.05613047980897523;0.4262608821283642;0.4356264008335984;0.04640906641795706
2022-08-06 10:35:05.020;-0.1333346327210485;671.6601231759341;0.7727195035119967;0.11383018711876502;0.12974616804276806;0.089162378208262;0.2728795869383944;0.2831835191483165;0.053764655433560904;0.4262608821283642;0.4356264008335984;0.04640906641795706
2022-08-06 10:35:05.040;-0.12486554374976189;672.2243968919865;0.7733686790260218;0.12832566033057446;0.14484085066888142;0.09232295903031584;0.26666724127617414;0.2765380350096862;0.05139968764576075;0.4366147915654359;0.4468043317182264;0.05095436753107574
2022-08-06 10:35:05.060;-0.11662561470391297;672.7886852519223;0.7740178713872794;0.1428211335423839;0.15993586212905697;0.09548513338245446;0.2604548956140107;0.26989271547277127;0.04903557617085763;0.4469687010024508;0.45798294932785666;0.05550332264022195
2022-08-06 10:35:05.080;-0.10859105065209035;673.3529800607284;0.7746670711677178;0.1407503516549582;0.15813590461177895;0.09708204755827587;0.2625256775013227;0.27208298573780354;0.04968079562022609;0.4469687010024508;0.45798294932785666;0.05550332264022195
2022-08-06 10:35:05.100;-0.10069355858261653;673.9172731234212;0.775316268939319;0.13867956976753248;0.1563360113263137;0.0986793587651027;0.2645964593886916;0.274273267236687;0.05032607127870303;0.4469687010024508;0.45798294932785666;0.05550332264022195
2022-08-06 10:35:05.120;-0.0928757194446051;674.4815644400587;0.7759654647021499;0.13660878788016362;0.15453618228516675;0.10027706708787765;0.26666724127617414;0.27646355997010374;0.050971403149363326;0.4469687010024508;0.45798294932785666;0.05550332264022195
2022-08-06 10:35:05.140;-0.08508688511320533;675.0458607375549;0.7766146661952698;0.1345380059927379;0.15273641750124156;0.10187517261151058;0.268738023163543;0.2786538639387359;0.05161679123505625;0.4469687010024508;0.45798294932785666;0.05550332264022195
2022-08-06 10:35:05.160;-0.07727041176215904;675.6101485622421;0.7772638579407443;0.13246722410536904;0.15093671698681632;0.10347367542098951;0.27080880505091187;0.28084417914326565;0.05226223553889753;0.4469687010024508;0.45798294932785666;0.05550332264022195
2022-08-06 10:35:05.180;-0.06937968197045613;676.1744284596716;0.7779130405662092;0.1195248373091431;0.1363936606050764;0.09452743600318136;0.2682203276917008;0.27813732148096193;0.051633909086858054;0.4366147915654359;0.4468677608434177;0.05131804003104179
2022-08-06 10:35:05.200;-0.061354287054271595;676.7386942494268;0.7785622069613299;0.1065824505128603;0.12185291454263947;0.08559383536999121;0.2656318503324897;0.27543047032433066;0.05100560960785572;0.4262608821283642;0.4357531669755872;0.0471359029362759
2022-08-06 10:35:05.220;-0.05315171227205723;677.3029459333993;0.7792113571282825;0.09364006371663436;0.10731447588554133;0.0766728577764848;0.2630433729732218;0.2727236256747929;0.050377337109941855;0.4159069726914062;0.4246391673108292;0.042956909237702234
2022-08-06 10:35:05.240;-0.04473785467514074;677.8671835134664;0.7798604910692267;0.08069767692040841;0.09277834172317156;0.06776448749513264;0.2604548956140107;0.2700167875338835;0.04974909160124508;0.4159069726914062;0.4246391673108292;0.042956909237702234
2022-08-06 10:35:05.260;-0.03606822487460448;678.4314155942775;0.7805096186834855;0.08691002258257186;0.09597810639919757;0.05032844813708426;0.2604548956140107;0.2699671587384742;0.04946368547478386;0.4159069726914062;0.4246391673108292;0.042956909237702234
2022-08-06 10:35:05.280;-0.027147218710899312;678.9956507834504;0.7811587498737965;0.09312236824479214;0.09918596697783855;0.03294028954195838;0.2604548956140107;0.2699175299044114;0.04917827928739538;0.4159069726914062;0.4246391673108292;0.042956909237702234
2022-08-06 10:35:05.300;-0.017968642439996463;679.5598890888141;0.781807884649167;0.09933471390695559;0.10240190495082047;0.015599897370381477;0.2604548956140107;0.26986790103163827;0.04889287303906986;0.4159069726914062;0.4246391673108292;0.042956909237702234
2022-08-06 10:35:05.320;-0.008534411913947437;680.1241305181829;0.7824570230185868;0.10554705956917587;0.10562590184516907;-0.0016928424795903396;0.2604548956140107;0.2698182721199842;0.04860746672977445;0.4159069726914062;0.4246391673108292;0.042956909237702234
2022-08-06 10:35:05.340;0.001146864416361526;680.6883750793422;0.7831061649910128;0.11175940523133931;0.10885793922173193;-0.01893804387305309;0.2604548956140107;0.2697686431695061;0.04832206035952691;0.4210839274098852;0.43013273281786724;0.044682721779774504
2022-08-06 10:35:05.360;0.011048266873513346;681.2526159722984;0.7837553027433103;0.1014054957943813;0.0980641384585077;-0.02126746900558185;0.2625256775013227;0.27208298573780354;0.04968079562022609;0.4262608821283642;0.4356264008335984;0.04640906641795706
2022-08-06 10:35:05.380;0.021163963688321796;681.816853119315;0.7844044361860464;0.09105158635742328;0.08727051833127675;-0.02359601175188253;0.2645964593886916;0.27439737459972235;0.05103978135552811;0.4262608821283642;0.4356264008335984;0.04640906641795706
2022-08-06 10:35:05.400;0.031475252379812746;682.3810730680634;0.7850535498428269;0.08069767692040841;0.07647707877404386;-0.0259236724098022;0.26666724127617414;0.2767118097626522;0.05239901760476684;0.4262608821283642;0.4356264008335984;0.04640906641795706
2022-08-06 10:35:05.420;0.04196822878985529;682.9452825446715;0.7857026514518072;0.07034376748339355;0.06568381972087067;-0.028250451276966793;0.268738023163543;0.27902629123403955;0.053758504407109164;0.4262608821283642;0.4356264008335984;0.04640906641795706
2022-08-06 10:35:05.440;0.052631674247445415;683.5087395906085;0.7863508874178312;0.0637769235852943;0.05884725986740236;-0.029674906237762144;0.2745960059049608;0.28530756956619285;0.05607399714922234;0.43005295432834956;0.43957219061394426;0.04722478131581287
2022-08-06 10:35:05.460;0.06345620581683847;684.0707072045407;0.7869974098488104;0.06963504788620867;0.06637727731796517;-0.020178584569817914;0.27838342951398687;0.28917522106790017;0.05645857054715542;0.4338452495698597;0.4435182383959386;0.04804067280082869
2022-08-06 10:35:05.480;0.07440205814631212;684.631934306417;0.7876430803487482;0.07170588390130206;0.06995257605987248;-0.011572029781756754;0.27838342951398687;0.289075858209209;0.05588718080806565;0.43039385621142756;0.4397574685573886;0.04632659412504481
2022-08-06 10:35:05.500;0.08546479238088983;685.1931648599057;0.7882887548196353;0.0737767199163386;0.07352993862789603;-0.0029535895315664362;0.27838342951398687;0.28897649519527846;0.055315790826069744;0.42694246285305226;0.43599679181676265;0.044613014308603205
2022-08-06 10:35:05.520;0.09663168306406639;685.7543988669713;0.7889344332637317;0.07584755593137515;0.07710936745538888;0.005676750520859919;0.27838342951398687;0.28887713202627907;0.05474440060105756;0.4234910694945633;0.43223620814973174;0.04289993322522534
2022-08-06 10:35:05.540;0.10789238377957522;686.3147716289022;0.7895791208779575;0.08030800208018718;0.08324820039657865;0.015236897013831019;0.2807730396477055;0.29134363729694;0.05513815255350352;0.4258836679215996;0.4347795887882171;0.04372307791267449
2022-08-06 10:35:05.560;0.1192451825685576;686.8734222331186;0.790221827215034;0.09822922714425886;0.10292605731862281;0.02498664921355953;0.2831627384547133;0.2940028136012316;0.056639329946036376;0.4282763551328834;0.43732308693512323;0.04454637353049229
2022-08-06 10:35:05.580;0.13065531391559354;687.4312217045881;0.7908635543561587;0.11366722398781803;0.11995384866250092;0.03382464466734536;0.28306921906537497;0.29400101653275357;0.057168670747148376;0.42818271879429304;0.43722819733358165;0.044540808056333425
2022-08-06 10:35:05.600;0.1421055372516492;687.9890372820009;0.7915053000265605;0.1291052109429529;0.13698394490043242;0.042675156256347435;0.2829756998118924;0.2939992191998968;0.05769801014289211;0.42808908259161527;0.43713330787107907;0.04453524259455399
2022-08-06 10:35:05.620;0.15357268147531414;688.5468689670743;0.7921470642282149;0.14454318800989086;0.15401634898406869;0.05153819962445905;0.28288218069426563;0.293997421602775;0.05822734813329156;0.42799544652490695;0.4370384185478997;0.044529677145180635
2022-08-06 10:35:05.640;0.1650027019937827;689.1055842629648;0.7927898449906096;0.13998392399645354;0.15120915125018186;0.06169495817165682;0.28039430041119573;0.2913313884575146;0.057253331075497016;0.4255044550581637;0.43439507809728184;0.04369926273121294
2022-08-06 10:35:05.660;0.17638293492882073;689.666027985535;0.7934346142423602;0.1354247916687541;0.14840475406739628;0.07186757627785223;0.2779065162382963;0.2886654861243656;0.056279496785954564;0.4230135598217011;0.43175186348912575;0.042869003552667984
2022-08-06 10:35:05.680;0.18767661531584878;690.2283135995458;0.7940815025203718;0.13044799985721056;0.14516161525940774;0.08192770941628158;0.2750011176009153;0.2855573359495125;0.05517245615403077;0.42010452787889463;0.42866944464236667;0.041925167451291934
2022-08-06 10:35:05.700;0.1988403180547252;690.792547224286;0.7947306319108624;0.12547138067145625;0.14192124085692726;0.09200328148336823;0.2720958500415591;0.28244936220503547;0.05406565390892659;0.41719562717799263;0.4255871957394106;0.04098153383626357
2022-08-06 10:35:05.720;0.20982883833794552;691.3587221135749;0.7953819946526068;0.1204949340980761;0.1386836339533737;0.10209431202392683;0.26919071354954127;0.27934156486882245;0.05295908999255339;0.4142868577084222;0.42250511676002134;0.04003810265845864
2022-08-06 10:35:05.740;0.22059723187300453;691.9258647416937;0.79603447074118;0.11842416377351128;0.13619022219935673;0.09970574348263295;0.26711994322486277;0.2770519472804054;0.05174251997634105;0.4142868577084222;0.42250511676002134;0.04003810265845864
2022-08-06 10:35:05.760;0.2310994080502739;692.4930049386385;0.7966869440327797;0.11635339344888962;0.13369697078055864;0.09731807367764045;0.2650491729002411;0.27476236902115403;0.05052616168768154;0.4142868577084222;0.42250511676002134;0.04003810265845864
2022-08-06 10:35:05.780;0.24129113663963547;693.06068155518;0.7973400344547854;0.11262101213100095;0.1294325448397693;0.094333158388066;0.26131708837917955;0.27069794626672916;0.04869054121580607;0.4126234303187779;0.42074450684862086;0.03950962960627091
2022-08-06 10:35:05.800;0.2511375663203367;693.6294324100527;0.7979943607472577;0.10888869742439056;0.12516845200300608;0.09134971431514582;0.2575850704617224;0.266633690730238;0.04685545742983699;0.41096004584369794;0.41898395209926775;0.038981220533598204
2022-08-06 10:35:05.820;0.26060815322212816;694.1992554451353;0.7986499205424065;0.10515644932598889;0.12090469214362187;0.08836774077993326;0.253853119144857;0.26256960237979143;0.045020910179920826;0.40929670428124965;0.4172234525081535;0.03845287543164666
2022-08-06 10:35:05.840;0.26969429019111435;694.7696180599378;0.7993061011035628;0.11019302581087231;0.12942175636421993;0.10827379078308041;0.25371288641336065;0.2624271822506685;0.04501116835964769;0.4091562911668838;0.41708116380931415;0.03844454782196216
2022-08-06 10:35:05.860;0.27836836664864545;695.3399886853804;0.799962290880657;0.11522959759065543;0.13794964556367617;0.1282421843258481;0.25357265398734086;0.2622847624353213;0.0450014265719183;0.40901587835822184;0.4169388754232273;0.038436220240039454
2022-08-06 10:35:05.880;0.2866265181953758;695.9098876058488;0.8006179379790646;0.12182797924839406;0.14815146334992946;0.14882429630732386;0.25499387380151717;0.26380754780459625;0.04555675858390096;0.4104389263038719;0.41844886806603654;0.038910157229027575
2022-08-06 10:35:05.900;0.2944698804275754;696.4788138718504;0.8012724660753895;0.1284264430641997;0.1583649753005396;0.1694730583159183;0.2564151249845068;0.2653303758481016;0.04611215014293091;0.4118620056585236;0.419958901774919;0.03938414484484465
2022-08-06 10:35:05.920;0.3018851490093184;697.046761101934;0.801925867828014;0.11535273887625408;0.14506447713690918;0.1684284434195522;0.25990717071264413;0.2690930698736693;0.04759791820104908;0.413285116423598;0.4214689765522053;0.03985818309358535
2022-08-06 10:35:05.940;0.30891390626582294;697.6141344150601;0.802578609310941;0.100922879167058;0.13032067400476066;0.1669096168387636;0.2620434075156268;0.27141091190626554;0.048599041943063526;0.41335067333381303;0.42154524453707154;0.03991846549602851
2022-08-06 10:35:05.960;0.31558119201789975;698.1813512434674;0.8032311707641325;0.08649301297407419;0.11557695347041985;0.16539115583895025;0.26417964532081584;0.27372878429984127;0.04960032173182416;0.41341623031064856;0.4216215127012788;0.0399787485233043
2022-08-06 10:35:05.980;0.3219128358463932;698.7484823271734;0.8038836335712967;0.07184183231845509;0.10059738312676458;0.16379336482339735;0.2660945808936859;0.2758104264008594;0.0505202239992979;0.4132602057883368;0.4214634030059301;0.03996948989397797
2022-08-06 10:35:06.000;0.3279363541596219;699.3155984202531;0.8045360791323135;0.05719066762958391;0.08561792554919734;0.16219597353245607;0.26800951461658684;0.2778920911713172;0.051440256831757125;0.4131041816437495;0.4213052936970598;0.039960231299002835
2022-08-06 10:35:06.020;0.33369436883411224;699.8827067390594;0.8051885157493237;0.05910560507032869;0.08543887401875949;0.15011916361229183;0.2657829249488728;0.27554354699018546;0.050784033700425724;0.4129481578767731;0.4211471847747248;0.03995097273836379
2022-08-06 10:35:06.040;0.33919561771315204;700.4495282698554;0.8058406224276025;0.0620085862834685;0.08631203043116997;0.13839220952066533;0.2645443905684388;0.27424502564398523;0.050464150153011644;0.4137814369048023;0.42203138859650835;0.04022856169260525
2022-08-06 10:35:06.060;0.3444575641105308;701.015776492357;0.8064920695364275;0.06491159014660752;0.08718880842897292;0.1266864530374887;0.263305855049488;0.27294650529334064;0.05014427637058372;0.41461472670215826;0.42291560649960047;0.040506168009328825
2022-08-06 10:35:06.080;0.3494852927181394;701.5837338654164;0.8071454829581612;0.06107898032377079;0.08087171737983212;0.11247902528059406;0.2553318264535065;0.2644361197209051;0.047221236433652614;0.4087039195844717;0.4165459765153514;0.0379775069909023
2022-08-06 10:35:06.100;0.3542935458590988;702.1556691692604;0.8078034728384261;0.05724682728515518;0.07456080499977347;0.09830450727861084;0.2473584233640409;0.25592665288926497;0.04429972634632673;0.4027936542985948;0.41017713509216946;0.03545016105555021
2022-08-06 10:35:06.120;0.3588899802315909;702.7315587104604;0.8084660119188313;0.06169771543443403;0.07621873608647078;0.08216218767444428;0.24404459945154855;0.2523765721620421;0.043008046477258866;0.39688393075630657;0.4038090820004072;0.03292412947019141
2022-08-06 10:35:06.140;0.3632655815338107;703.3094313556867;0.8091308324852229;0.07205094603466478;0.08418697716600931;0.068251031244694;0.2466329071015494;0.25514508105832334;0.043992028866954414;0.39688393075630657;0.4038090820004072;0.03292412947019141
2022-08-06 10:35:06.160;0.36739748265366207;703.8873050327165;0.8097956542386653;0.08240417663495236;0.09216025423827645;0.0543701987057581;0.24922121475166392;0.2579136184983568;0.0449761597576126;0.39688393075630657;0.4038090820004072;0.03292412947019141
2022-08-06 10:35:06.180;0.3712623624638646;704.4651905164574;0.8104604895752809;0.09255796638115044;0.09993547309963091;0.040502550151763295;0.25161011004738754;0.2604789661066107;0.04594258679931329;0.3966842690296666;0.40360616226172397;0.03290889486569881
2022-08-06 10:35:06.200;0.3748294404458645;705.0430898589184;0.8111253408558288;0.09649981268501051;0.1040238768625521;0.04126850483080968;0.25141069831060037;0.26015176134249174;0.045211691288118416;0.3964846079213693;0.4034032431625292;0.03289366035173291
2022-08-06 10:35:06.220;0.3780705869589456;705.6210012283045;0.8117902059728977;0.10044165390661419;0.1081122953247835;0.04203455362637687;0.2512112871914738;0.25982455790691716;0.044480799908385826;0.3962849474314716;0.4032003247029934;0.03287842592833368
2022-08-06 10:35:06.240;0.38095047481347555;706.1989203326448;0.8124550799887382;0.10434921194973867;0.11216660547310298;0.04280225192958298;0.2509776049611574;0.2594632461109896;0.04375153790346431;0.4012275734111803;0.40875583517629366;0.03630739442346975
2022-08-06 10:35:06.260;0.38343282172992366;706.7768428799827;0.8131199579656171;0.10825676416163788;0.11622092959347796;0.04357004462628744;0.2507439235789448;0.25910193583261076;0.0430222796122095;0.406170191890741;0.4143116543461929;0.039738082689165566
2022-08-06 10:35:06.280;0.3854839730268297;707.3543827654721;0.813784395704549;0.11354192321027767;0.12173468275656418;0.04478134596482786;0.25188756044671123;0.2602032764135984;0.042755903220685454;0.4073152997792171;0.41552674331188655;0.04011955566915937
2022-08-06 10:35:06.300;0.38706279904114216;707.931150883036;0.8144479455537467;0.1126151707144345;0.1222557821542658;0.05312008616932484;0.2509605627763918;0.2592634318575975;0.04270077284027973;0.40846042800587057;0.4167418588705232;0.04050106144005472
2022-08-06 10:35:06.320;0.388145902907164;708.5071437095539;0.8151106034599938;0.11168842219035469;0.1227787947924206;0.06146999076443738;0.25003356907345875;0.2583235889139601;0.04264562848897313;0.4096055765713835;0.4179570010232396;0.04088260000500554
2022-08-06 10:35:06.340;0.3887163622736034;709.0804656551845;0.8157701886190551;0.11604208049919862;0.12896240235070522;0.07190229193297082;0.25438585041749917;0.2630558542831878;0.0447428326775281;0.41603692042383855;0.42479495112894483;0.04310280125544619
2022-08-06 10:35:06.360;0.38875378035445807;709.6492031645685;0.8164244995580487;0.12039628787124457;0.13514977025331731;0.08235294132971127;0.2587386806872374;0.2677888366288599;0.04684093793126731;0.4224689058422122;0.431633751539664;0.04532409964304129
2022-08-06 10:35:06.380;0.38824991509302187;710.2156454123688;0.8170761698856227;0.11820084954013055;0.13433012483531215;0.09030287061035835;0.2565432690807725;0.2654968645548834;0.0463300709529495;0.41199031458802793;0.4205203047984014;0.041865241588094904
2022-08-06 10:35:06.400;0.38722374309940066;710.782081354635;0.8177278329589189;0.12014691931887;0.13669633810652826;0.092679544612424;0.25641861254067777;0.26539507138043206;0.04646407801645758;0.4015117324837014;0.409407279469292;0.03840852128501293
2022-08-06 10:35:06.420;0.38569127638593137;711.3485192951557;0.8183794983311311;0.12209298755738018;0.13906270841462387;0.09505710935664968;0.2562939562418265;0.26529327834939664;0.04659808466254667;0.391033159529119;0.39829467531666296;0.034953937567517634
2022-08-06 10:35:06.440;0.38368660014792244;711.9158360340589;0.8190321747275597;0.12161519918390695;0.1388311638333697;0.09648169930815875;0.2537460165805001;0.2625880350208618;0.045745018118841685;0.38848212450392694;0.39558789680364725;0.03410492285968392
2022-08-06 10:35:06.460;0.38126157139451855;712.4849056661842;0.8196868677611738;0.12113747523449092;0.1385997307685578;0.09790656739033121;0.2511981777347856;0.2598829199452908;0.044892093770434904;0.3859311904168443;0.3928812502372807;0.03325607072629122
2022-08-06 10:35:06.480;0.3784812416270705;713.0548513438043;0.8203425686519115;0.12305234429942402;0.1409347618266814;0.10028391924392732;0.2510423700324864;0.25974948157418254;0.04502389150122976;0.385775193431531;0.392723171615728;0.033246827534098244
2022-08-06 10:35:06.500;0.37540281668036873;713.6247920221867;0.8209982637912158;0.10995453856412496;0.12918203830733077;0.10827139139776065;0.2508865627071728;0.25962224336470996;0.045191344091572994;0.3856191968238285;0.3925650933806537;0.03323758437619784
2022-08-06 10:35:06.520;0.3721262640274775;714.1947207997946;0.82165394523913;0.09685674712369519;0.11743090302243431;0.11626875925146063;0.2507307557589016;0.25949500537920045;0.045358796030085635;0.38546320059350947;0.39240701553171675;0.03322834125255181
2022-08-06 10:35:06.540;0.36874769206670843;714.7636356275543;0.8223084601761914;0.08683695475161812;0.10896464629737679;0.12539568186940198;0.25365257657055196;0.2626566580214913;0.046678919488940984;0.39874223736257264;0.4063499495488827;0.03680591029743141
2022-08-06 10:35:06.560;0.365359597250979;715.3305309244242;0.8229606517195412;0.07681703397582851;0.10050046808705915;0.13453609068799555;0.2565745299670894;0.265818503767413;0.04799936514324976;0.4120216156856067;0.4202936462791058;0.04038558631314526
2022-08-06 10:35:06.580;0.3620772827579712;715.8960007297646;0.8236112032889384;0.08609133468667096;0.10932402058093871;0.13176231349994794;0.2658487598461434;0.2757034162205301;0.05132346597128201;0.41301407557404346;0.42135719506921987;0.04077604116618527
2022-08-06 10:35:06.600;0.35897732820932887;716.4606419830307;0.8242608016405915;0.0953657073214913;0.1181477997886553;0.1289896174940317;0.27512306164803846;0.28558872437120186;0.05464923644022601;0.41400655073852377;0.4224207652611085;0.04116652851186764
2022-08-06 10:35:06.620;0.3561459779824494;717.0244534191079;0.8249094453190339;0.10464015188199483;0.12697180568275357;0.12621800238412995;0.28439743537465034;0.29547442836915394;0.05797667727222322;0.4149990411796729;0.4234843568559654;0.04155704835312157
2022-08-06 10:35:06.640;0.35366502703283526;717.5878599402859;0.8255576231582386;0.11282973934913798;0.1346290270143662;0.12299699821105747;0.2925870295232258;0.3041909721376683;0.06084072197060042;0.4149054241226544;0.4233894879747595;0.04155148960847299
2022-08-06 10:35:06.660;0.3516011954766702;718.1512669340955;0.8262058015411878;0.1210193216069797;0.1422864847578147;0.1197775855436749;0.30077661846244297;0.31290774570917534;0.06370597258317723;0.41481180720154853;0.4232946192325926;0.041545930876171866
2022-08-06 10:35:06.680;0.3499906468921701;718.7158696370243;0.8268553555421396;0.1196420710689381;0.13956426096316576;0.1120742579624956;0.28904586708936364;0.3004262444181123;0.05962698254774601;0.41136011201752254;0.4196319437312468;0.04039588350142154
2022-08-06 10:35:06.700;0.34888051288293276;719.2828515454676;0.8275076467288204;0.11826495584296026;0.1368438575194908;0.10438065730361412;0.2773154973491856;0.28794562703715343;0.05555057600026103;0.407908601610135;0.4159695098320526;0.039246134036492464
2022-08-06 10:35:06.720;0.34828732451673;719.852202674585;0.82816266361405;0.11688797591523326;0.13412527246910244;0.0966967720975136;0.26558550920842805;0.27546589323120685;0.051476751467623316;0.40445727596182124;0.41230731750056293;0.03809668239472863
2022-08-06 10:35:06.740;0.34821147421605697;720.423295440145;0.8288196841859669;0.11722865844541275;0.13324959486513066;0.08969920408635801;0.2555730616838119;0.2648321902873718;0.04810679435483056;0.4027254537600733;0.41047417029392363;0.037545611110364696
2022-08-06 10:35:06.760;0.34863257466669223;720.9955061222645;0.8294779908784959;0.11756936272502116;0.13237529002762116;0.08270951414236904;0.24556075949718803;0.25419896538651443;0.044738537397616795;0.40099367807608033;0.40864108291600587;0.036994609373729226
2022-08-06 10:35:06.780;0.3495294648368165;721.5682807556223;0.8301369463755406;0.1305110842955628;0.14362953127405476;0.072759122794265;0.24814910381130773;0.25687457697447513;0.04518803725777243;0.40099367807608033;0.40864108291600587;0.036994609373729226
2022-08-06 10:35:06.800;0.3508398242520805;722.1410664727373;0.8307959146240278;0.14345280586616127;0.1548862728275502;0.06282418495715358;0.2507374481254274;0.2595501839976251;0.04563750323826721;0.40099367807608033;0.40864108291600587;0.036994609373729226
2022-08-06 10:35:06.820;0.35250274554145977;722.713863275836;0.8314548956265188;0.15639452743675974;0.16614551160759206;0.052904679976500724;0.2533257924395471;0.26222578645226946;0.046086935317065425;0.40099367807608033;0.40864108291600587;0.036994609373729226
2022-08-06 10:35:06.840;0.35445113568606784;723.2855856947499;0.8321126405907439;0.17246954348064492;0.18075745627200135;0.044186242220645155;0.25904620024588354;0.26825995331282826;0.04777553069559648;0.3937761691624395;0.4009850745388803;0.03460488148092988
2022-08-06 10:35:06.860;0.356573130955194;723.8551318501777;0.8327678818463485;0.16317866907093048;0.1704079071540967;0.03828322545801299;0.2621784160872167;0.2716435512767603;0.049157761085931284;0.3865585889627745;0.3933291873423741;0.03221615094301988
2022-08-06 10:35:06.880;0.3588142995249463;724.4235816452929;0.8334218617809855;0.15069200266810867;0.15664615071684906;0.031198161084923903;0.2621160901275985;0.27160507293425695;0.04929616554302729;0.3864961895160981;0.39326595532520514;0.03221245395219263
2022-08-06 10:35:06.900;0.3610908094338685;724.99201106275;0.8340758182718996;0.1382053416701865;0.1428858859387354;0.024121126320387987;0.2620537642282912;0.2715665945966421;0.04943456977729088;0.38643379012973256;0.3932027233697113;0.03220875696682768
2022-08-06 10:35:06.920;0.3633073178778027;725.5604268800598;0.83472975911636;0.12571868607710712;0.12912711130118382;0.017052113126566404;0.26199143838935157;0.271528116263859;0.04957297378875403;0.3863713908038484;0.3931394914760631;0.032205059986949
2022-08-06 10:35:06.940;0.36537645032973015;726.128485485191;0.8353832890017537;0.11429501789052665;0.11650181618292876;0.01036720111997358;0.2629919047466629;0.272624953011281;0.05010691747279328;0.3873730367877819;0.3942022629107669;0.03253827911138085
2022-08-06 10:35:06.960;0.36722307421432576;726.6958510839686;0.8360360216096152;0.11736641170386974;0.12074245900666014;0.017027116047361623;0.26192165347030283;0.27148193982512936;0.04971015436793724;0.38837469833413607;0.39526505468705864;0.032871523293059646
2022-08-06 10:35:06.980;0.36873586633520206;727.2626566012987;0.8366881098650086;0.12001075555383522;0.12453150702506477;0.023554174926576188;0.2604244121172101;0.2698848915337422;0.04916650428861047;0.39585133214251655;0.4032010767538736;0.03537663410244285
2022-08-06 10:35:07.000;0.3698244898778408;727.8290269716745;0.8373396975003313;0.1226551127087987;0.12832176744867851;0.030088089890542236;0.2589271676753029;0.26828784868823874;0.04862289832349731;0.4033279983859792;0.41113734959805015;0.03788287971128845
2022-08-06 10:35:07.020;0.37040041420802317;728.3949618507249;0.8379907841193972;0.125299483168817;0.13211324137452252;0.03662886732377757;0.2574299201442969;0.26669081128770955;0.04807933646945539;0.4108046970648651;0.4190738733129251;0.04039026057930428
2022-08-06 10:35:07.040;0.3703781953087878;728.9606801210248;0.8386416215383089;0.127183200593322;0.13509987522180822;0.04293042116480006;0.2551721933909121;0.2642859039157557;0.04727862555953166;0.4106174752676601;0.4188841489785773;0.040379148358164585
2022-08-06 10:35:07.060;0.3696910515557468;729.5264050961778;0.8392924666709;0.13734988708876017;0.14684353922902105;0.05179552244725727;0.2549852126528904;0.2640649926839629;0.047087279859766795;0.41043025401416244;0.4186944252006697;0.040368036186510636
2022-08-06 10:35:07.080;0.36826542574196874;730.0911665037784;0.8399422032555588;0.15052522333076013;0.16179462973783743;0.06174393378010645;0.25780592781487854;0.26705634360551045;0.04801148165235336;0.41325459749458915;0.42169139853155;0.04130904014167136
2022-08-06 10:35:07.100;0.36604218485591755;730.6539863707512;0.8405897061713453;0.16370088475599687;0.17674897167361436;0.07170844612958227;0.26062676654263583;0.2700478503227046;0.04893584999594669;0.41607906469960554;0.4246885336431774;0.04225024360581209
2022-08-06 10:35:07.120;0.36297907380532435;731.2148577770931;0.8412349674570582;0.17687687138732144;0.19170656939368413;0.08168908314981671;0.26344772884593937;0.27303951285197314;0.04986038492479761;0.41890365563921605;0.4276858305545943;0.04319164662649477
2022-08-06 10:35:07.140;0.3590284081799898;731.7750936018638;0.8418794975302736;0.1570703598221712;0.17371000480656207;0.09247637156242128;0.25606644623324115;0.2652018807287746;0.047385454901142765;0.4177332542244052;0.42629952288012873;0.04197393058179699
2022-08-06 10:35:07.160;0.3542309715640024;732.3359897279079;0.8425247872550665;0.13726401983757341;0.1557164222183154;0.10328151414747566;0.24868523495698724;0.2573644998529758;0.04491144419068771;0.4165628740553906;0.42491326384669037;0.0407563643761506
2022-08-06 10:35:07.180;0.34861415941504725;732.8972110434479;0.8431704510980439;0.11862694072056001;0.13896581307883693;0.11448909337190472;0.24247287525125927;0.2507692003261255;0.04283482827402718;0.4165628740553906;0.42491326384669037;0.0407563643761506
2022-08-06 10:35:07.200;0.34223818485263324;733.4584161983003;0.8438160963487629;0.09998986160348977;0.12221829733138279;0.12571614506343742;0.23626051554564498;0.24417402295879498;0.0407588344492682;0.4165628740553906;0.42491326384669037;0.0407563643761506
2022-08-06 10:35:07.220;0.33519080723646244;734.019605194997;0.8444617230101366;0.08135278248647637;0.1054738791452472;0.13696269819230533;0.23004815583986016;0.23757896772011833;0.038683462570953786;0.4165628740553906;0.42491326384669037;0.0407563643761506
2022-08-06 10:35:07.240;0.32759593159278866;734.5811192075562;0.8451077235899359;0.0719100820367089;0.09481937367442228;0.13018239539081478;0.23717188880093687;0.2452314843303398;0.04158058429322864;0.41540187811211027;0.4236902502960902;0.04042084140758995
2022-08-06 10:35:07.260;0.3195930506298301;735.1432989890673;0.8457544901116696;0.062467468754221045;0.08416628569508688;0.12340938822840108;0.24429557635173893;0.2528842008858092;0.04447899223091856;0.414240903074532;0.42246726279705626;0.04008534512170581
2022-08-06 10:35:07.280;0.3113541890492062;735.7058068883416;0.8464016341204483;0.05418438876762366;0.07474434167178501;0.11702494659163243;0.25257865633845;0.26176899581273716;0.047771817016680096;0.40733833641900574;0.4152450745339138;0.038371986182968776
2022-08-06 10:35:07.300;0.3030678992807354;736.2683056743044;0.8470487676447076;0.045901308780912586;0.06532356201020306;0.11064691494250578;0.2608617363250474;0.27065411135917117;0.05106631894076141;0.40043576976342266;0.4080229696086235;0.03665902942681942
2022-08-06 10:35:07.320;0.2949389406114614;736.8307953479452;0.8476958906855859;0.03761822879425836;0.055903945671982314;0.10427528761094251;0.2691448163118153;0.2795395476776221;0.05436249876918264;0.39353320310783957;0.40080094801618316;0.034946474848890574
2022-08-06 10:35:07.340;0.28719737131183853;737.3932839477566;0.8483430124910643;0.045901308780912586;0.06310335131010092;0.09788306213893616;0.26500327631843135;0.2750347202210506;0.052357254023652544;0.39353320310783957;0.40080094801618316;0.034946474848890574
2022-08-06 10:35:07.360;0.28003297626387225;737.9557795122018;0.8489901423090898;0.05418438876762366;0.07030378433446671;0.09149718942582474;0.2608617363250474;0.2705300081047781;0.05035262325587553;0.39353320310783957;0.40080094801618316;0.034946474848890574
2022-08-06 10:35:07.380;0.2736574766070051;738.5182887477495;0.8496372878552002;0.062467468754221045;0.07750524393471991;0.08511766403804089;0.25672019633183396;0.26602541129646085;0.0483486062978864;0.39353320310783957;0.40080094801618316;0.034946474848890574
2022-08-06 10:35:07.400;0.2682568606679361;739.0807982441984;0.8502844337014677;0.07075054874098896;0.08470772930197867;0.07874448054610994;0.25257865633845;0.26152092976347063;0.04634520298171907;0.39353320310783957;0.40080094801618316;0.034946474848890574
2022-08-06 10:35:07.420;0.2639837779304579;739.6433147080024;0.850931587563413;0.07903362872758635;0.09191123962719061;0.07237763352450433;0.24843711634506604;0.25701656347340673;0.044342413139485615;0.39353320310783957;0.40080094801618316;0.034946474848890574
2022-08-06 10:35:07.440;0.2609590076519771;740.2058329169304;0.8515787434330572;0.07696285873089437;0.08831602915287462;0.06365562863967256;0.24843711634506604;0.2569917638232724;0.044199790485207835;0.39353320310783957;0.40080094801618316;0.034946474848890574
2022-08-06 10:35:07.460;0.2592835061437887;740.7683476492894;0.8522258953030406;0.07489208873425923;0.08472290350433909;0.05494563356206239;0.24843711634506604;0.256966964163702;0.04405716781568714;0.39353320310783957;0.40080094801618316;0.034946474848890574
2022-08-06 10:35:07.480;0.2590027175572146;741.330858907073;0.8528730431756569;0.07282131873756725;0.08113186023026842;0.04624763383599628;0.24843711634506604;0.25694216449418406;0.04391454513087023;0.39353320310783957;0.40080094801618316;0.034946474848890574
2022-08-06 10:35:07.500;0.26011514632841937;741.8933666922749;0.8535201870531995;0.07075054874098896;0.0775428968815639;0.03756161502109023;0.24843711634506604;0.2569173648151164;0.043771922430791754;0.39353320310783957;0.40080094801618316;0.034946474848890574
2022-08-06 10:35:07.520;0.262571336069203;742.4558710068886;0.854167326937962;0.06867977874429698;0.07395601101196903;0.028887562692132995;0.24843711634506604;0.25689256512638536;0.043629299715409076;0.39353320310783957;0.40080094801618316;0.034946474848890574
2022-08-06 10:35:07.540;0.26625826642831285;743.0183644646386;0.8548144543323145;0.050560541273398485;0.05509550644640271;0.02497702314889949;0.2510255788409168;0.2597232611987934;0.04497000450388988;0.39353320310783957;0.40080094801618316;0.034946474848890574
2022-08-06 10:35:07.560;0.27105312189389674;743.5808396782159;0.8554615607374382;0.03244130380255683;0.03623551068951869;0.021068949698888062;0.25361404133676757;0.2625540077519659;0.046310979222859316;0.39353320310783957;0.40080094801618316;0.034946474848890574
2022-08-06 10:35:07.580;0.27677875782754846;744.143296647504;0.8561086461531989;0.014322066331715178;0.017376023430667686;0.017163340955877793;0.25620250383261833;0.26538480479465676;0.04765222392039714;0.39353320310783957;0.400698928664724;0.03436147663657252
2022-08-06 10:35:07.600;0.28322797160071667;744.7057353724158;0.8567557105794964;-0.003797171139126476;-0.0014829556410269618;0.013260195534331665;0.2587909663284691;0.26821565233630196;0.04899373864454759;0.39353320310783957;0.4005969093847739;0.03377647951548468
2022-08-06 10:35:07.620;0.2902035381260576;745.2681714005957;0.8574027719033062;0.008627448840911711;0.011800802662403242;0.01795957245151314;0.2587909663284691;0.2681412007131385;0.04856557921890303;0.39353320310783957;0.4004948901765033;0.03319148348561907
2022-08-06 10:35:07.640;0.29744081485189733;745.8306269848181;0.8580498557256012;0.0210520688209499;0.025085242299066834;0.02266250688774729;0.2587909663284691;0.26806674900249305;0.04813741965605711;0.39353320310783957;0.4004948901765033;0.03319148348561907
2022-08-06 10:35:07.660;0.30470068255304206;746.3930887156239;0.8586969466193074;0.03347668880093124;0.038370363745823255;0.027369001230530543;0.2587909663284691;0.26799229720470663;0.0477092599560347;0.39353320310783957;0.4004948901765033;0.03319148348561907
2022-08-06 10:35:07.680;0.3117449576991429;746.9555632982883;0.8593440522985897;0.045901308780912586;0.05165616747958879;0.03207905786876708;0.2587909663284691;0.26791784531966556;0.047281100118738095;0.39353320310783957;0.4004948901765033;0.03319148348561907
2022-08-06 10:35:07.700;0.31837020649387904;747.5180507331752;0.8599911727638666;0.058325928760950774;0.06494265397756394;0.036792679192727995;0.2587909663284691;0.26784339334736984;0.046852940144217925;0.39353320310783957;0.4004948901765033;0.03319148348561907
2022-08-06 10:35:07.720;0.3243841065165083;748.0805455248992;0.8606383016929056;0.058325928760950774;0.06686679474668367;0.04785260754883591;0.2587909663284691;0.26786821068115074;0.046995660150983554;0.39353320310783957;0.4004948901765033;0.03319148348561907
2022-08-06 10:35:07.740;0.3296552421109362;748.6430421794867;0.8612854327650984;0.058325928760950774;0.06879426832520252;0.058931936758463976;0.2587909663284691;0.2678930280053251;0.047138380142491165;0.39353320310783957;0.4005969093847739;0.03377647951548468
2022-08-06 10:35:07.760;0.3340793857853759;749.2055407001535;0.8619325659841447;0.058325928760950774;0.07072507965389363;0.07003069649758409;0.2587909663284691;0.26791784531966556;0.047281100118738095;0.39353320310783957;0.400698928664724;0.03436147663657252
2022-08-06 10:35:07.780;0.3375943235849821;749.7680410901303;0.8625797013537613;0.058325928760950774;0.0726592336796692;0.08114891648176314;0.2587909663284691;0.2679426626243995;0.04742382007975632;0.39353320310783957;0.40080094801618316;0.034946474848890574
2022-08-06 10:35:07.800;0.340182113691041;750.3305433526475;0.8632268388776646;0.058325928760950774;0.07459673535563738;0.09228662646624564;0.2587909663284691;0.26796747991947;0.04756654002550942;0.39353320310783957;0.40080094801618316;0.034946474848890574
2022-08-06 10:35:07.820;0.34185400567400404;750.8930453811408;0.8638739761323324;0.058325928760950774;0.07217538152459824;0.07836753546116348;0.2510255788409168;0.2596302458776236;0.04443507821023296;0.39353320310783957;0.40080094801618316;0.034946474848890574
2022-08-06 10:35:07.840;0.34266519360704084;751.4555450699772;0.8645211106953135;0.058325928760950774;0.06975925646170467;0.06447888595553497;0.24326019135336452;0.25129330172561737;0.04130513522580426;0.39353320310783957;0.40080094801618316;0.034946474848890574
2022-08-06 10:35:07.860;0.342687412433193;752.0180424241917;0.8651682425724005;0.058325928760950774;0.06734835049755006;0.05062061986268507;0.23549480386592592;0.24295664733225664;0.03817671041006232;0.39353320310783957;0.40080094801618316;0.034946474848890574
2022-08-06 10:35:07.880;0.3420261285498776;752.580544154298;0.8658153794837853;0.058325928760950774;0.06494265397756394;0.036792679192727995;0.22772941637837363;0.2346202825664605;0.035049803101109944;0.39353320310783957;0.40080094801618316;0.034946474848890574
2022-08-06 10:35:07.900;0.3407880190860011;753.1430388304798;0.8664625082798975;0.062467468754221045;0.06662791384828992;0.022594415500694964;0.2360124963650847;0.2435289343630771;0.03848022897573866;0.3883562781161949;0.3953079996938982;0.03322372625852843
2022-08-06 10:35:07.920;0.3390582779897592;753.7055351394592;0.8671096389544813;0.066609008747605;0.06831858991116846;0.008428087763050485;0.24429557635173893;0.2524379344338641;0.04191248506515155;0.3831793531245502;0.38981515367964903;0.03150150876351265
2022-08-06 10:35:07.940;0.33693241296646304;754.268033086475;0.8677567715135639;0.07075054874098896;0.07001467199384237;-0.005706366517601147;0.25257865633845;0.2613472829523644;0.045346572249405526;0.3831793531245502;0.38981515367964903;0.03150150876351265
2022-08-06 10:35:07.960;0.33448282767264337;754.8305326767368;0.8684039059631387;0.07489208873425923;0.07171614993935904;-0.019809009732213667;0.2608617363250474;0.27025698009212107;0.04878249140890567;0.3831793531245502;0.38981515367964903;0.03150150876351265
2022-08-06 10:35:07.980;0.33175919611030646;755.393033915454;0.8690510423091989;0.07903362872758635;0.07342301360685255;-0.03387990416553688;0.2691448163118153;0.27916702602701804;0.052220243424550006;0.3831793531245502;0.38981515367964903;0.03150150876351265
2022-08-06 10:35:08.000;0.32879341044146515;755.9555400636527;0.8696981843034315;0.08731670871429742;0.08186706812133693;-0.03311313130583393;0.26500327631843135;0.2747616150594254;0.05078669469421371;0.3831793531245502;0.38981515367964903;0.03150150876351265
2022-08-06 10:35:08.020;0.32557773376133237;756.5180543797251;0.8703453356944929;0.0955997887008948;0.09031114652381333;-0.03234626383713213;0.2608617363250474;0.27035626314157213;0.04935344865742408;0.3831793531245502;0.38981515367964903;0.03150150876351265
2022-08-06 10:35:08.040;0.3220901469099027;757.0805768635546;0.8709924964822493;0.10388286868760588;0.09875524881752185;-0.03157930174905399;0.25672019633183396;0.26595097026282843;0.047920505261561;0.3831793531245502;0.38966223565432756;0.030624622922403866
2022-08-06 10:35:08.060;0.3182924717337934;757.6431075150686;0.871639666666617;0.11216594867426011;0.10719937500547516;-0.030812245031221153;0.25257865633845;0.2615457364119962;0.04648786445384445;0.3831793531245502;0.38950931778958875;0.029747739533152462
2022-08-06 10:35:08.080;0.31413782588462547;758.2056463341505;0.8722868462474618;0.12044902866091434;0.1156435250909702;-0.0300450936734018;0.24843711634506604;0.2571405615782183;0.045055526181708494;0.3831793531245502;0.38950931778958875;0.029747739533152462
2022-08-06 10:35:08.100;0.30957020908610666;758.7681893027402;0.872934030602158;0.12044902866091434;0.11577944716352917;-0.02926409519015838;0.25257865633845;0.2615457364119962;0.04648786445384445;0.3831793531245502;0.38950931778958875;0.029747739533152462
2022-08-06 10:35:08.120;0.3045548565962074;759.3307324028065;0.873581215108113;0.12044902866091434;0.11591538606912977;-0.02848299877298377;0.25672019633183396;0.26595097026282843;0.047920505261561;0.3831793531245502;0.38950931778958875;0.029747739533152462
2022-08-06 10:35:08.140;0.29908381285639907;759.8932823404102;0.8742284074803957;0.12044902866091434;0.11605134180924992;-0.027701804411165654;0.2608617363250474;0.27035626314157213;0.04935344865742408;0.3831793531245502;0.38950931778958875;0.029747739533152462
2022-08-06 10:35:08.160;0.293162402371995;760.4558257034732;0.8748755922889185;0.12044902866091434;0.11618731438593599;-0.026920512093998816;0.26500327631843135;0.2747616150594254;0.05078669469421371;0.3831793531245502;0.38950931778958875;0.029747739533152462
2022-08-06 10:35:08.180;0.28681550109455844;761.0183691980565;0.8755227772487503;0.12044902866091434;0.1163233038007796;-0.02613912181077005;0.2691448163118153;0.27916702602701804;0.052220243424550006;0.3866306364523133;0.39317112979904323;0.03089541823394626
2022-08-06 10:35:08.200;0.2801116651380634;761.5809087232992;0.8761699576420064;0.11009517867762497;0.1079797530971085;-0.014389349298141951;0.26655635381596454;0.27642915627516373;0.05141348549234692;0.3900819197801333;0.3968329872586196;0.03204333287052563
2022-08-06 10:35:08.220;0.2731682101318481;762.1434401800288;0.8768171287527441;0.09974132869427876;0.09963984172233253;-0.002617548672750658;0.2639678913201138;0.2736913040769551;0.05060681538886325;0.39353320310783957;0.4004948901765033;0.03319148348561907
2022-08-06 10:35:08.240;0.26612789758745115;762.7059635716505;0.877464290584881;0.08938747871093256;0.09130357521447863;0.009176315761982856;0.261379428824263;0.27095346943108467;0.0498002331081997;0.39353320310783957;0.4004948901765033;0.03319148348561907
2022-08-06 10:35:08.260;0.25916415297111917;763.2684789015839;0.8781114431423511;0.07903362872758635;0.08297095911833807;0.020992279752602983;0.2587909663284691;0.26821565233630196;0.04899373864454759;0.39353320310783957;0.4004948901765033;0.03319148348561907
2022-08-06 10:35:08.280;0.2524836210076834;763.8304425449096;0.8787579610052981;0.08194113379641976;0.08719023016018568;0.02847529512272473;0.2554862760395409;0.2648103815596201;0.048482227228809904;0.3922977749592782;0.39931796638938977;0.033548290404437076
2022-08-06 10:35:08.300;0.24629250701218375;764.3913098160483;0.8794032175336165;0.08484862723901188;0.09141106469334304;0.03596732474063735;0.25218162702910973;0.26140515635561457;0.04797072852768558;0.3910623704824765;0.3981410661449445;0.03390509946597664
2022-08-06 10:35:08.320;0.2408100496737452;764.9510785908424;0.8800472102835435;0.08775610905593112;0.09563346437081677;0.04346837823769878;0.2488770192959251;0.25799997672434216;0.047459242547065905;0.38982698967675233;0.3969641894421443;0.03426191066915241
2022-08-06 10:35:08.340;0.23626223120410583;765.5103001774332;0.8806905735141912;0.09189759614304194;0.10102577792636325;0.05057708899054525;0.2468062757523981;0.25576017939628315;0.04652892554978294;0.384650130817878;0.3914713606955047;0.03253943551967975
2022-08-06 10:35:08.360;0.23283675061414577;766.0695269498319;0.8813339427109141;0.09603908323015276;0.10641950665458566;0.057693830652146616;0.24473553220875743;0.2535204073724131;0.04559874250312568;0.3794732719590037;0.38597863423717627;0.03081749136785117
2022-08-06 10:35:08.380;0.2307175612036625;766.6286080683421;0.8819771443383614;0.09199427219095924;0.10459380556906339;0.07052688830077525;0.24690293660322737;0.2558332812928725;0.0463914802861618;0.37957004955081075;0.38609767266956396;0.03094347414674825
2022-08-06 10:35:08.400;0.23006176799778888;767.1873726175763;0.8826199817648602;0.087949458533501;0.10277251628249573;0.08338600525647966;0.2490703425239431;0.2581461740967157;0.047184307250291546;0.3796668272876822;0.3862167117064246;0.03106945950646889
2022-08-06 10:35:08.420;0.23096621471365586;767.7458271001888;0.883262462471468;0.08390464225777805;0.10095564630804787;0.09627122777014208;0.25123774997118886;0.26045908578593213;0.04797722340287969;0.3797636051695612;0.3863357513480423;0.031195447447014857
2022-08-06 10:35:08.440;0.23350154955570612;768.304124548893;0.8839047625165188;0.07915541154693528;0.09840434547887966;0.108998407773651;0.2527008125622743;0.2620321107548662;0.048579991137820855;0.3791552012664887;0.38571922634338307;0.031159378673055294
2022-08-06 10:35:08.460;0.23768778503569965;768.8624180795377;0.8845470580539908;0.0744062039424307;0.09585734872902307;0.1217509361302822;0.2541638722035273;0.2636051419278047;0.04918280621100646;0.3785468031055679;0.3851027072150828;0.03112331042114569
2022-08-06 10:35:08.480;0.2434768843844629;769.4207035341606;0.8851893443003057;0.05368948452388622;0.07629329914598415;0.12878481835873856;0.24380083777223405;0.25248919736700515;0.04506258847796918;0.37853744196860717;0.3850927749663242;0.031120196984411486
2022-08-06 10:35:08.500;0.2508066747303125;769.978976752689;0.8858316164694582;0.03297276644309477;0.05673037419225224;0.13582626323621216;0.2334378040106131;0.24137375515349646;0.04094499504156257;0.37852808083295386;0.38508284271927096;0.031117083549845326
2022-08-06 10:35:08.520;0.2595505529748249;770.5372377350504;0.8864738745613643;0.012256049699885807;0.03716857472099022;0.14287527758548624;0.22307477091838024;0.23025881498941914;0.036830024402608075;0.3785187196986648;0.38507291047386616;0.03111397011746675
2022-08-06 10:35:08.540;0.26953624284019817;771.0954954107074;0.8871161288490323;-0.00900278692148504;0.01705598895327043;0.14988627236830254;0.2121695785305988;0.21859220802750912;0.0326710590345467;0.3779664817396373;0.38451151664844474;0.031070997797684186
2022-08-06 10:35:08.560;0.28059745830927896;771.6537755451209;0.8877584089746482;0.004940850410491748;0.03201336368348606;0.15544011360564802;0.21990098990526263;0.22688871627415352;0.03576504879963771;0.3774142485114602;0.38395012772110704;0.031028026195407676
2022-08-06 10:35:08.580;0.2924554950425795;772.2120823549558;0.8884007197893249;0.019186681596579547;0.04728051459190041;0.16103109962279571;0.22793462742496473;0.23549453056453018;0.03889350163966743;0.37716465531224586;0.3836972030179595;0.031013229683096277
2022-08-06 10:35:08.600;0.30484629251964335;772.7704032211259;0.8890430467752822;0.03343248880645433;0.06254857955113025;0.1666269920545176;0.2359682516575745;0.2441006192499131;0.04202345525134188;0.376915063079597;0.3834442793039443;0.030998433258672797
2022-08-06 10:35:08.620;0.3174869559421676;773.3287381440823;0.8896853899330393;0.047678272040059255;0.07781755932014889;0.17222779471503635;0.24400186260320567;0.2527069824575747;0.04515491027103469;0.3766654718132294;0.38319135657877723;0.030983636922098157
2022-08-06 10:35:08.640;0.3301143929706065;773.8870304766097;0.8903276840921226;0.06235566520570046;0.09353568783697241;0.1779203808363805;0.2524670787479195;0.26176216785714956;0.04837648669463057;0.37684800892879267;0.38338502982651335;0.031044346306845938
2022-08-06 10:35:08.660;0.34243213387233107;774.4451924753739;0.8909698283071535;0.056325816048627075;0.08609623568045421;0.16993551701439547;0.2547201275082003;0.26419736189749443;0.04937837222533492;0.3770305465611763;0.38357870374966296;0.031105056523511365
2022-08-06 10:35:08.680;0.35420256183321097;775.0039772269738;0.8916126889757081;0.0478136618888243;0.07601973641331128;0.16110988444124885;0.2544908284717522;0.26399013005195826;0.049509922635861514;0.37472784232472023;0.38115039244326;0.030424505639225607
2022-08-06 10:35:08.700;0.36522579993003734;775.5641405435817;0.8922571356310317;0.039301688495811504;0.06594563431277933;0.15229662811392508;0.254261578717184;0.26378295091073056;0.049641491973028806;0.3724252203376217;0.3787221843674615;0.02974406377269556
2022-08-06 10:35:08.720;0.37533132259031554;776.1256789398249;0.8929031642633348;0.03078989585930003;0.05587392655925427;0.14349573232850243;0.25403237824097147;0.26357582447017336;0.049773080236891865;0.3701226805944806;0.3762940795131158;0.02906373090380221
2022-08-06 10:35:08.740;0.38440356895028605;776.6879003206777;0.8935499786435338;0.02457786545539875;0.04824726774026189;0.13548452375532083;0.25610305504225295;0.26581564252249024;0.050703861216258694;0.3701226805944806;0.3762940795131158;0.02906373090380221
2022-08-06 10:35:08.760;0.39240968549093047;777.2501267940315;0.8941967988824621;0.04528463346832723;0.0664078413421656;0.12043793353921561;0.2509263630391061;0.26027819881418424;0.04873403197626658;0.3701226805944806;0.3762940795131158;0.02906373090380221
2022-08-06 10:35:08.780;0.3993193658986465;777.8127678822275;0.8948440961200448;0.06443944575136129;0.08293659549448407;0.10496525226656672;0.24419782620359598;0.25310073420636314;0.046288443123162715;0.3685690059526827;0.374664979168017;0.028657999548350688
2022-08-06 10:35:08.800;0.405198877071423;778.3762201019199;0.8954923265336574;0.08359407364594063;0.09947125193948736;0.08953008237611737;0.2374693822173768;0.24592354508153136;0.043843801067374066;0.3670153687562596;0.3730359241588985;0.028252308778144553
2022-08-06 10:35:08.820;0.4101673624103942;778.9404823774894;0.8961414888858408;0.10274851715854538;0.11601179870077871;0.07413234419122983;0.2307410310771516;0.23874663136789565;0.041400105469251436;0.3654617690036197;0.37140691448325924;0.02784665858836277
2022-08-06 10:35:08.840;0.41437748734572466;779.5051511032725;0.8967911188435829;0.11032989929253745;0.12126238312103155;0.06058898645912869;0.22589875740872145;0.23360525520966036;0.039777781366439946;0.364759920745545;0.3706957077842503;0.027805097351775387
2022-08-06 10:35:08.860;0.4180374707139407;780.0698232125651;0.8974407526939244;0.11791124898434191;0.12651776594790576;0.04707446483775257;0.22105651141098548;0.22846398616034236;0.038155864597613665;0.3640580801292721;0.36998450890547474;0.0277635368087763
2022-08-06 10:35:08.880;0.4213885954602238;780.6337818928514;0.8980895657712462;0.12828840015572496;0.13472734553894483;0.03441715933141065;0.21900906840816248;0.2262779500219736;0.03740013246761542;0.3661545378193445;0.372208796085431;0.028460433091194837
2022-08-06 10:35:08.900;0.42464985397745236;781.1962882667067;0.8987367080250881;0.13866573916186553;0.14294121209982436;0.021784629359607344;0.21696163364314458;0.22409193985189546;0.036644492602945;0.3682510636898577;0.3744331723676737;0.02915743907142332
2022-08-06 10:35:08.920;0.4280165054902523;781.7573452540892;0.8993821828147512;0.14904326601219964;0.1511593593474707;0.009176834307798032;0.21491420711678444;0.2219059556487437;0.03588894499341233;0.3703476577446203;0.37665763776033145;0.029854554768853347
2022-08-06 10:35:08.940;0.43162804257773346;782.3188964371584;0.900028226157813;0.11994511638994254;0.12159662900407042;0.007067498208506606;0.21687775175443136;0.2240126324524354;0.03667249808968709;0.3609171727889624;0.366685545604696;0.02691130376325024
2022-08-06 10:35:08.960;0.43565936042337927;782.8828817778485;0.9006770699069184;0.09084797589144955;0.09203507763654883;0.004958704089021104;0.21884139455384144;0.22611943171430227;0.03745617954232383;0.35148712032730955;0.35671421141421433;0.023969737720058504
2022-08-06 10:35:08.980;0.44018582838435916;783.4480685052331;0.9013272958058614;0.06556435240628389;0.06653226450717042;0.004185515477098889;0.22461709865238078;0.23229566995596684;0.03964307864312033;0.35105045396636925;0.35627172726566414;0.023943899923531298
2022-08-06 10:35:09.000;0.4452041579711883;784.013229376993;0.9019774919588884;0.04028080668228995;0.04102956365388977;0.0034123900129614526;0.2303927870039857;0.23847203025881214;0.04183069296427;0.3506137905636173;0.3558292461442534;0.023918062395273942
2022-08-06 10:35:09.020;0.4506453298057015;784.5783643922405;0.9026276583649785;0.014997338718785613;0.015526975072841509;0.0026393276922602737;0.23616845960916777;0.2446485126633675;0.04401902270407998;0.35017713011911056;0.3553867680502094;0.023892225135283773
2022-08-06 10:35:09.040;0.45643405614671817;785.1462074358205;0.9032809402549814;0.04233184616992958;0.04407401125186183;0.009082923747504523;0.22623246674178432;0.23400662406064754;0.04016017006852479;0.3423026961257314;0.34703269839621953;0.021277214662560162
2022-08-06 10:35:09.060;0.4623077129102132;785.7194672095429;0.9039404538876199;0.06966540344296845;0.07262148269714075;0.015533367847580415;0.216297546999364;0.22336632265356826;0.03630401738856737;0.3344292239536948;0.3386798853319988;0.018663749807219077
2022-08-06 10:35:09.080;0.468024421228583;786.2954402360701;0.9046030890147284;0.10439649854691879;0.10909736274200199;0.0248907278867323;0.21375986238209777;0.22067739846321643;0.03548543095174139;0.33741231202919053;0.34186681003996;0.019781411911529823
2022-08-06 10:35:09.100;0.4732979458869432;786.8714482216528;0.9052657643609047;0.1391274835273748;0.14557594990830225;0.03426221040080968;0.21122218783265367;0.21798850474059606;0.03466694863555908;0.3403953923702865;0.3450537694359923;0.020899296942431533
2022-08-06 10:35:09.120;0.47781754646478924;787.447491166582;0.9059284799264835;0.17385835838570074;0.18205724822760416;0.043647834328025326;0.20868452335069065;0.21529964148258074;0.033848570427960745;0.3433784649768121;0.34824076352725797;0.02201740493870652
2022-08-06 10:35:09.140;0.4812502601169618;788.0240294752803;0.9065917653892952;0.1595107213852316;0.16980971702937708;0.05599314383525211;0.2072781644926991;0.2137929722037839;0.03330002412804145;0.34197039754304015;0.34674694304209197;0.021549867510707976
2022-08-06 10:35:09.160;0.4833807930438774;788.6015021278508;0.9072561257793034;0.14516324075003695;0.15756618943967382;0.06836208402578414;0.2058718363544827;0.2122863446948955;0.03275153603725478;0.34056236086638947;0.3452531627406188;0.02108237951096026
2022-08-06 10:35:09.180;0.4839677157504436;789.1791113145373;0.9079206432466347;0.13269342982658827;0.14736038615430047;0.08161575535121912;0.20634223082348768;0.2128180722288917;0.03309480537437537;0.3410333268144008;0.34577655060070356;0.02137490958937871
2022-08-06 10:35:09.200;0.4828463136762454;789.7560528006215;0.9085843925497412;0.12022358031981639;0.13715911669512693;0.09489719655444873;0.20681262872816575;0.21334980665719883;0.03343809365380146;0.3415042962022916;0.3462999448486812;0.02166745573533646
2022-08-06 10:35:09.220;0.4799207686007835;790.3323298784308;0.9092473774763207;0.11655321476962399;0.13506068378321956;0.10400362600023438;0.20728303006874427;0.21385679053438622;0.03363900370548123;0.34197526903023245;0.34682334548455174;0.02196001794967728
2022-08-06 10:35:09.240;0.4751459662785319;790.9082739674413;0.9099099793119135;0.11166453350921302;0.13167523498813338;0.112739483333538;0.20653557301606185;0.21307294407049682;0.03344480052539822;0.33605072752164133;0.3405736522854568;0.020197300669732243
2022-08-06 10:35:09.260;0.4685614542604726;791.4842128378441;0.910572575143696;0.10677588229685853;0.12829181030869208;0.12148724832460811;0.20578812464200524;0.21228910707950632;0.03325060081155318;0.3301262214100724;0.33432410396932255;0.018435144886461252
2022-08-06 10:35:09.280;0.4602724594255425;792.0604728315739;0.9112355404156898;0.10167529290350785;0.12464308913498812;0.12993292118563549;0.20482878789008652;0.2112365952026849;0.03273405904054805;0.32916575344558296;0.3333051811065957;0.01811642801262625
2022-08-06 10:35:09.300;0.45043725140857993;792.6373799192006;0.9118992501446753;0.09657474523277187;0.1209962405133318;0.13838955656816587;0.2038694654328097;0.21018410609301696;0.032217562821984735;0.3282052997927316;0.33228627693910084;0.01779773412479191
2022-08-06 10:35:09.320;0.4392622262620276;793.214934323747;0.9125637045872317;0.09354468392513127;0.11928858171969736;0.14605100926729442;0.1987692679870534;0.20465356954063196;0.029845322227182614;0.3272448604509499;0.33126739146581485;0.017479063221061075
2022-08-06 10:35:09.340;0.42697251955084703;793.7940835984555;0.9132299938674349;0.08695068605851475;0.11381057365658975;0.15259657067264776;0.19010634439340635;0.195348265306599;0.026325247200474244;0.3227173645119059;0.32650000484824204;0.016181141888718997
2022-08-06 10:35:09.360;0.41381460383977176;794.3757690983839;0.9138992009785843;0.08035707055461216;0.10833396441270438;0.15914835108842418;0.18144386768816645;0.18604380488424255;0.02280726041379033;0.31819018658012865;0.32173301370681884;0.014883622234942884
2022-08-06 10:35:09.380;0.4000578626155301;794.9587265185764;0.9145698713857685;0.07828669054555348;0.1076571106458708;0.16720064680647084;0.17730310767010593;0.18154164793774186;0.020811942243272874;0.3216408199285219;0.3253935436438269;0.016028086872326597
2022-08-06 10:35:09.400;0.38592698472953857;795.5416763118628;0.9152405330184864;0.07621631053655165;0.10698196229665413;0.17526299122779498;0.17316234765198857;0.17703960578180755;0.018817235247341912;0.3250914532768583;0.32905411890334335;0.01717278682588752
2022-08-06 10:35:09.420;0.37161125238046855;796.1246244656286;0.915911192764998;0.07362833552531356;0.10438576248335707;0.17526704751008282;0.17316234765198857;0.17716312202262685;0.019527725606799606;0.32854208662530837;0.33271473949389474;0.018317722138309733
2022-08-06 10:35:09.440;0.35728704508796094;796.7084153705873;0.9165828220648015;0.06771371769781354;0.0982733697876732;0.17424731957835782;0.16983683378035863;0.17376864185192886;0.01919802970423845;0.32521229464828494;0.3292201212197483;0.0174297200299236
2022-08-06 10:35:09.460;0.34309570680535295;797.2938919031512;0.9172563906152486;0.06179933113867264;0.09216125079407433;0.1732277914699374;0.1665114917019892;0.17037433008236036;0.018868303473199788;0.32188267468558607;0.32572571243161974;0.016541911057093905
2022-08-06 10:35:09.480;0.329137261965579;797.8802075914791;0.9179309245825826;0.058588572465453126;0.088932752296639;0.17318947489049386;0.16588884887315913;0.1698654957919885;0.01953551610251303;0.321259230858292;0.32509398587012583;0.016505137246075385
2022-08-06 10:35:09.500;0.31546240188171604;798.4665198678922;0.9186054546246383;0.062106382563626994;0.08853517203655414;0.1506090539206566;0.17147718279492352;0.1758255640080293;0.02156120734578515;0.32063579306180046;0.32446226547938295;0.0164683639792651
2022-08-06 10:35:09.520;0.30208861519131647;799.0528301662634;0.9192799823910317;0.06562418088714139;0.08815104157818254;0.12810758347221274;0.17706549604006483;0.18178572614161936;0.02358748817624523;0.32001236129599775;0.3238305512595048;0.01643159125663818
2022-08-06 10:35:09.540;0.2890029400311177;799.641522158483;0.9199572502058878;0.06257966151389383;0.08073023655859046;0.10300937264394516;0.17609345178673408;0.18068375465063724;0.022859724324294284;0.30764491220793744;0.3107109642484147;0.012330467326347794
2022-08-06 10:35:09.560;0.27618574010541463;800.2349603419789;0.9206399783338399;0.059535738455338105;0.07332753542717896;0.07801251549206789;0.1751219009466709;0.17958232648690142;0.022132233808014767;0.29527852213181305;0.2975930824294437;0.008232715289335779
2022-08-06 10:35:09.580;0.2636129085569616;800.8296100834923;0.921324100313351;0.06665336003425182;0.07682920186007536;0.05708883153746047;0.1843088882136854;0.18939229841792127;0.025530448447820042;0.2982582631119648;0.30077901016750275;0.009364149692459023
2022-08-06 10:35:09.600;0.2512327314752738;801.4219477529914;0.9220055623416795;0.06549016831820609;0.07313451612057165;0.04256058658155393;0.1852151046862005;0.1904210436586382;0.02621695830812598;0.3012381418560075;0.3039651280290059;0.010495861345439117
2022-08-06 10:35:09.620;0.23902421776244154;802.0119606579901;0.9226843498166013;0.0643270291736826;0.06944550874029787;0.028064979108115118;0.18612141623365375;0.19144990408828022;0.026903578589649868;0.30421815837502564;0.3071514360389642;0.011627850322120992
2022-08-06 10:35:09.640;0.2269973039169797;802.6008107738526;0.9233617995467128;0.05925228557208584;0.061605762775879924;0.012270617071074241;0.1831171998544292;0.18831218046907594;0.02619624967315559;0.30328313437548005;0.3062040041722298;0.011572761560273648
2022-08-06 10:35:09.660;0.21518781216275862;803.1896435487506;0.9240392293267023;0.05417758222085922;0.05377298295476507;-0.003483995920502636;0.18011301037373784;0.18517449871544756;0.025488992631423457;0.3023481239419006;0.3052565861862604;0.011517674020888435
2022-08-06 10:35:09.680;0.20365049525885381;803.7784780056609;0.9247166610417832;0.05000590647665604;0.04686182150296858;-0.019149121151252224;0.1780116093450843;0.18295190247361148;0.024834247338912263;0.30231695312932416;0.3052235207226204;0.011507342837256296
2022-08-06 10:35:09.700;0.19251196062787446;804.3673330309757;0.9253941164200336;0.055150430811920614;0.05355188560215751;-0.010364874271004076;0.17798047525977978;0.18291855087083064;0.024822119783252994;0.30228578233192493;0.3051904552788187;0.011497011677814584
2022-08-06 10:35:09.720;0.18190788077426245;804.9562155121457;0.9260716033852041;0.06029495404965246;0.06024413312368537;-0.001568230398913073;0.1779493411894819;0.18288519928839975;0.024809992256077606;0.30225461154953237;0.3051573898544575;0.011486680542543759
2022-08-06 10:35:09.740;0.17202755507773304;805.5453874805899;0.9267494233945068;0.06375630660994602;0.06518812432497256;0.00688658330974512;0.17623554861675217;0.18109876069761555;0.02442668537393544;0.30053879813937456;0.3033794898683482;0.011160072239584373
2022-08-06 10:35:09.760;0.16310964490104585;806.1351107151058;0.9274278776145221;0.06721764357433813;0.07013408267883037;0.0153527333595731;0.17452180167092735;0.17931237474326878;0.024043413648485057;0.29882303041000924;0.3016016415443801;0.010833493807507644
2022-08-06 10:35:09.780;0.15542296247203113;806.7251102902883;0.9281066497539957;0.06721764357433813;0.07177707805228906;0.02479593512205902;0.1765920434369619;0.1815262972769247;0.024828141372068124;0.29882303041000924;0.3016016415443801;0.010833493807507644
2022-08-06 10:35:09.800;0.14926748132901158;807.3151115336877;0.9287854238126898;0.06721764357433813;0.07342251276335432;0.03425333486442561;0.17866228520299643;0.18374023802048356;0.025612963850289994;0.29882303041000924;0.3016016415443801;0.010833493807507644
2022-08-06 10:35:09.820;0.1449617904027336;807.905114447778;0.9294641997934503;0.06721764357433813;0.07507038991175463;0.04372495119972353;0.18073252696903097;0.18595419697593485;0.0263978810931933;0.29882303041000924;0.3016016415443801;0.010833493807507644
2022-08-06 10:35:09.840;0.1428395469318462;808.4935134168118;0.9301411304962421;0.07116518070239408;0.08098655368749164;0.05496373648823916;0.18674914959215272;0.19244522385677243;0.029005281850788656;0.3027739517456247;0.3059872616843222;0.013258875134852133
2022-08-06 10:35:09.860;0.1432121594695659;809.0786939587488;0.9308143585206964;0.07511295982033062;0.08690659650201482;0.06622336756415148;0.19276607053959793;0.1989367693484283;0.03161384887872121;0.3067251152786561;0.31037332056695277;0.0156853252453395
2022-08-06 10:35:09.880;0.14640045460022733;809.66226939833;0.931485739935753;0.07881756050949207;0.09116936612846516;0.06935956472426685;0.18611932053713787;0.19187651383746385;0.02936955483052195;0.3062887520829385;0.3099311600493593;0.015659583583278902
2022-08-06 10:35:09.900;0.15268064298630213;810.2458410554318;0.9321571169992106;0.0825221516917054;0.09543240789494334;0.07249732031049039;0.17947259217445577;0.18481642842269963;0.027126021322391836;0.30585239184188495;0.3094890025553241;0.015633842187948943
2022-08-06 10:35:09.920;0.162267076850231;810.8294158869758;0.9328284977147434;0.08622673336714115;0.09969572192451537;0.07563663500238338;0.17282588545121058;0.17775651305814932;0.02488324813276055;0.30541603455532496;0.3090468480843924;0.015608101059327417
2022-08-06 10:35:09.940;0.17534092506727217;811.4126835174466;0.9334995250070902;0.09129706710507435;0.10539565926259442;0.07915660571733074;0.1675443765390483;0.1721348826176623;0.02303327806902189;0.30634653453450156;0.3100339529012217;0.0159167551453816
2022-08-06 10:35:09.960;0.19199844338966954;811.9953332317018;0.9341698414102613;0.09636744083411486;0.11109600253737639;0.0826785804688015;0.1622628411924225;0.16651332360695648;0.021183810844418893;0.30727704794765387;0.3110210752652165;0.016225430801346974
2022-08-06 10:35:09.980;0.2122606538044567;812.5773889073535;0.9348394743945437;0.1031266191300233;0.11958995577330356;0.09251749580055435;0.16695145888420626;0.17154554992371374;0.02306585614829526;0.3009247188915687;0.30429717474987683;0.01420351241949458
2022-08-06 10:35:10.000;0.23605747402916433;813.1588744681867;0.9355084514833455;0.10988582559213;0.12808666140633918;0.1023718020929083;0.17164009690677773;0.17657790243666938;0.024948456132870334;0.29457236839511225;0.2975733930157958;0.012182318268093795
2022-08-06 10:35:10.020;0.2632331595186739;813.7397893267116;0.9361767720007816;0.11664506022111709;0.13658612317751917;0.11224152067721604;0.17632875526081904;0.18161038117612094;0.026831610946446816;0.28821999645839824;0.29084973001744174;0.010161848122880457
2022-08-06 10:35:10.040;0.2935470302162839;814.3204226295711;0.9368447685991007;0.12285600180319989;0.14448507732927496;0.12182163738729468;0.18046938298224546;0.18603852850200298;0.028401921792645446;0.28821999645839824;0.29084973001744174;0.010161848122880457
2022-08-06 10:35:10.060;0.32668016493434204;814.9010638187974;0.9375127742703858;0.12906694338533953;0.1523865788267038;0.13141616715637028;0.18461001070361505;0.19046674871092506;0.02997261188411038;0.28821999645839824;0.29084973001744174;0.010161848122880457
2022-08-06 10:35:10.080;0.36222345798851296;815.4811509498177;0.9381801425187137;0.11748573640960558;0.14157132852866638;0.1360467262026539;0.18079183793137332;0.18637054326573121;0.02845040337009941;0.2895791364425726;0.2923047903329916;0.010688677357693521
2022-08-06 10:35:10.100;0.3997639628670375;816.0601210443492;0.9388462256589176;0.10590443679762984;0.13075651737832672;0.14068075657707269;0.17697364527695214;0.18227438529439866;0.02692854718504467;0.290938305088563;0.2937598905676282;0.011215566285928347
2022-08-06 10:35:10.120;0.438822626105288;816.6379720314071;0.9395110213084076;0.09432304454685436;0.11994214570463768;0.1453182606966168;0.17315543274012413;0.1781782747824323;0.025407043257750672;0.2922975023977905;0.2952150307243073;0.011742514914972801
2022-08-06 10:35:10.140;0.4789248012029218;817.2152634036684;0.9401751731422937;0.08119652982810521;0.1074703366874381;0.1493410234924175;0.16779277757834876;0.17242261041187845;0.023254490544395878;0.3024621925409896;0.3060066837556974;0.015163813060911302
2022-08-06 10:35:10.160;0.5196061088781692;817.7925434814315;0.940839311982288;0.08515033979801956;0.1119934090134187;0.15253545950912262;0.1717466609749536;0.17668566563853716;0.024953204385982808;0.312626869876798;0.31679872824372524;0.01858721361785154
2022-08-06 10:35:10.180;0.5603580555383695;818.370136341684;0.9415038106666761;0.08837833252584915;0.11573008404897323;0.15539592237943278;0.17497501231239454;0.18016117951757593;0.02630982365237955;0.31171342566802096;0.3158296888140626;0.018284070233741012
2022-08-06 10:35:10.200;0.6007483875039992;818.9483504192976;0.9421690240380828;0.09160631210767178;0.11946697173143761;0.1582576360622694;0.17820335049888314;0.18363673390226865;0.0276667252498477;0.31079999440453676;0.314860666294976;0.01798094764351088
2022-08-06 10:35:10.220;0.6403767942437164;819.5271850636127;0.9428349513479486;0.09483427854377169;0.12320407214528117;0.16112060102341808;0.18143167553464679;0.18711232880284712;0.02902390923023468;0.30988657608600434;0.31389166068595387;0.017677845845595286
2022-08-06 10:35:10.240;0.6788785345562632;820.107257923526;0.9435023031779092;0.09603600986821448;0.12478372657997383;0.163269352034642;0.18263456155452928;0.18842856822895016;0.029651652967182862;0.3069453565437392;0.31078036399554776;0.016752974122526965
2022-08-06 10:35:10.260;0.7159510032391365;820.6891858373201;0.9441717891770192;0.09930807007634712;0.12998216451486755;0.17427858543498864;0.17555638265671547;0.18086390061663593;0.026996132791779814;0.30400427121680096;0.3076692392892255;0.01582829966479249
2022-08-06 10:35:10.280;0.7513279968065087;821.2720446664825;0.9448423461589616;0.10539432863845377;0.13819208043625153;0.18636598799322535;0.17129130531325387;0.1763094396691045;0.0254175678071622;0.3038796009802276;0.3074413152017428;0.015238207830815753
2022-08-06 10:35:10.300;0.7847794099790779;821.8549114098496;0.9455129122458964;0.1114805821021605;0.14640597350361517;0.19847606630673198;0.16702623177017273;0.17175505647717415;0.023839386635954085;0.3037549309846703;0.3072133918195732;0.014648118840879576
2022-08-06 10:35:10.320;0.8161107594558636;822.4377860713066;0.9461834874422935;0.11756683046735361;0.15462385015993263;0.21060885763387116;0.16276116202758573;0.16720075102436027;0.02226158919541188;0.3036302612303565;0.30698546914288727;0.014058032695009715
2022-08-06 10:35:10.340;0.8451503312734819;823.0205827951213;0.9468539729743883;0.12403464921248997;0.1632473620135464;0.22287214277228973;0.15887745352043936;0.1630480949574249;0.02079277074596053;0.30388742612155184;0.307258272798947;0.014143307862050314
2022-08-06 10:35:10.360;0.8716943992612952;823.6032022384825;0.9475242545520436;0.10617669291787024;0.144996246481778;0.22096904323031463;0.1565464485090402;0.16052501675708442;0.019734848824693785;0.3041445920388277;0.30753107779509037;0.014228584676034828
2022-08-06 10:35:10.380;0.8956283148753167;824.1865604932318;0.9481953861041864;0.08531158624361979;0.12353961795471591;0.21798535352623194;0.15120971698932095;0.15479624774949485;0.017587159618053683;0.30139222296390145;0.3046231908404593;0.013383925890781967
2022-08-06 10:35:10.400;0.916791294018112;824.7715638114241;0.9488684102394425;0.06444694081682201;0.10208375918560009;0.21500301652638054;0.145873151972161;0.1490677937038427;0.015440251134946514;0.29863997142541976;0.30171545327067406;0.012539433147908063
2022-08-06 10:35:10.420;0.9349904682685493;825.3582142426967;0.9495433293158416;0.04358275660661093;0.08062867000048968;0.21202203168834188;0.14053675344556638;0.14333965455265485;0.0132941230921233;0.2958878374144014;0.2988078650690795;0.01169510641014071
2022-08-06 10:35:10.440;0.9500667058204262;825.9456859420534;0.9502191932300305;0.04358275660661093;0.07851522885462359;0.19986943604551133;0.14674741588923013;0.15007937205852073;0.01621257087639716;0.2958878374144014;0.29910641025855966;0.013407521898338715
2022-08-06 10:35:10.460;0.9617914222405892;826.5331555083321;0.950895054690194;0.04358275660661093;0.07640568826596095;0.1877395620432818;0.15295807833295072;0.1568193371468638;0.019132334693039432;0.2958878374144014;0.299404956060755;0.015119946737213397
2022-08-06 10:35:10.480;0.9699558900168068;827.120174973541;0.9515703983261438;0.04458547722367712;0.07539179120012918;0.17612437112553447;0.16017116766639816;0.16465240870818576;0.02255341340008954;0.2968914893620571;0.30048595834097114;0.015546346955966683
2022-08-06 10:35:10.500;0.97435589730009;827.7062956867521;0.9522447079819992;0.04558821345472097;0.0743814306840953;0.16452977265725277;0.1673843155940986;0.1724858848274735;0.025976333945377128;0.2978951569380719;0.3015669833663992;0.015972785137671863
2022-08-06 10:35:10.520;0.9748070479063777;828.2915162828649;0.9529179820872639;0.04659096530002671;0.0733746015668224;0.15295573539823604;0.17459752211735946;0.1803197656813964;0.02940109723761175;0.29889884014301416;0.3026480311382329;0.016399261285958033
2022-08-06 10:35:10.540;0.9711934271389873;828.8762988322342;0.9535907522363601;0.07289690584696018;0.09947694907318905;0.1512654588312845;0.17606075885934303;0.18181845456869183;0.029575489805984567;0.29829112316355477;0.30203223979265204;0.016363408724106243
2022-08-06 10:35:10.560;0.9633923748658072;829.4611060886455;0.9542635508099715;0.09920273933511226;0.12557919509512416;0.1495755289495886;0.17752399264967522;0.18331712982038795;0.02974981927612408;0.29768341191487835;0.30141645431092456;0.01632755667956598
2022-08-06 10:35:10.580;0.9513960407083979;830.0455406625042;0.9549359206264375;0.12730876816203818;0.15357404201656877;0.14838150729878574;0.18078661289977305;0.18670961721645796;0.030430974412682943;0.2988771789558804;0.3026828530690864;0.016723613044697494
2022-08-06 10:35:10.600;0.9352840545960752;830.6292045796945;0.9556074038316286;0.15541504063753564;0.1815690913874981;0.14718747843905167;0.1840492722783793;0.19010214776242407;0.031112137470212353;0.30007096810851763;0.30394928070995775;0.017119704920266265
2022-08-06 10:35:10.620;0.9152417945845542;831.2120966674483;0.9562779990763194;0.18352155676853954;0.20956434323991502;0.14599344251889423;0.1873119707866877;0.1934947214546483;0.03179330842197903;0.301264779373529;0.30521573723547135;0.017515832309860535
2022-08-06 10:35:10.640;0.8915272619942742;831.7946233648763;0.9569481739532952;0.14653511776543837;0.1700047237858051;0.1319342982287397;0.1839676694265009;0.18998406269074763;0.03090393497298205;0.3005074302951165;0.3044434296651275;0.017443072339508703
2022-08-06 10:35:10.660;0.8646721819935035;832.3771708589993;0.9576183727560801;0.10954887686506254;0.13045127789078137;0.11790630082533582;0.18062339047103393;0.18647344931137155;0.03001467429471205;0.29975009011690545;0.3036711314239824;0.017370314308298163
2022-08-06 10:35:10.680;0.8352443869754231;832.959711863652;0.9582885640929756;0.07279016265312066;0.09114031214781093;0.10395661537591572;0.1775063873974787;0.18319939282154252;0.02917419350755779;0.29922027825211117;0.303134277862398;0.017339045795027985
2022-08-06 10:35:10.700;0.8039533568718138;833.542212157372;0.9589587085934865;0.036031585155626544;0.05183538941352239;0.09003773010307992;0.17438939812897303;0.17992537016281318;0.028333810955121663;0.29869047074294386;0.3025974287576787;0.017307777675155123
2022-08-06 10:35:10.720;0.7716516777492458;834.1246935164309;0.9596288313103879;0.039642766613553704;0.05600533231588756;0.0931794274065103;0.16971974488686925;0.1750094385361436;0.027011375152405925;0.2981606675895172;0.3020605841098245;0.017276509948670693
2022-08-06 10:35:10.740;0.7391551589143048;834.712976412724;0.9603056284758928;0.026311597331073244;0.04203457117554521;0.08976299574439839;0.14811237097504915;0.1519204769054241;0.018924215198327765;0.2806726715596177;0.2835090091494976;0.011476718971860755
2022-08-06 10:35:10.760;0.7074084155808815;835.3127478978349;0.9609956428272052;0.012984668565422908;0.0280686389962419;0.08634957326386239;0.12651023479427437;0.12883904056852913;0.010849033722921675;0.26318941973329757;0.26496362986051736;0.005684540197114174
2022-08-06 10:35:10.780;0.6773626059340009;835.9182092728806;0.9616922031811366;0.016564492694897126;0.03220629216169968;0.08948679548219296;0.12181029336401394;0.12389305976800102;0.009528127901159422;0.26262876078425634;0.2643955479650799;0.005651589997147433
2022-08-06 10:35:10.800;0.649899728752497;836.523673484895;0.9623887667988927;0.020144305690337205;0.03634421432760959;0.09262557054916698;0.11711037281393288;0.11894714870923195;0.008207463369874546;0.2620681067135173;0.26382747106060833;0.005618640235045547
2022-08-06 10:35:10.820;0.6258432981801207;837.1291388046593;0.9630853316910734;0.019584156737948888;0.0371607084117862;0.10055135677473359;0.11655042395759807;0.11840317539188305;0.008310638083927735;0.26150745752091;0.2632593991472163;0.005585690910778318
2022-08-06 10:35:10.840;0.605907983646162;837.7366407090522;0.9637842395966452;0.0132493252277186;0.03177402894507608;0.10612687819175015;0.11021785537216289;0.11164547944114389;0.0059921406095240215;0.2551669686988056;0.2565340131770881;0.003486616106748386
2022-08-06 10:35:10.860;0.590663714497123;838.3482028068611;0.9644878186007867;0.00691511695617919;0.026388665879462536;0.1117066785720695;0.10388590980264922;0.10488860771582864;0.003674697550362538;0.24882710367194605;0.24980944157630347;0.0013885408318223824
2022-08-06 10:35:10.880;0.5805302587036835;838.96194203302;0.9651939023085419;0.006050118233304147;0.026874566490189267;0.11949113064659667;0.10302122007411896;0.1040096081119728;0.0036097485300086163;0.2479613324632659;0.24891035406363926;0.0012122758620378704
2022-08-06 10:35:10.900;0.5757095044131415;839.575966901546;0.9659003146370093;0.005185131132805054;0.02736208739670687;0.1272849993774221;0.10215654196375823;0.10313062018909847;0.003544799258221154;0.24709557288736406;0.24801127986910387;0.0010360193692191544
2022-08-06 10:35:10.920;0.5761873166923052;840.1902838605965;0.9666070630045496;0.002250289299297492;0.026471562954977657;0.1390978466901016;0.10543160818136954;0.10653005538294025;0.004194508102587591;0.2462298249438426;0.24711221899195834;0.0008597713528635254
2022-08-06 10:35:10.940;0.5817658638105228;840.8047455143605;0.9673139778378712;-0.00033291358170117746;0.025966832242684035;0.15110066615098372;0.1090581657366343;0.11031197733198184;0.005015462568990436;0.24571602264188996;0.24659162485551178;0.0008296265610328035
2022-08-06 10:35:10.960;0.5920352149101955;841.4192052675426;0.9680208904846453;-0.0029161050342167982;0.025465920653541474;0.1631258823992967;0.11268471271402092;0.11409388872247206;0.005836398141067178;0.24520222443698358;0.24607103491064208;0.000799482135989571
2022-08-06 10:35:10.980;0.6063987654408263;842.0347598101871;0.9687290626451834;-0.008439582501409859;0.021794376211826005;0.17388526466466647;0.11337174994523735;0.1146990521855642;0.005351543939175585;0.2417454229540148;0.24240456079968453;-0.00034404005781940583
2022-08-06 10:35:11.000;0.6240960769111552;842.6525019240871;0.9694397515235021;-0.013962825359101316;0.018125961368152588;0.18466193198680436;0.11405887369134149;0.1153042999094751;0.004866677796714569;0.2382888069032596;0.2387383287326088;-0.0014872653214430542
2022-08-06 10:35:11.020;0.644237247003175;843.2724248334198;0.970152949324274;-0.014828817379338943;0.016324494913501297;0.17929920282159983;0.10543205144328027;0.10622842085988538;0.002456535180847652;0.23483237626686915;0.23507233867479727;-0.0026301937414547893
2022-08-06 10:35:11.040;0.6658407528884356;843.8940752073759;0.9708681345075927;-0.014411442841492317;0.01590480702733643;0.17447699754176504;0.09808839109107481;0.09853464074004847;0.0005897146869155989;0.23266054297653582;0.23296363111796836;-0.002230795530261176
2022-08-06 10:35:11.060;0.6878809698546298;844.5170012741073;0.9715847873270772;-0.013994033924973337;0.015485798900581216;0.1696585632199774;0.09074488136273118;0.0908410921740952;-0.0012767309380770087;0.23048878288728147;0.23085496309050768;-0.0018315854486647964
2022-08-06 10:35:11.080;0.7093419105134803;845.1405655484195;0.9723021743801837;-0.011406841430925851;0.017381344537309218;0.1656297496929593;0.0855704963746362;0.08546278530898377;-0.0023461063847793895;0.23048878288728147;0.23085496309050768;-0.0018315854486647964
2022-08-06 10:35:11.100;0.7292339072785372;845.7641224348408;0.9730195529338019;-0.023825365402331045;0.0017092797168309914;0.14716493377622886;0.0855704963746362;0.08538903148414789;-0.002770463258662481;0.23048878288728147;0.23085496309050768;-0.0018315854486647964
2022-08-06 10:35:11.120;0.7467082330835444;846.3876625172634;0.9737369121550568;-0.03624388937373624;-0.013953398036878895;0.12875319638029303;0.0855704963746362;0.08531527757256896;-0.003194820273510146;0.23048878288728147;0.23085496309050768;-0.0018315854486647964
2022-08-06 10:35:11.140;0.7610688587006893;847.0086661547612;0.9744513532926032;-0.040674327718988934;-0.02106241742288617;0.11343629164718294;0.09355675552647114;0.09379672657090765;-0.000506075234491199;0.23848503057076087;0.23933838511698013;0.0008260984015864281
2022-08-06 10:35:11.160;0.7717617219956061;847.6245706625996;0.9751599280748269;-0.04510445963995835;-0.028165028034695894;0.0981544715852154;0.10154400584631418;0.10227944067978711;0.002184092082553768;0.2464822706619465;0.24782310491281123;0.003485384473508546
2022-08-06 10:35:11.180;0.7784187072571823;848.2379105832442;0.9758655523967289;-0.057554773901131284;-0.04383551880195924;0.07987958193501132;0.10151290497251608;0.10217402211643645;0.0017571356107293212;0.239551571107544;0.24047332160353108;0.001200170972229131
2022-08-06 10:35:11.200;0.780933017346325;848.8512371777251;0.9765711613873848;-0.06379548234264121;-0.05326771301705335;0.06164798985540543;0.10148180411378149;0.10221627853920978;0.0021798164787920626;0.23262087304999923;0.23312372098649803;-0.0010841018911991185
2022-08-06 10:35:11.220;0.7793760634534572;849.46455374176;0.9772767588383928;-0.07003618943537049;-0.06269076448214506;0.04346884123019201;0.10145070327005357;0.1022585348200451;0.002602496891081607;0.22569017648936907;0.22577430299304524;-0.003367434458327878
2022-08-06 10:35:11.240;0.7740292835084667;850.0766232320238;0.9779809215783143;-0.07236814933992264;-0.06793075669563464;0.026791430670478178;0.10532804101391235;0.10648493744347576;0.004532870750132645;0.22957208656538697;0.22989154526885613;-0.002083902283320782
2022-08-06 10:35:11.260;0.7653357312552077;850.6862035774466;0.97868222065148;-0.0747000418922994;-0.07316322095724459;0.010157203800885917;0.10920561236307691;0.11071169755465604;0.006463908370506921;0.23345423052228753;0.23400909280985616;-0.0007999956811417519
2022-08-06 10:35:11.280;0.753872644096152;851.2950216551471;0.9793826427645355;-0.08253059461719658;-0.08425510501936984;-0.008445527566525612;0.10758488629640084;0.1090549349091603;0.006289171524387349;0.23183159322207203;0.23229248602331154;-0.0013112562741621758
2022-08-06 10:35:11.300;0.740373342235007;851.9048302945375;0.9800842044812546;-0.05051546688298458;-0.05394261940719858;-0.018849747675587558;0.11113895041243183;0.11285721880822308;0.007645779947202946;0.2302089967831229;0.2305759316534477;-0.001822456475778722
2022-08-06 10:35:11.320;0.7255108969634894;852.5156496904165;0.9807869290349875;-0.018500674772212733;-0.02362788876698474;-0.02923661117333154;0.11469299742649497;0.11665953921906436;0.009002667532866937;0.22858644120350746;0.2288594296969677;-0.002333596294072926
2022-08-06 10:35:11.340;0.7100039601709813;853.1269902504937;0.981490253168369;0.014761638808749922;0.008035879276999225;-0.03906127859941755;0.11949447210421482;0.12181355190305254;0.010934274497429008;0.2385622028380716;0.23912396666543145;-0.000848040482312129
2022-08-06 10:35:11.360;0.6945113480073478;853.7383631171178;0.9821936144692077;0.04802386786406032;0.039701767806231913;-0.048870824399538826;0.12429593560970176;0.1269676629334313;0.012866455136189003;0.24853793996590312;0.24938839847021654;0.0006369552298197689
2022-08-06 10:35:11.380;0.6795757846088645;854.3513509347758;0.9828988337099747;0.04095610816835915;0.033239048574525754;-0.04525876817769081;0.12137001228635569;0.12380535884270927;0.011565426831340098;0.2435362786963573;0.24408339152552117;-0.0010174278836299067
2022-08-06 10:35:11.400;0.665688316801585;854.96750615567;0.9836076969280624;0.03388880777640679;0.026777060174278944;-0.04164495794472156;0.11844440530396838;0.12064344380573999;0.010264787571071743;0.23853500562330865;0.23877889127305707;-0.0026711894896624955
2022-08-06 10:35:11.420;0.6531242008150181;855.5868196731826;0.9843201936466525;0.026821966626471294;0.02031580259741972;-0.03802939324393062;0.11551911461729247;0.11748191775038919;0.008964537213026702;0.23353412069315382;0.233474897608005;-0.0043243298503563565
2022-08-06 10:35:11.440;0.6420177737331202;856.2074851381985;0.9850342457295814;0.025036932813975454;0.019515390380060893;-0.03233593708234217;0.11787352649876226;0.11999855648677027;0.009850490242586218;0.23381908432765286;0.23379705448422783;-0.004115841547274179
2022-08-06 10:35:11.460;0.6323139106596157;856.8277041880283;0.9857477842287661;0.023251896191936794;0.018715867522555385;-0.026637218144658803;0.12022794370651724;0.12251522278982208;0.01073655827496367;0.23410404922174521;0.23411921405511293;-0.003907345356400249
2022-08-06 10:35:11.480;0.6237849187150102;857.4476943971313;0.9864610594553719;0.010833217385538774;0.00829842880667897;-0.014896005706090065;0.11815816390546985;0.12030211866377982;0.009953640495153238;0.22720478321821602;0.22689897609274112;-0.005630469402186478
2022-08-06 10:35:11.500;0.6160689272940914;858.0676734990775;0.9871743219036149;-0.0015854614208024032;-0.0021154109545911126;-0.003132823308457766;0.11608838410442246;0.11808903270279103;0.009170817251754393;0.22030551721463;0.2196788248052144;-0.007353172273995234
2022-08-06 10:35:11.520;0.6086611716719375;858.6876414974904;0.9878875715776639;-0.01400414022714358;-0.012525646345213914;0.008652364506993138;0.11401860430331823;0.11587596490469565;0.00838808853459394;0.2134062512111008;0.21245876018537047;-0.009075453989765947
2022-08-06 10:35:11.540;0.6009432460759059;859.3090139193737;0.9886024369876623;-0.03153669989177388;-0.02836245546777505;0.018739735390730594;0.10683603978097977;0.10822073350428951;0.005813152999760263;0.2082878396533978;0.20705922961479928;-0.010600652054574056
2022-08-06 10:35:11.560;0.5922399275319087;859.9331997676418;0.989320539138036;-0.049068414890314216;-0.04419603187685439;0.02884224465850771;0.09965395447310499;0.10056621136070731;0.00323941684314466;0.20316983468422123;0.2016602110874146;-0.012125301263157695
2022-08-06 10:35:11.580;0.5818740818916114;860.5587998190385;0.9900402682754851;-0.028931144553155264;-0.022803486300663423;0.035670224094563885;0.10168142592366536;0.10279477396515091;0.004355631272817462;0.20260955779389533;0.20109255311297147;-0.012158057913807419
2022-08-06 10:35:11.600;0.5690801317962639;861.1844213728546;0.9907600221506523;-0.008793949337984941;-0.0014095650085188538;0.04250568980358249;0.10370889224279978;0.10502336723474315;0.005472038607888585;0.202049285776301;0.2005249001230709;-0.012190814130189409
2022-08-06 10:35:11.620;0.5531671065626101;861.8100644296137;0.9914798007641401;0.011343170755935716;0.01998573347927035;0.04934864905755454;0.10573635343039456;0.10725199117499784;0.006588638877990327;0.20148901863121083;0.19995725211782656;-0.012223569912329424
2022-08-06 10:35:11.640;0.5335411402121503;862.435057941686;0.9921988321010953;0.034214733040528245;0.04427449263490857;0.057051768783570544;0.11049715481980371;0.1123770392189627;0.008588518252482302;0.214013582952024;0.21342794154747935;-0.007009835146956966
2022-08-06 10:35:11.660;0.5096594177292982;863.0586920045243;0.9929162994432549;0.02811051828740574;0.04063616932674208;0.07134636803993999;0.11060118541556818;0.11246757736095248;0.008508798894051317;0.22653837610772953;0.22689979905743485;-0.001791112101585668
2022-08-06 10:35:11.680;0.48117151315862716;863.680128692482;0.9936312387889349;0.02397881887929998;0.039147201622053984;0.08662013789286238;0.11267706361471852;0.11470635022354969;0.00940421632395072;0.23068877945690147;0.2313329025339499;-0.0002404574863472675
2022-08-06 10:35:11.700;0.4478698339842073;864.2985317483908;0.9943426880559729;0.019847149595761948;0.03766470923326537;0.10193186293325152;0.11475314959492522;0.11694536791274146;0.010299831462566189;0.23483945014948304;0.23576637244860876;0.0013107214360603692
2022-08-06 10:35:11.720;0.4097143521510186;864.9138862893087;0.9950506301221084;0.01571551044469288;0.036188706291365946;0.11728162940870313;0.11682944338119938;0.1191846304637707;0.011195644364807578;0.23899038821628338;0.2402002088697941;0.0028624248590700674
2022-08-06 10:35:11.740;0.3668435680581703;865.5277096884893;0.9957568106677332;0.007436251725494003;0.03024759464713256;0.13088842010488566;0.11475962870137124;0.11694683532861205;0.010270867517438553;0.23899038821628338;0.2402002088697941;0.0028624248590700674
2022-08-06 10:35:11.760;0.31959210117325276;866.1415306869822;0.996462988451458;0.007436251725494003;0.03164066220434947;0.1388986297596828;0.11682944338119938;0.11923392470774985;0.011479245542586725;0.23899038821628338;0.2402002088697941;0.0028624248590700674
2022-08-06 10:35:11.780;0.2684449381316102;866.7556062934673;0.9971694591520235;0.006014460307881109;0.03154846338892625;0.14657204486366204;0.11747790341454589;0.12003325611929228;0.012334190351118046;0.23066802949489684;0.2314024658423932;0.0002780270698590215
2022-08-06 10:35:11.800;0.21405840061314307;867.3701894335609;0.9978765137507607;0.0045927002903454195;0.03145783805515734;0.15425451923695643;0.11812637452354835;0.12083261570766268;0.013189230949953057;0.22234576991531085;0.22260505975896194;-0.002305143174488933
2022-08-06 10:35:11.820;0.15721699388789612;867.9852796843406;0.9985841517611136;0.0031709716715795366;0.03136878769825202;0.16194606202695017;0.11877485670763832;0.12163200347439584;0.014044367348802211;0.2140236094742285;0.213807990508883;-0.004887086403231322
2022-08-06 10:35:11.840;0.0988056189489872;868.6006227273683;0.9992920805993623;0.002424397733079786;0.032010513841182586;0.16994426970140708;0.12009828032220327;0.12316126824683948;0.015201964117791178;0.21327644883718122;0.21305096537730606;-0.004930872409834031
2022-08-06 10:35:11.860;0.039754522810539594;869.2159575670739;1.0;-0.01074080879260464;0.019634885589848494;0.17474602286649166;0.11314260776160978;0.11581310714851867;0.01308394067879437;0.21252929686511735;0.2122939491103466;-0.004974657641626301
2022-08-06 10:35:11.880;-0.018941935438770097;869.8313857592366;1.0007080267990998;-0.023473640728866485;0.007681514783453025;0.1794814857245548;0.10661917277170829;0.10888653000601067;0.010895830030322351;0.21221483230710092;0.21196042928414727;-0.005078592631221568
2022-08-06 10:35:11.900;-0.0763361277605199;870.4469937023605;1.0014162603948646;-0.036206444193965126;-0.00427132232025329;0.18422031474177825;0.10009575278363769;0.1019601056493471;0.008708422773736402;0.21190036928391365;0.21162691146093948;-0.005182525164958207
2022-08-06 10:35:11.920;-0.1315496259529998;871.0627886601505;1.0021247091439116;-0.04893921918824162;-0.01622362547104572;0.18896251189037727;0.09357234779745482;0.09503383404044285;0.006521718727660719;0.21158590779544184;0.21129339564060956;-0.005286455242921484
2022-08-06 10:35:11.940;-0.1837743214599291;871.6761006567904;1.0028303013403048;-0.05403707275775105;-0.019962437581089176;0.1968810547314206;0.09468248685735858;0.0963247705934478;0.0075396318228255765;0.21891397868938967;0.21910102325216485;-0.0026607646052978495
2022-08-06 10:35:11.960;-0.23232385015023105;872.284248838223;1.0035299527631052;-0.036366135628952634;-0.0027566961112803767;0.1938533936692366;0.10976477675271923;0.11247548062684842;0.01338326222882813;0.2262428830973171;0.2269097734460388;-3.35488549652041e-05
2022-08-06 10:35:11.980;-0.2767022744389026;872.8898134812698;1.0042266319229562;-0.026576735904143334;0.006003525183100322;0.18773930094382862;0.11696694720999545;0.12017605721096203;0.01610571297820762;0.22568240551618501;0.22634188393124077;-6.645386565651279e-05
2022-08-06 10:35:12.000;-0.31653326005634164;873.4953857776636;1.0049233198876926;-0.016787371317832367;0.014764619885934138;0.18163092157174443;0.12416909253014552;0.12787682298509395;0.018829276637979397;0.22512193281074033;0.22577399940473697;-9.935843918196241e-05
2022-08-06 10:35:12.020;-0.35160983294719084;874.100965728132;1.0056200166581515;-0.006998041869564986;0.02352658733647317;0.17552825096900815;0.13137121271373786;0.1355777780276881;0.02155395359352852;0.22456146498086937;0.22520611986635686;-0.00013226257558862642
2022-08-06 10:35:12.040;-0.3818812770888027;874.704828291251;1.0063147376395853;0.002467189081869492;0.030996728426398334;0.1638675599775663;0.13048581480914123;0.13461594929501786;0.021132092887430787;0.22989146677088357;0.2308594506262125;0.001631225359592925
2022-08-06 10:35:12.060;-0.4074418807718757;875.3052384408584;1.0070054867501839;0.011933012789597797;0.03847074401695849;0.15222676009176261;0.12960062905157343;0.13365435360137923;0.02071034587177678;0.23522190948887456;0.23651335697979903;0.0033954196530698866
2022-08-06 10:35:12.080;-0.42852100205353005;875.9037682161652;1.00769407256145;0.016063608004344587;0.04026669039572184;0.13872089818684064;0.1233815495853392;0.12700526455498817;0.01836179154808537;0.23521262608369753;0.23652567704436933;0.003519517381257664
2022-08-06 10:35:12.100;-0.44543988585050154;876.501999568085;1.008382315047925;0.020194202955053697;0.04206741360180999;0.12524325089155575;0.11716247051769102;0.12035633991130368;0.016014090886609544;0.23520334267937315;0.2365379974711459;0.003643617220993711
2022-08-06 10:35:12.120;-0.45861609820197213;877.0999323513024;1.0090702140424292;0.024324797641668283;0.04387290536200439;0.11179376719409095;0.11094339184857205;0.11370757961444866;0.013667243610321123;0.2351940592761288;0.23655031826029926;0.0037677191723322068
2022-08-06 10:35:12.140;-0.46851796297861026;877.6977192370905;1.0097579451874732;0.020184926974025075;0.03666958088492933;0.09426186911687573;0.1150832625162721;0.11815896815907223;0.015376140826164786;0.2351940592761288;0.23655031826029926;0.0037677191723322068
2022-08-06 10:35:12.160;-0.47564191110383947;878.295491595396;1.0104456596191993;0.016045056306325023;0.029474619894326537;0.07677816480500432;0.11922313318391531;0.1226104434220261;0.017085493908740368;0.2351940592761288;0.23655031826029926;0.0037677191723322068
2022-08-06 10:35:12.180;-0.4805187952998452;878.8935381613628;1.0111336895164422;0.010573309115272878;0.020889754063116328;0.05898684631075213;0.1220315364951503;0.12566176581518818;0.01842647488754867;0.23386107895345631;0.2351585999862209;0.003453631643743904
2022-08-06 10:35:12.200;-0.483646459277132;879.4921402674881;1.0118223585415724;0.005101627539204401;0.012313694744332082;0.041245735718835164;0.124839929289557;0.12871312996359308;0.019767734379224855;0.2325281262069474;0.23376691426545904;0.0031395695046008143
2022-08-06 10:35:12.220;-0.4855029006962336;880.0912973698942;1.012511666068879;-0.0003699884240404572;0.00374642063971109;0.023554708139005953;0.12764831156747647;0.1317645358774726;0.02110927243534455;0.23119520103574942;0.2323752610966494;0.0028255327524302487
2022-08-06 10:35:12.240;-0.48649376944050093;880.6907393002839;1.0132013012799808;0.01713494770933721;0.01975876278939026;0.014636407704979426;0.12962913101760165;0.13400800371201882;0.022580379384598004;0.22541321440360562;0.22627125535234427;0.0010773433557647039
2022-08-06 10:35:12.260;-0.48702656012040224;881.2901961626121;1.0138909536697116;0.03463981370367719;0.03577299330859418;0.005730601938962465;0.13160994534766957;0.1362515226590304;0.024051794130048876;0.21963125516782966;0.2201673846751646;-0.0006702924197075077
2022-08-06 10:35:12.280;-0.48741294049801676;881.8891435314072;1.0145800199064514;0.0543636020065037;0.054126509618608765;-0.002524817489633513;0.1358088355753253;0.1408373899757649;0.026193383944417725;0.22124445700473316;0.22187842504223454;-0.00013665386087335918
2022-08-06 10:35:12.300;-0.4879069898048477;882.4870560200579;1.0152678955528263;0.0740876322117856;0.07248185733513068;-0.010769847286090872;0.1400077949424272;0.14542346140726892;0.028335695902566904;0.22285769923212584;0.22358951813157546;0.0003970493833751476
2022-08-06 10:35:12.320;-0.48872398807967854;883.0839176943336;1.0159545622771078;0.06328039747285175;0.06351848552551687;3.4855285353962984e-05;0.14161940761639613;0.14710052929516593;0.028679724976430343;0.22447098185165615;0.22530066394659798;0.0009308173218185445
2022-08-06 10:35:12.340;-0.48995496816371664;883.6803895727571;1.0166407805560416;0.04974975498191725;0.05168429139248687;0.010045759009328137;0.14050878178117188;0.14589775791595372;0.028172035162588926;0.22335920519106267;0.22415245941283501;0.0007409070352384362
2022-08-06 10:35:12.360;-0.49165842854639474;884.2771475666159;1.0173273279999346;0.03621922690263091;0.03985275688691203;0.020072425180018172;0.13939817511042207;0.14469501234706428;0.02766437981347991;0.22224744771489569;0.2230042762050175;0.0005510073211816291
2022-08-06 10:35:12.380;-0.4938296022208951;884.8740502127839;1.0180140418608246;0.023799726133290733;0.029175764065396237;0.03032888915920484;0.13939817511042207;0.14464560878136723;0.02738016268205712;0.22569730903967766;0.2266634271898056;0.0016925197778228096
2022-08-06 10:35:12.400;-0.4964427495608207;885.4709347838289;1.0187007349269708;0.011380225364007401;0.018501470622847904;0.040601960152020666;0.13939817511042207;0.1445962051769598;0.02709594548898142;0.22914717036451648;0.2303226233807436;0.0028342670152685656
2022-08-06 10:35:12.420;-0.4994306023075752;886.0678156467839;1.0193874237271001;0.013450142158831113;0.021951776505911624;0.0484975766557767;0.13732825831554152;0.14243196918906875;0.026595100095684998;0.23259703168929846;0.2339818647862444;0.003976249076057314
2022-08-06 10:35:12.440;-0.5027248813268929;886.6639756579025;1.0200732832145252;0.017027919351278342;0.027052694916758213;0.057184587347062;0.1367657817874388;0.1419215795511164;0.02690610697227136;0.2341061093891348;0.23561580086698086;0.004666644110082885
2022-08-06 10:35:12.460;-0.5062369286866502;887.2586886494028;1.0207574779607478;0.02060575339976367;0.03215580931819417;0.065883830361253;0.13620331901453397;0.14141120458615575;0.027217120251295412;0.23561522242801303;0.23724979047216266;0.005357136629569048
2022-08-06 10:35:12.480;-0.5098819585074759;887.8526779972963;1.0214408401824402;0.02211557679544285;0.03504317987775707;0.0737739886012303;0.13357343779674835;0.13867829852123492;0.02667748587142249;0.23505466330965774;0.23668180455143784;0.0053241588480803514
2022-08-06 10:35:12.500;-0.5135807854649961;888.4466688522443;1.0221242041379417;0.02362539706092548;0.03793224894533509;0.08167397140872978;0.1309435694535992;0.13594541124488302;0.02613787603598805;0.23449410906818358;0.236113823620542;0.005291181505217679
2022-08-06 10:35:12.520;-0.5172588511608577;889.0406674028563;1.0228075769470129;0.036002327459186745;0.05293561996799312;0.09653173944309934;0.1329710482404849;0.1381438418954204;0.02708046617137594;0.23393355970376106;0.2355458476793615;0.005258204600971261
2022-08-06 10:35:12.540;-0.5208934329925164;889.6356001308086;1.0234920244916914;0.04613828173302181;0.0655186557629257;0.11040150298019036;0.13275847136041108;0.1379114143042912;0.02697055323959141;0.23113052344934104;0.2325726443636995;0.004330098315951325
2022-08-06 10:35:12.560;-0.524468817302653;890.2323845351857;1.0241786023198844;0.05627410773917063;0.07810685096015035;0.1243010798897517;0.1325459662556696;0.1376790641508947;0.026860671298136296;0.22832760912581662;0.22959960023575832;0.003402187454535799
2022-08-06 10:35:12.580;-0.5279984818123518;890.8313248781124;1.024867660473629;0.06480087354458419;0.08901487671621666;0.13782297991685333;0.13072534798451585;0.13576042770873897;0.026333501342654664;0.22391490793234325;0.22495014052509532;0.002119638858244066
2022-08-06 10:35:12.600;-0.5315462835633203;891.4327074448156;1.025559528313224;0.043832565315426564;0.06939666213227369;0.14599851250219764;0.12010820372288578;0.12448411864685482;0.022755365956449225;0.21950250892689738;0.22030105829242075;0.00083748126804295
2022-08-06 10:35:12.620;-0.535129697207704;892.0365064414;1.02625417616377;0.022865062987989404;0.049780685224813936;0.1541835780902039;0.1094915502641598;0.11320870621975843;0.01917931874125145;0.21509041207281498;0.21565235347338785;-0.0004442854538364571
2022-08-06 10:35:12.640;-0.5387966608033963;892.6415088671711;1.0269502085139635;0.005373490209706233;0.03390035606619435;0.16379463081382717;0.10234926995972415;0.10567074569721768;0.017046692756704118;0.21415644716512716;0.2147060380482344;-0.0004991178963456022
2022-08-06 10:35:12.660;-0.5426181695584733;893.246485108255;1.0276462107396673;-0.012117962366460233;0.018022375319812767;0.1734198396406743;0.09520704318183704;0.09813297165121782;0.014914734502649907;0.2132224957968596;0.2137597364748558;-0.0005539491248676143
2022-08-06 10:35:12.680;-0.5466665156817117;893.8512482127626;1.0283419677598218;-0.028069586643937328;0.0037432813691928857;0.18335545780688545;0.08960413798607902;0.09219220273966044;0.013083585913212126;0.21382964119914405;0.21450081568741552;0.00020405708829773772
2022-08-06 10:35:12.700;-0.5509853014493822;894.4556111592174;1.02903726441331;-0.029532764448276794;0.0034393652425954713;0.19005188886128987;0.0943501482881075;0.0972927982207139;0.01502820424440987;0.21443679232266177;0.2152419107032415;0.0009621190167310445
2022-08-06 10:35:12.720;-0.5556402563260929;895.0595809643346;1.0297321087725964;-0.030995945204836062;0.0031366342552381354;0.19675531012987157;0.09909618164133605;0.10239353063949608;0.016973421157653767;0.21504394916752645;0.21598302152312954;0.0017202366643358502
2022-08-06 10:35:12.740;-0.560670711168882;895.6636898938086;1.0304271131891798;-0.03499739638527899;0.0001669090624112357;0.2027691362649744;0.10130453279234786;0.10482545077159244;0.018215255788894602;0.21311052284733378;0.21397438429090698;0.0013219150103820354
2022-08-06 10:35:12.760;-0.5660863657959347;896.2684699560559;1.031122889718571;-0.03899876199585606;-0.0028018250600645445;0.20878840703247192;0.10351288669082948;0.10725741863050331;0.019457333285705758;0.21117715454693453;0.21196581363165024;0.0009236364385580842
2022-08-06 10:35:12.780;-0.5718793186261939;896.8735848988072;1.0318190515152836;-0.04106852588449783;-0.00375067957432762;0.21527708186381567;0.10765241446799934;0.1117087244807422;0.02116771521414229;0.21117715454693453;0.21196581363165024;0.0009236364385580842
2022-08-06 10:35:12.800;-0.5780346974368537;897.4786989075874;1.032515212237498;-0.04106852588449783;-0.004596450141011843;0.21041228948501622;0.10144312280224455;0.10499482591198017;0.018389588683821678;0.21117715454693453;0.21196581363165024;0.0009236364385580842
2022-08-06 10:35:12.820;-0.5845187058975359;898.0838120363696;1.0332113719473082;-0.04106852588449783;-0.005441596320029163;0.20555113553309567;0.09523383113637607;0.09828115393182912;0.015612662098004826;0.21117715454693453;0.21196581363165024;0.0009236364385580842
2022-08-06 10:35:12.840;-0.5912952396876179;898.6896984862615;1.033908421333732;-0.04445571346957422;-0.00985777281156075;0.19970012259383196;0.0856381747526953;0.08799509063502597;0.01183344416553389;0.2077868207049427;0.20841633627981082;6.874968298031803e-05
2022-08-06 10:35:12.860;-0.598314648192996;899.2971304532475;1.034607248778969;-0.047842722820576;-0.014272794947178369;0.19385465182696127;0.07604284176782272;0.07770979616837081;0.00805656069187588;0.20439666526261036;0.20486707303683716;-0.0007859537898156077
2022-08-06 10:35:12.880;-0.605519159098573;899.9053398919714;1.0353069706759603;-0.04843358848705748;-0.015715662422994825;0.18896586751416056;0.06924299851667826;0.07039730036527914;0.005243502436687919;0.20380525075870892;0.20426784005582022;-0.0008206643945483094
2022-08-06 10:35:12.900;-0.6128814738280457;900.5135381522632;1.0360066797125893;-0.0464373149264361;-0.018799785574604044;0.1597058873814241;0.07641370855461815;0.07818831097328172;0.008668505996880072;0.2032138416841498;0.2036686126293148;-0.0008553745127590773
2022-08-06 10:35:12.920;-0.6203914177203576;901.1217316377806;1.0367063832560215;-0.044441046496046965;-0.02186128023928191;0.1305781797229102;0.08358439235187376;0.08597963761352645;0.012095333201712855;0.2026224380387056;0.20306939075715036;-0.0008900841444630103
2022-08-06 10:35:12.940;-0.6280494713620911;901.7306904861252;1.037406967320365;-0.04425186347225463;-0.026864284647420078;0.10071492719490482;0.0889483892570766;0.0918032700886684;0.014631999774181281;0.20022232946644536;0.20052374165493347;-0.0016839541979374317
2022-08-06 10:35:12.960;-0.6358842647895427;902.3411828807366;1.038109315671539;-0.044062633955263664;-0.03184314974985014;0.07099202818720851;0.09431234697016322;0.09762704737810424;0.01716964469163962;0.19782231030024278;0.1979782092489586;-0.002477681094227968
2022-08-06 10:35:12.980;-0.643941235711355;902.9532867661255;1.0388135179817477;-0.03228832926669156;-0.021195443653457602;0.06428462115025813;0.09366987053707732;0.0970753922432337;0.01770515425935848;0.19303526837910923;0.19290577704003908;-0.004033054568442829
2022-08-06 10:35:13.000;-0.6523188576766256;903.5670797326093;1.0395196635157087;-0.02051421592892666;-0.010546733532155628;0.05758472560404648;0.09302761271531068;0.09652397541109536;0.018240775666995113;0.18824858214236784;0.1878337963141803;-0.005587931015998748
2022-08-06 10:35:13.020;-0.6611256948605773;904.1825572060261;1.0402277470110228;-0.00874029392804232;0.0001029794414897367;0.050892333512401855;0.09238557347337206;0.09597279685156224;0.018776508924593927;0.1834622515431228;0.18276226698793607;-0.0071423106207921805
2022-08-06 10:35:13.040;-0.6704776450838194;904.7988835623764;1.0409368071139635;0.007536366988233567;0.015464989474676116;0.045318038615965506;0.09624494607394496;0.10013955040356137;0.02046731222689413;0.1831821981758175;0.18247851809479698;-0.00715871544592428
2022-08-06 10:35:13.060;-0.6805242017915564;905.4152254554137;1.0416458850912738;0.02381299713476892;0.03082768680209469;0.039748560289819324;0.10010431189423485;0.10430638129165715;0.02215856026682328;0.18290214602615507;0.18219477044726773;-0.007175120162222548
2022-08-06 10:35:13.080;-0.6914271563125587;906.0315746384222;1.0423549714554192;0.021740324912116193;0.02806226641726184;0.03580633501005348;0.09182295493068438;0.09549987590995812;0.01930395208339508;0.18289903393975138;0.18219146986183432;-0.007176148411069505
2022-08-06 10:35:13.100;-0.7033014242288665;906.6479228647586;1.0430640567189498;0.019667652733971863;0.025297280416079815;0.03186658109001694;0.08354159814511064;0.08669360598160125;0.016450550603061664;0.18289592185346137;0.18218816927657144;-0.007177176659686424
2022-08-06 10:35:13.120;-0.7162723763927199;907.264270134845;1.043773140882351;0.017594980600392773;0.022532728562932647;0.027929297172482492;0.07526024153734312;0.07788757141910452;0.013598355405272322;0.18289280976728506;0.18218486869142225;-0.007178204908072416
2022-08-06 10:35:13.140;-0.7304334361438547;907.8806216736339;1.0444822299567325;0.014919028728911599;0.019156539453344834;0.023955595673919028;0.06637591559198341;0.06846965363840951;0.010706857853468144;0.18228603437427537;0.18171553697578702;-0.006379168641772459
2022-08-06 10:35:13.160;-0.7458536102757997;908.4969606639133;1.0451913045945296;0.012243091232051029;0.015780811016750107;0.019984417509927077;0.05749163000698587;0.05905202090642803;0.007816606716819052;0.1816792646965304;0.1812462085564448;-0.005580141737587141
2022-08-06 10:35:13.180;-0.7625923374749232;909.1133497269257;1.0459004368391074;-0.0034682599161897087;0.001548827112028306;0.028792569589102257;0.05471508025662075;0.05599075432477463;0.006234090217917654;0.1814894313023423;0.18104487332158214;-0.00564288394570589
2022-08-06 10:35:13.200;-0.7806412691355739;909.7298441223611;1.046609690264644;-0.019179590178623585;-0.012681213734911267;0.03761288246657912;0.051938534452780516;0.05292955979192726;0.004651940161650714;0.1812995984674366;0.18084353881664583;-0.0057056252587877054
2022-08-06 10:35:13.220;-0.7999746638513016;910.3464438225128;1.0473190648392634;-0.034890899555193755;-0.026909309491234268;0.046445370416839715;0.04916199259535148;0.04986843729361823;0.003070156473643948;0.18110976619192698;0.18064220504174955;-0.005768365676823706
2022-08-06 10:35:13.240;-0.8205373045152373;910.9623535546343;1.0480276456318267;-0.04893856905601979;-0.03931262498926813;0.05617324985275651;0.04804847937638357;0.04863502522673713;0.002402583946048864;0.1825849797816126;0.18224661875160564;-0.0050523175851555635
2022-08-06 10:35:13.260;-0.8422260215296381;911.5767862940629;1.048734527200302;-0.04332544479370881;-0.032852147082824246;0.06093662131253463;0.057800217711907464;0.059135286569734546;0.00651381490127001;0.18406022714680503;0.18385108542076978;-0.004336166265539454
2022-08-06 10:35:13.280;-0.8649711788442093;912.1904829119812;1.0494405618888918;-0.041487043661845746;-0.03034658572360982;0.06473717230594023;0.06377851559606285;0.06567568644457111;0.009628039565862778;0.18175758090194805;0.1815180317109366;-0.004471156154012945
2022-08-06 10:35:13.300;-0.8886501884738479;912.8041760456617;1.0501465925689983;-0.03964862604084374;-0.02784060927158194;0.06853999552714551;0.06975676419356347;0.0722163156733373;0.012743759273689648;0.17945501696306465;0.17918506220394192;-0.0046061386792004555
2022-08-06 10:35:13.320;-0.9131425766805056;913.417865695701;1.0508526192413077;-0.037810191932521775;-0.02533421752517384;0.07234509215375962;0.07573496350594411;0.07875717437887175;0.015860974659263505;0.17715253532492525;0.17685217689410138;-0.004741113841725486
2022-08-06 10:35:13.340;-0.9383154381153924;914.0310242897467;1.0515580349538332;-0.032001399141392994;-0.01870759709752079;0.07693452464310813;0.08568232114638619;0.08942188158935238;0.019788155425728426;0.17882359829127736;0.17862450946256558;-0.004188683547326377
2022-08-06 10:35:13.360;-0.9640584953408304;914.6431269542882;1.052262235859503;-0.019983880738209336;-0.0051612447187814325;0.08549092477355646;0.08528209321301716;0.08897227966875931;0.019512128075755086;0.1804947046038059;0.18039689860171393;-0.00363618387527076
2022-08-06 10:35:13.380;-0.9902645096102031;915.2549207605553;1.0529660814354398;-0.010401133969537568;0.005791031863648044;0.09317839894852398;0.08244785497928575;0.08592238928950025;0.018328398997123685;0.179729180595249;0.17959087570920929;-0.0038554363659448754
2022-08-06 10:35:13.400;-1.0168274576478797;915.8671280726339;1.053670402734133;-0.000818432757625942;0.01674494721194364;0.1008751675489199;0.07961363676148636;0.08287256172761914;0.01714489541311881;0.17896366568323074;0.17878486412996608;-0.004074677356133982
2022-08-06 10:35:13.420;-1.0436604715155173;916.4797559262151;1.054375207849879;0.008764222898378193;0.027700503116331987;0.10858124038154848;0.07677943855944847;0.07982279697510108;0.015961617283308804;0.17819815986758059;0.17797886386335904;-0.004293906846539741
2022-08-06 10:35:13.440;-1.070669356685689;917.0926001883854;1.0550802619355006;0.019111865234833658;0.03946903189804729;0.11654780160082279;0.07470991009220285;0.07758520505795019;0.015036254514100733;0.17302433869935285;0.17249153998596967;-0.00600409079138764
2022-08-06 10:35:13.460;-1.097812181211319;917.7054367993333;1.0557853072186811;-0.009344151190362027;0.013182644073051364;0.12958257527080885;0.07470991009220285;0.07761599243620054;0.015213408512699367;0.16785051753112512;0.16700431766361135;-0.007713747218144107
2022-08-06 10:35:13.480;-1.1249576489257427;918.3181499109123;1.0564902104205207;-0.0378436543846874;-0.01312757469262138;0.14273414738439438;0.07466643652700355;0.07761923810179638;0.015483112049841097;0.1678069973638152;0.16697437308795315;-0.007635102350763923
2022-08-06 10:35:13.500;-1.1520090803375551;918.93064371129;1.057194861313139;-0.06634314900600202;-0.03943365984972402;0.15591237766516208;0.07462296299107862;0.07762248490028156;0.01575282216238172;0.1677634772258365;0.166944428666568;-0.007556456729439276
2022-08-06 10:35:13.520;-1.1788588384762648;919.542918162093;1.0578992598523889;-0.09484263505441959;-0.06573560508113374;0.16911731230292126;0.07457948948437121;0.07762573283171292;0.0160225388504891;0.16771995711707532;0.16691448439991063;-0.007477810354170167
2022-08-06 10:35:13.540;-1.2053588057518294;920.155079698241;1.0586035284876099;-0.09558863249924343;-0.06998706539022592;0.14896737511381986;0.06969452759009442;0.07256549436417714;0.015112377175910297;0.16697324003485292;0.16615791174353944;-0.007521566220309417
2022-08-06 10:35:13.560;-1.2313879737086717;920.7672347795524;1.059307789696786;-0.09633462129625059;-0.07422768885689734;0.12888042560151103;0.06480959566497546;0.06750529243974057;0.014202223665028768;0.16622653160874634;0.1654013479426908;-0.00756532131229104
2022-08-06 10:35:13.580;-1.2567724764967507;921.3787244984051;1.0600112854316828;-0.09426732194907572;-0.07548975261434876;0.10968958851519961;0.06273755104744083;0.06541649272131878;0.014147542597593876;0.1682958252066591;0.1675959788815362;-0.00688157778834686
2022-08-06 10:35:13.600;-1.2813244355851863;921.9888885137261;1.0607132559949348;-0.09219995619559995;-0.07674204231213722;0.09055559026896454;0.060665513736275045;0.0633276840609156;0.014092767107843684;0.17036518527493527;0.1697906965604261;-0.00619772792417006
2022-08-06 10:35:13.620;-1.3048290915461114;922.5977239605927;1.061413698090557;-0.09013252403207161;-0.07798458169137135;0.07147828666562006;0.05859348373244444;0.061238866464272235;0.014037897220484652;0.17243461181715602;0.1719855009866933;-0.005513771701222581
2022-08-06 10:35:13.640;-1.3270194936540833;923.2045215450999;1.062111795702807;-0.07001741945481399;-0.061250976681296976;0.05164016783872771;0.06215125967472801;0.06506654758843666;0.015519371876592913;0.17599645611386805;0.17579857323704573;-0.004133281133469779
2022-08-06 10:35:13.660;-1.3476526653867995;923.8085452514715;1.0628067020734429;-0.049901711279630945;-0.044506928655810185;0.03186215184346075;0.06570923232178671;0.06889450204094061;0.017001251446061794;0.17955849734022777;0.17961191985881442;-0.002752379713395925
2022-08-06 10:35:13.680;-1.366465220538659;924.4111879595075;1.0635000196578586;-0.033966700927578586;-0.03222498177339972;0.010550332566455545;0.06508756399845339;0.06823858338075439;0.01681669106727135;0.17893611813270027;0.17898131301745934;-0.0027889137512397966
2022-08-06 10:35:13.700;-1.3831658589936269;925.0138417799681;1.0641933500266973;-0.018031755655158577;-0.01993116754207236;-0.010689639492684755;0.06446590168159361;0.06758267134873819;0.016632133420752204;0.17831374493835384;0.1783507123281538;-0.002825447249901636
2022-08-06 10:35:13.720;-1.397471892864496;925.6165067248148;1.0648866931937206;-0.0020968754615751095;-0.0076255188629694715;-0.031857974233173714;0.06384424537080946;0.06692676594460778;0.016447578506382676;0.17769137775701793;0.17772011779067043;-0.0028619802093636793
2022-08-06 10:35:13.740;-1.4091331788615382;926.2193197385423;1.0655802067083768;-0.006683921194849063;-0.013069499979483368;-0.036696268921532216;0.06960538519084736;0.07301263197192753;0.018200051450521393;0.1772432191291422;0.17724479215718247;-0.0030101780064386574
2022-08-06 10:35:13.760;-1.4178813293981927;926.8224176872536;1.0662740480299275;-0.011270951015490027;-0.018512784481433897;-0.04153075761491287;0.07536650892919994;0.07909856288771522;0.019952927011860133;0.17679506361890063;0.17676947059277381;-0.003158370812599287
2022-08-06 10:35:13.780;-1.4234994130435972;927.4255195315563;1.0669678938332083;-0.015553120143295018;-0.02360050834645122;-0.046079721602208856;0.08143235247704439;0.08554215086562778;0.022004197771651413;0.17665197596341287;0.17664425837295994;-0.003053346401920898
2022-08-06 10:35:13.800;-1.425809970065221;928.0283442471482;1.0676614208104158;-0.01983528486795194;-0.028687633083425368;-0.05062536023705899;0.08749819021316085;0.09198584725923098;0.024056048345046932;0.17650888862533876;0.17651904663154028;-0.002948320948860328
2022-08-06 10:35:13.820;-1.424688622718901;928.6308917193746;1.0683546288296437;-0.024117445189290265;-0.033774159070251386;-0.0551676756353503;0.09356402213794723;0.09842965209245591;0.026108478839334204;0.1763658016049625;0.1763938353683443;-0.0028432944533980375
2022-08-06 10:35:13.840;-1.4200627905210665;929.2333009793001;1.0690476778408602;-0.024117445189290265;-0.032928723062784826;-0.05030765987374508;0.09356402213794723;0.09849133284220812;0.02646338150339833;0.1763658016049625;0.1763938353683443;-0.0028432944533980375
2022-08-06 10:35:13.860;-1.4119490829603563;929.8357111156874;1.069740727860413;-0.024117445189290265;-0.03208263260242816;-0.04544383493293758;0.09356402213794723;0.09855301353153578;0.02681828407103204;0.1763658016049625;0.1763938353683443;-0.0028432944533980375
2022-08-06 10:35:13.880;-1.4004237185600061;930.4387064803232;1.0704344511628745;-0.02639995313751342;-0.033646052691754136;-0.04126648626331608;0.09128216645130038;0.09619797164342714;0.02644323230204204;0.17408158146998076;0.17399475187062308;-0.0034632086554831076
2022-08-06 10:35:13.900;-1.3856373522317442;931.0428487457757;1.0711294939312372;-0.028682380155146348;-0.035208941889070644;-0.03708645186167647;0.08900039167210849;0.09384301552714902;0.026068201258017787;0.17179744232635485;0.17159576751873828;-0.004083029078279843
2022-08-06 10:35:13.920;-1.3678209475508085;931.6481463178861;1.0718258658361026;-0.024756105233109338;-0.030170488453595823;-0.0307678141658263;0.08051007678083266;0.08483626289771706;0.023267910237297684;0.16951338416879835;0.16919688230404972;-0.004702755738494879
2022-08-06 10:35:13.940;-1.3472854248627009;932.2540252159306;1.0725229065344124;-0.019293694342195522;-0.023477746339867878;-0.023799450377105735;0.0735555228443232;0.0774886643944015;0.0211465349555926;0.16876664629643656;0.16844027883882973;-0.00474656156095854
2022-08-06 10:35:13.960;-1.3244082901550485;932.8599091278666;1.073219953001014;-0.013831306785675679;-0.016783638953743463;-0.01682326960609437;0.06660100953943271;0.07014123725762289;0.019025818200860023;0.1680199170805885;0.16768368422964386;-0.004790366607926977
2022-08-06 10:35:13.980;-1.299626400686884;933.4668460267203;1.0739182108891372;-0.010875371735778572;-0.012804073776553793;-0.010995391480588701;0.057141253595411;0.06006898486831602;0.015691909287228967;0.16476510220849505;0.164231655233948;-0.005866219933031047
2022-08-06 10:35:14.000;-1.273421576156042;934.0758802963755;1.0746188817228388;-0.007919411764817141;-0.008823566246778825;-0.005162291117316364;0.04768180131507194;0.04999737944834948;0.012359774122542078;0.1615104517755448;0.1607798408307417;-0.006941810136959603
2022-08-06 10:35:14.020;-1.2463161015733863;934.6870016615358;1.0753219536807799;-0.011171806798643047;-0.01079676807259844;0.002254107786684223;0.05270887249057665;0.05539145586940464;0.014370493616230107;0.15825596576695844;0.15732824099092113;-0.008017137291958853
2022-08-06 10:35:14.040;-1.2188229171817295;935.2975035245399;1.0760243129249807;-0.006684860603002107;-0.004465284749901599;0.012771789271393885;0.06547167136384502;0.06911072050471745;0.019617235591212534;0.16274579663411615;0.16212317915261565;-0.006343287213184112
2022-08-06 10:35:14.060;-1.1914748097104262;935.9046768252229;1.0767228427844444;-0.002197601674026828;0.001869749942297716;0.02330797775597393;0.07823503925593656;0.08283140836793024;0.02486847360303024;0.16723594043554968;0.16691854588862043;-0.004668825204521276
2022-08-06 10:35:14.080;-1.1647764509421767;936.5101820549098;1.0774194535914776;-0.002197601674026828;0.003376807527583736;0.031972075742515926;0.08651313557576401;0.09170893215370057;0.028150557379856167;0.16723594043554968;0.16691854588862043;-0.004668825204521276
2022-08-06 10:35:14.100;-1.1391824342670724;937.1156888552723;1.0781160662055136;-0.002197601674026828;0.004885915046909162;0.04064810844151623;0.09479123189564831;0.10058677537612226;0.03143431295270105;0.16723594043554968;0.16691854588862043;-0.004668825204521276
2022-08-06 10:35:14.120;-1.1150929458899743;937.7211982315421;1.078812681783033;-0.002197601674026828;0.00832334123023415;0.06041082582207302;0.08185670639583265;0.08672299130038397;0.02634851820719941;0.16723594043554968;0.16691854588862043;-0.004668825204521276
2022-08-06 10:35:14.140;-1.092841832823848;938.3284048733112;1.0795112500001522;-0.008191209825724854;0.005405124490064139;0.0782096696565393;0.06293124865343458;0.06648415073536995;0.019172726607824764;0.16123847897478427;0.16059308371961833;-0.00644815429027723
2022-08-06 10:35:14.160;-1.07266196422235;938.9389713897763;1.0802136836257084;-0.014184260014246775;0.0024956564309626117;0.09605696609199299;0.04400688378209594;0.0462480039605353;0.012005290182837136;0.15524157583599063;0.15426832358383535;-0.008226735592795187
2022-08-06 10:35:14.180;-1.0547056444444214;939.5512175070835;1.0809180495683457;-0.014774917507679675;0.005362841294552112;0.11595167681277108;0.030482552392051332;0.03178825318187961;0.0068943429080086105;0.15465053860697608;0.15366948669645808;-0.008261365223636297
2022-08-06 10:35:14.200;-1.0390538537262621;940.1634596079894;1.0816224108902657;-0.023643289646770427;-0.0021509258541279053;0.12391549055705386;0.03610050681053423;0.03782685318001455;0.009202053493614137;0.15405950680110791;0.15307065535722586;-0.008295994369517778
2022-08-06 10:35:14.220;-1.0256677597155872;940.7756922272602;1.082326761303924;-0.03251162261250329;-0.009663049407524937;0.1318891440087384;0.041718441330694134;0.04386558912646166;0.011510582375310108;0.1534684804184998;0.152471829566025;-0.008330623030412099
2022-08-06 10:35:14.240;-1.0144357113904614;941.3873863574481;1.0830304922063112;-0.039129211530053;-0.014798259121878488;0.14054462789375233;0.04958619256255048;0.05228143444541189;0.014506237480684803;0.15512980439138246;0.15423376328197946;-0.007781750501480111
2022-08-06 10:35:14.260;-1.0051856868397981;941.9980120761538;1.0837329939418003;-0.04574685251276378;-0.01993154632370775;0.14921201361434644;0.0574540577524445;0.0606976672071724;0.017503319108425508;0.15679117121010577;0.15599575290690382;-0.007232809436471754
2022-08-06 10:35:14.280;-0.9976930675398561;942.6074042368055;1.0844340765155225;-0.053887603058399236;-0.02658195197787805;0.15794454035378358;0.06379941466136785;0.06759576546338764;0.02055612266649831;0.15692832643594912;0.1562369999955422;-0.006637840096442638
2022-08-06 10:35:14.300;-0.9916723230057793;943.2153990053703;1.0851335514426357;-0.05788945820194158;-0.02949807773913804;0.16426845982339522;0.05979752035305097;0.06347827831880437;0.019971640112013134;0.15706548194663483;0.15647825641917734;-0.006042818686286644
2022-08-06 10:35:14.320;-0.9868338655818181;943.8219952089057;1.0858314173737138;-0.06189131697743733;-0.032413143563619684;0.17059875111482548;0.05579562241249647;0.05936079070259126;0.01938716034218224;0.15720263774193555;0.15671952217803664;-0.005447745203297494
2022-08-06 10:35:14.340;-0.982873416871184;944.4278896914548;1.0865284760014051;-0.06603022188630803;-0.0355845626901079;0.17624576474013587;0.05165671750362577;0.05498411788270374;0.018102339109836052;0.15720263774193555;0.15671952217803664;-0.005447745203297494
2022-08-06 10:35:14.360;-0.9795146683885879;945.0337808688128;1.0872255308265992;-0.07016912679523557;-0.038755166036342104;0.1818976956445013;0.04751781259475507;0.05060748982922547;0.016817742045898143;0.15720263774193555;0.15671952217803664;-0.005447745203297494
2022-08-06 10:35:14.380;-0.9764969934658305;945.6399481325134;1.0879229032786621;-0.07530896287823907;-0.04298763755761925;0.1872192344690502;0.04237826257381272;0.04516773723296552;0.015193717883601465;0.1562008483816193;0.15566440575861407;-0.005736582023462056
2022-08-06 10:35:14.400;-0.9735843436302164;946.2466566427247;1.0886208984143122;-0.06337589003993571;-0.0324779269771831;0.1787946985444142;0.05172482378035426;0.05513831302975092;0.018596373818341227;0.1551990746004357;0.1546093087541749;-0.0060253989285534715
2022-08-06 10:35:14.420;-0.9706353357200642;946.8539208380171;1.0893195328445775;-0.05144289102776156;-0.02196652035113189;0.17038117896237548;0.061071329034668054;0.06510916853435589;0.022000765792315136;0.1541973163982142;0.15355423116449174;-0.006314195920070098
2022-08-06 10:35:14.440;-0.9675393639127139;947.461467686524;1.0900184924566483;-0.03911508977267886;-0.011006293520129162;0.162271348963257;0.07081253098804297;0.07552828932481503;0.02570524631010329;0.15359073546511937;0.1529396398185554;-0.006349764853325723
2022-08-06 10:35:14.460;-0.9642462939180131;948.069024391596;1.0907174634083237;-0.026787336937275086;-4.4502139903812576e-05;0.15417161703449533;0.08055369534529433;0.08594777135491682;0.029411800619183914;0.15298416024427652;0.15232505431652044;-0.006385333275110483
2022-08-06 10:35:14.480;-0.9607794390114497;948.676390746994;1.0914162153699167;-0.02411477694727182;-0.0019243169646507852;0.12793921734363956;0.0728789282090716;0.07776575735787361;0.026647933321197748;0.15358770289896384;0.15306210457839597;-0.0056295501184786545
2022-08-06 10:35:14.500;-0.9571888179525887;949.2833664321297;1.0921145178801865;-0.021442202689172518;-0.0037858914647905806;0.10181347409348085;0.06520413225323551;0.06958393616046266;0.0238852105787819;0.15419125120837762;0.15379917049358482;-0.004873711692060745
2022-08-06 10:35:14.520;-0.9535864750137988;949.8899512193966;1.0928123706772805;-0.018769614162806647;-0.005629287774556957;0.0757940105898296;0.05752930747727447;0.0614023076798631;0.021123631989071967;0.1547948051725747;0.15453625206299648;-0.004117817992000283
2022-08-06 10:35:14.540;-0.9501291178864866;950.4968227886202;1.0935105534061416;-0.018859325668302063;-0.010371171520521472;0.04904695913377477;0.04709342218425405;0.05029970826976893;0.01749734112457091;0.15263425484596738;0.1522757238199688;-0.004654487338934921
2022-08-06 10:35:14.560;-0.9469905217686648;951.1046581577903;1.094209844950295;-0.01894899560261365;-0.015093525920438111;0.02241335391828425;0.03665773266309458;0.03919770449838467;0.01387311224794363;0.15047377698443043;0.15001528222154548;-0.005191083984794176
2022-08-06 10:35:14.580;-0.9443695351291589;951.7129704874169;1.0949096852193685;-0.021577924998211984;-0.022381157437028065;-0.004319631958730419;0.04230668473875454;0.04529285981343634;0.016327124055540487;0.14991388828764585;0.1494479984275472;-0.005223920711406649
2022-08-06 10:35:14.600;-0.9424635205458218;952.3212737240319;1.0956095150272769;-0.02420684153645425;-0.02964914096932958;-0.0309388038164915;0.047955617694050545;0.05138817293286735;0.018782070619552726;0.1493540044575674;0.14888071961229343;-0.00525675700224415
2022-08-06 10:35:14.620;-0.9414676302007219;952.9295678881244;1.096309334397592;-0.026835745217510976;-0.03689754755814434;-0.05744458493679616;0.05360453152960787;0.057483643919432836;0.021237952258434944;0.14879412549408144;0.14831344577601158;-0.005289592857279146
2022-08-06 10:35:14.640;-0.9415457519874629;953.5372828199106;1.0970084873831023;-0.027105151923535686;-0.041638397050949294;-0.08314305581749615;0.06161200018565438;0.06607466788498328;0.024434519848208325;0.15059531989868802;0.15022378520177426;-0.004694144086151653
2022-08-06 10:35:14.660;-0.9428480806434624;954.1438255267203;1.0977062917682259;-0.027374534015450536;-0.046361015989564436;-0.10873561443759883;0.06961959630454118;0.07466613108594089;0.027632722449897784;0.152396564668269;0.1521341903570601;-0.00409861470270112
2022-08-06 10:35:14.680;-0.9454757653647599;954.7497885092089;1.0984034292025002;-0.017711331791076645;-0.038284085717609884;-0.11803523388798798;0.06686656323419271;0.0717587899255605;0.026800348843266875;0.1517122364938963;0.1514408200665116;-0.0041387664250596146
2022-08-06 10:35:14.700;-0.9495078094634304;955.3557581139685;1.099100574255446;-0.00804817115329115;-0.030204896835218875;-0.1273208401041117;0.06411354719714524;0.06885148721969614;0.025968083709378753;0.15102791558996742;0.15074745721420868;-0.004178917495994305
2022-08-06 10:35:14.720;-0.9549677824572452;955.961734343211;1.0997977269296086;0.0016149478985880705;-0.0221234521414182;-0.13659245133603193;0.061360548193228226;0.06594422296510771;0.02513592703538592;0.15034360195636864;0.15005410179981027;-0.004219067915484764
2022-08-06 10:35:14.740;-0.9618313812084;956.5669238346818;1.1004939744917963;0.014424528054576058;-0.010720550631990733;-0.14491653252157644;0.06175240581965369;0.06636775608527756;0.025310295688833584;0.15280748384885;0.1526673180170519;-0.003404367435462241
2022-08-06 10:35:14.760;-0.970044076953563;957.1705310924663;1.1011884017541236;0.027234378297634976;0.000684354955492239;-0.15322978077706306;0.062144322409928066;0.066791353395935;0.025484692818038113;0.1552714599842524;0.15528065723395912;-0.0025895160799445094
2022-08-06 10:35:14.780;-0.9795409866007114;957.7729333381794;1.1018814426957548;0.009814041541346796;-0.013215327540283539;-0.13267147856416717;0.057657615298730036;0.062025625014634045;0.023969594125164306;0.15595909815022324;0.15603652742174745;-0.0022097659591171492
2022-08-06 10:35:14.800;-0.9901627812384042;958.3745094076949;1.1025735331529978;-0.007606373786643417;-0.027103576792089967;-0.11204369711275763;0.053170890973525786;0.057259946198350065;0.022454837682135853;0.15664674365479314;0.15679241011480372;-0.0018299878298471128
2022-08-06 10:35:14.820;-1.0017611765149261;958.975258262326;1.1032646719308827;-0.02502686768758622;-0.04098036074927691;-0.09134623128325625;0.0486841494340311;0.05249431693366802;0.020940423423663646;0.1573343964979621;0.15754830531358266;-0.0014501816901217879
2022-08-06 10:35:14.840;-1.0141788944482075;959.5755839921112;1.1039553239196769;-0.044067129880659195;-0.056554383818397724;-0.07106002494476193;0.04257833738225969;0.04601521837194156;0.018915362856836815;0.15640115197772175;0.15660271849191076;-0.0015049934014914612
2022-08-06 10:35:14.860;-1.027225325640213;960.1759028132437;1.104645967960328;-0.038791341143962654;-0.049653816099837655;-0.06181988320430687;0.04785449253601115;0.0517321611293724;0.021345603572205718;0.15546792097882545;0.15565714550388066;-0.0015598038994779628
2022-08-06 10:35:14.880;-1.0407600662710452;960.7755487079921;1.1053358378246902;-0.030475117521575612;-0.03955488549209818;-0.05172995521767998;0.05616988794108835;0.060653052000169794;0.024662275628553942;0.15757731518039364;0.15789445139137115;-0.0008619851366677977
2022-08-06 10:35:14.900;-1.0546493598149274;961.3738210032388;1.1060241274149105;-0.02215873452149708;-0.02945280745527512;-0.04162322991787004;0.06448544269685641;0.06957443935866792;0.027980715901239073;0.15968677845603807;0.16013184743934517;-0.00016405574294164893
2022-08-06 10:35:14.920;-1.0687806759288176;961.970723626313;1.106710841249232;-0.013842192135086862;-0.01934757752704641;-0.031499682140744945;0.07280115681155763;0.0784963233876752;0.03130092527457862;0.16179631080968093;0.16236933365559025;0.0005339843013523193
2022-08-06 10:35:14.940;-1.0830732629030104;962.568015012941;1.1073980023412806;-0.011798604030445858;-0.015889738795952013;-0.02340883402126437;0.0748463812312039;0.08075017372213011;0.03246010767269958;0.15762876556528127;0.1579910605431678;-0.0006037267438996352
2022-08-06 10:35:14.960;-1.0974769744006763;963.167443734892;1.1080876223565743;-0.02424090522174538;-0.02723253938743042;-0.016849610874822396;0.06447514199616222;0.06970016884603325;0.028763704979657412;0.1534614899298994;0.15361311799540545;-0.0017411227565329312
2022-08-06 10:35:14.980;-1.1119419237121133;963.7679317990624;1.1087784611049232;-0.03251860821058017;-0.03417438947829865;-0.009010857526416949;0.058266864754479286;0.06306075770724107;0.026408069813579793;0.1534614899298994;0.15361311799540545;-0.0017411227565329312
2022-08-06 10:35:15.000;-1.1264823305254792;964.3684126931112;1.1094692916043187;-0.040796311199528645;-0.041114638348492605;-0.0011623278070107546;0.052058587512853194;0.05642151046763644;0.024053287856693473;0.1534614899298994;0.15361311799540545;-0.0017411227565329312
2022-08-06 10:35:15.020;-1.141131229813182;964.96888641861;1.1101601138565698;-0.04907401418830659;-0.04805328439144674;0.006695988801836528;0.04585031027117026;0.04978242707213809;0.021699358835276072;0.1534614899298994;0.15361311799540545;-0.0017411227565329312
2022-08-06 10:35:15.040;-1.155943857360407;965.5687225837682;1.1108502026198237;-0.056446972587309574;-0.053969325725947925;0.015215117306038195;0.040546454427079937;0.0441693819623552;0.02002699212085801;0.15436694554290753;0.1546221449492009;-0.0011623143933574553
2022-08-06 10:35:15.060;-1.1709425108933904;966.1673077227824;1.111538852124936;-0.029674231847195642;-0.02443358054310707;0.03058465274455724;0.041450888532814645;0.04513373107645435;0.02035355668202765;0.15527241387860968;0.15563119610294507;-0.0005834433341451728
2022-08-06 10:35:15.080;-1.1862387524515086;966.7652892928818;1.112226807246898;-0.0044591036906922454;0.0034249711315759157;0.045294521033409474;0.04079838300820171;0.044409557652194565;0.019954276449554165;0.1477210488350842;0.14775395420656423;-0.002323927435837092
2022-08-06 10:35:15.100;-1.201894347076196;967.3632978270252;1.1129147933899703;0.02075591450198999;0.03128980371368684;0.06003900204914725;0.04014588410107223;0.04368539219533574;0.01955500237002905;0.14016972150580287;0.13987683949125085;-0.004063983407454508
2022-08-06 10:35:15.120;-1.2179584699439006;967.9613333301604;1.113602810559845;0.045970822732442684;0.05916093071979489;0.07481816760374294;0.03949339181136935;0.0429612347060484;0.019155734443304873;0.13261843189014044;0.1319998519488763;-0.0058036112645059035
2022-08-06 10:35:15.140;-1.234484947420297;968.558589751694;1.1142899314258783;0.04012800597729438;0.054979682328362145;0.08448402374938713;0.04606548850299674;0.0500921385434836;0.02223903498860036;0.13505425293590534;0.1345832642622895;-0.004998372003405471
2022-08-06 10:35:15.160;-1.251429704018851;969.1542375533973;1.1149752016357932;0.0342851421778505;0.050800913687080396;0.0941649831414546;0.05263774677278121;0.05722349183910325;0.02532386787130303;0.13749016609580522;0.13716679678981336;-0.004192985304473318
2022-08-06 10:35:15.180;-1.2687636980670387;969.7490754523678;1.115659540083324;0.02402050564325009;0.04200470033591941;0.1028081658472173;0.05479103066168278;0.059732072223404487;0.027325014936985248;0.13550248760589412;0.13515298335460102;-0.004308878419108986
2022-08-06 10:35:15.200;-1.2863893961314699;970.3438971729411;1.1163438599182223;0.01375604394434049;0.0332105492933259;0.11146295846461296;0.056944319065713955;0.06224076403723444;0.029326755364631474;0.1335148704557163;0.13313923266002803;-0.004424766107790745
2022-08-06 10:35:15.220;-1.3041830264242593;970.938702717518;1.1170281611432502;0.0034917570723109748;0.024418462565076737;0.12012937437322968;0.05909761198379471;0.06474956730691162;0.03132908930692313;0.13152731464169065;0.13112554470274063;-0.004540648370895184
2022-08-06 10:35:15.240;-1.321974809690146;971.5334967016024;1.1177124490683699;-0.0006470767178825554;0.01762858472110551;0.10496732037216994;0.06116702887889147;0.06688879819680693;0.03168903408855961;0.13152731464169065;0.13097413297811045;-0.005409588021440648
2022-08-06 10:35:15.260;-1.3395776920405147;972.1282837426625;1.1183967290058032;-0.004785910508019242;0.010844963434603727;0.08984126417479299;0.0632364457739314;0.06902802622787618;0.03204895753122283;0.13152731464169065;0.13082272141105022;-0.006278525264223234
2022-08-06 10:35:15.280;-1.3567692326691003;972.7229093188726;1.119080823184049;-0.008641792978323792;0.004380049360374727;0.07491530018555714;0.06558869069770168;0.07148064986629521;0.03257906252254372;0.13181041957028938;0.1311318162872226;-0.00613422520667406
2022-08-06 10:35:15.300;-1.3733071060167297;973.3172188316748;1.119764553743329;-0.012497682289961176;-0.0020787971230085134;0.06002430758859756;0.06794094090665936;0.07393328047496794;0.033109169050986154;0.13209352574296318;0.13144091317377615;-0.005989921013775934
2022-08-06 10:35:15.320;-1.3889387157383588;973.9112121338767;1.120447920514303;-0.01635357844287455;-0.0085315881250132;0.04516821504930668;0.07029319640086129;0.0763859180520754;0.033639277103786114;0.13237663315971204;0.1317500120704267;-0.005845612685417834
2022-08-06 10:35:15.340;-1.4034115366471434;974.5050434135846;1.1211311008845417;-0.014326356275773833;-0.014717559534606295;-0.0020902764265633422;0.06973386470557585;0.07575619031181446;0.03324549202842153;0.13181676185832103;0.1311827397331058;-0.0058784870635255615
2022-08-06 10:35:15.360;-1.41648262705181;975.0988669635772;1.1218142723620357;-0.012299139237370582;-0.02084282947359739;-0.04899470274260054;0.06917453787222172;0.07512646856347516;0.032851712142823786;0.131256895423693;0.13061547237481363;-0.005911361004760529
2022-08-06 10:35:15.380;-1.4279215266022631;975.6931251434653;1.1224979438647442;-0.011033709403704961;-0.02774960514810587;-0.09599303847246787;0.06785375351544332;0.07364979164285756;0.03198132463982706;0.12993483686176788;0.12931425992252343;-0.005769058790012771
2022-08-06 10:35:15.400;-1.4375304903601944;976.2882384155746;1.1231825991186297;-0.009768276046713709;-0.03459507389104388;-0.14263424639277833;0.06653299626683662;0.07217316298918064;0.03111105191335728;0.12861280543421927;0.12801306422613834;-0.005626815264064611
2022-08-06 10:35:15.420;-1.445163352421275;976.8842068447193;1.123868238198258;-0.011089572478283571;-0.052672901450623755;-0.23890417027732536;0.06314287947598274;0.0685204451324708;0.029668391009205486;0.12729080113996716;0.12671188528645416;-0.005484630416738412
2022-08-06 10:35:15.440;-1.4506840615680332;977.4810552631025;1.1245548896721378;-0.013211271873899477;-0.07130507683249121;-0.33372846923517674;0.05895273307428539;0.06404971071632559;0.028138346196898034;0.12516796507913241;0.12449358038639957;-0.005996128304818882
2022-08-06 10:35:15.460;-1.4540104602355783;978.0788142822785;1.1252425887577013;-0.01533290134256049;-0.08967789658462166;-0.4270469160200845;0.05476268687900898;0.05957915268383118;0.026608698109183315;0.12304519898259869;0.12227535852031224;-0.006507559356240478
2022-08-06 10:35:15.480;-1.4551051176679097;978.6770201068066;1.1259308018758802;-0.01533290134256049;-0.10557635863418469;-0.5183606324586902;0.05269333054017267;0.05734147262976563;0.025681820269186417;0.12304519898259869;0.12227535852031224;-0.006507559356240478
2022-08-06 10:35:15.500;-1.4539868167136396;979.2752096947734;1.126618996314511;-0.01533290134256049;-0.12122597871493568;-0.6082289083805774;0.05062397420133635;0.05510381776921491;0.024755075870405818;0.12304519898259869;0.12227535852031224;-0.006507559356240478
2022-08-06 10:35:15.520;-1.4506975085968103;979.8733905236222;1.1273071806761086;-0.013263545003724175;-0.12259531916774691;-0.6280088113997406;0.05062397420133635;0.05520242055721525;0.025322505658706973;0.12304519898259869;0.12227535852031224;-0.006507559356240478
2022-08-06 10:35:15.540;-1.445363720729636;980.4729487566728;1.1279969496890117;-0.016178764347841934;-0.12920117801334996;-0.6491495917883476;0.0456417840450527;0.050005484460747596;0.024187232553374294;0.11805802414375322;0.11702145542182052;-0.007952853910709656
2022-08-06 10:35:15.560;-1.4381141285446368;981.075256843098;1.1286898823039524;-0.019093668971322586;-0.13579251298049044;-0.6702083333886995;0.040659979631733734;0.044808985689748226;0.023052212012728113;0.11307123543389608;0.11176803427622417;-0.009397650703834692
2022-08-06 10:35:15.580;-1.4291096515152946;981.6789351834668;1.1293843913440977;-0.017459488546649027;-0.1375645619135959;-0.6897918887831471;0.0402250893704732;0.04446589271206136;0.023589268650010098;0.1126359100648564;0.11132696219345917;-0.009423173372010929
2022-08-06 10:35:15.600;-1.4185483636266234;982.2826105491476;1.130078896961977;-0.015825311396724828;-0.13932464858757854;-0.7093057674169048;0.039790202048926915;0.04412280128671142;0.024126319431056586;0.11220058763843;0.1108858931209511;-0.009448695776665517
2022-08-06 10:35:15.620;-1.4066286901255034;982.8862873677645;1.1307734042514044;-0.01005258590532776;-0.13257268646848175;-0.7037809311737799;0.04349386928326027;0.048131639048882846;0.025807798490417255;0.11176526815450316;0.11044482705887049;-0.009474217917824213
2022-08-06 10:35:15.640;-1.3935696014815244;983.4898106319524;1.1314677348822837;-0.0033272085001385676;-0.12483071289657133;-0.6980577846566307;0.04814970472305191;0.053136339528386145;0.027721469566054147;0.1122830547192315;0.11099396336720702;-0.009303165836469063
2022-08-06 10:35:15.660;-1.3795892134230432;984.0929992322708;1.1321616804950712;0.0033981952454382736;-0.11708762282447438;-0.6923285808478097;0.05280555910784557;0.05814116875402675;0.029635717876323575;0.11280084544648972;0.11154310510687537;-0.009132107097387099
2022-08-06 10:35:15.680;-1.3649050078061602;984.6964222417664;1.1328558957867283;0.007949249872240216;-0.11162692162415411;-0.687183186203014;0.05528820619267805;0.06084219796665735;0.030842296297153737;0.11114336414130221;0.10970504794960334;-0.010140078692097987
2022-08-06 10:35:15.700;-1.349707816337238;985.3006411240276;1.1335510266998243;0.012500276137018318;-0.10616539856275509;-0.6820330192340878;0.057770848559108856;0.0635432649377563;0.03204910145618811;0.1094859254903362;0.10786706105164967;-0.011147902089891026
2022-08-06 10:35:15.720;-1.3341837487240953;985.9056524555126;1.134247069295704;0.01084353093261825;-0.10531304593630253;-0.667601049532772;0.05094187154507068;0.05626104811242527;0.029578788534145417;0.10782852949143162;0.10602914440659106;-0.012155577313568422
2022-08-06 10:35:15.740;-1.3184870966676259;986.5110585337607;1.1349435660327665;0.010097614428161705;-0.10347428012918058;-0.6527500119632172;0.045023261976361084;0.04997156672008174;0.027564007824532943;0.10708231997984186;0.10527309083022374;-0.01219929650127316
2022-08-06 10:35:15.760;-1.302756818984882;987.1164645712779;1.1356400627229697;0.00935170656646278;-0.10162862990987165;-0.637858984065593;0.03910468768234665;0.0436822428742758;0.02554985577575497;0.10633611911424978;0.10451704609914714;-0.012243014915402917
2022-08-06 10:35:15.780;-1.2871074437663446;987.7221234604585;1.1363368503094238;0.008571519565009567;-0.09984760112709878;-0.623141059581668;0.033151881695381746;0.0373148406647843;0.023283981117119268;0.10555562564360699;0.10368932495282479;-0.012500705013869684
2022-08-06 10:35:15.800;-1.2716371093648424;988.328287934004;1.1370342195515188;0.007791342017810621;-0.09796746101963905;-0.6078536264681835;0.032372177776643696;0.03640573344208775;0.022554990238870865;0.10477514163091328;0.1028616161456739;-0.012758379994083136
2022-08-06 10:35:15.820;-1.256423129642155;988.9349576323948;1.137732170035641;0.00701117392463857;-0.096080121842963;-0.5925243651186562;0.03159248330613451;0.03549664708405231;0.021826062002583413;0.1039946670759413;0.1020339196771829;-0.013016039857049577
2022-08-06 10:35:15.840;-1.2415323855422127;989.5426168680642;1.138431258944881;0.003924887415223566;-0.0965942921508578;-0.5777025787513157;0.02850807041281911;0.03216289919667048;0.020453327796476017;0.10090716822674395;0.09879714100179626;-0.013819954665198253
2022-08-06 10:35:15.860;-1.2270098347046097;990.1517483663265;1.1391320416364081;0.0008387488547896282;-0.09710170982296873;-0.562842116454001;0.02542380537867217;0.028829361386250696;0.01908092318213317;0.09781981738467849;0.09556054148384874;-0.014623709062218104
2022-08-06 10:35:15.880;-1.2128844246902064;990.761623806502;1.1398336802048976;0.0008387488547896282;-0.09436541955259159;-0.547129528672933;0.02542380537867217;0.028755511453290694;0.018655906956120738;0.09781981738467849;0.09556054148384874;-0.014623709062218104
2022-08-06 10:35:15.900;-1.199182481670067;991.3715004259939;1.1405353201301458;0.011184630092714087;-0.08099749998385519;-0.5299553676599622;0.029562157873819217;0.033230113744458833;0.020507619060992965;0.09781981738467849;0.09556054148384874;-0.014623709062218104
2022-08-06 10:35:15.920;-1.1859507825047242;991.9813910778394;1.1412369761990846;0.02153051133052486;-0.06762034706176578;-0.5127288249195514;0.03370051036902311;0.03770481671435988;0.022359864460069545;0.09781981738467849;0.09556054148384874;-0.014623709062218104
2022-08-06 10:35:15.940;-1.173216979896573;992.590856437535;1.1419381429855315;0.03235673446437204;-0.053681050149382514;-0.4950415921616118;0.038318882313809866;0.04274315167672427;0.024683563219976;0.09830029649168992;0.09611199396010761;-0.014224584065694046
2022-08-06 10:35:15.960;-1.1610049784613348;993.1994565309215;1.1426383143158991;0.04318299548185678;-0.03973193261677821;-0.47729888343991167;0.04293727155832272;0.047781662946171366;0.02700811331244335;0.09878077918063255;0.09666345511652708;-0.013825430874241817
2022-08-06 10:35:15.980;-1.1493395521355627;993.8076295889259;1.1433379943582522;0.05293837061049089;-0.026924954852891148;-0.45994716376224964;0.04648551905658138;0.0516574586577363;0.02882146498458571;0.09819011226028707;0.09596825617916238;-0.014415277540317462
2022-08-06 10:35:16.000;-1.1382883913504962;994.4157949829751;1.1440376655835152;0.026483152185790004;-0.05140313081651371;-0.4481268199495059;0.04072246906535071;0.04543358622371585;0.026285842202297793;0.09759945075746046;0.0952730645955171;-0.015005114898477778
2022-08-06 10:35:16.020;-1.1278198490849918;995.0239332101846;1.1447373055543595;2.804459899152789e-05;-0.07587744552327891;-0.43628250008782743;0.03495944557077024;0.039209927827165814;0.02375121003199432;0.09700879467203904;0.0945778803654207;-0.0155949429489608
2022-08-06 10:35:16.040;-1.1179393961995243;995.6322713184127;1.1454371754807362;-0.026540455025781284;-0.1004974758777486;-0.4246194020895153;0.02908300244846629;0.03283210035980488;0.020984260626786266;0.09630458640595307;0.09383108847674748;-0.015827299612617196
2022-08-06 10:35:16.060;-1.1086442109053343;996.241036167914;1.1461375363567667;-0.053108821266732775;-0.12511377934933776;-0.4129332515651667;0.023206592156022054;0.026454530142395072;0.018218505044859334;0.0956003858395924;0.09308430663190848;-0.016059643976159776
2022-08-06 10:35:16.080;-1.0998804978700227;996.8505950809704;1.1468388107728078;-0.05346632255117356;-0.12086169126863311;-0.38644411949429536;0.024919274004311376;0.028365388128101188;0.019324512912447744;0.09317235473423935;0.09053886855804194;-0.01669195726414241
2022-08-06 10:35:16.100;-1.0916454110460074;997.4613144838295;1.147541420288363;-0.053823767019082425;-0.11658887924810202;-0.35983478161310156;0.026631977962416897;0.0302763041073959;0.02043071619827419;0.09074441516509424;0.08799354129666881;-0.01732417128014596
2022-08-06 10:35:16.120;-1.0838828757509433;998.0731922187624;1.1482453624210471;-0.05418115467460893;-0.11229526485735519;-0.3331047678320793;0.02834470402800804;0.03218727808403088;0.02153711493418875;0.08831656712624536;0.08544832483784148;-0.017956286042571712
2022-08-06 10:35:16.140;-1.0765060496724026;998.685659500632;1.1489499828051275;-0.05211204627346433;-0.10542980362518861;-0.30558213379313415;0.03248292083035409;0.036661892113251326;0.023389628997364298;0.08831656712624536;0.08544832483784148;-0.017956286042571712
2022-08-06 10:35:16.160;-1.069421294767155;999.2981267283831;1.1496546031269463;-0.05004293787243341;-0.09854214760841629;-0.2779308441178747;0.0366211376326433;0.041136606858721336;0.02524267655284884;0.08831656712624536;0.08544832483784148;-0.017956286042571712
2022-08-06 10:35:16.180;-1.0625069061059285;999.9110067967486;1.150359698406238;-0.03750415308337551;-0.0844867538044447;-0.26944501715958324;0.03260793043833843;0.03675619973527233;0.023210415678248886;0.08637064841912334;0.08341711679867103;-0.018412530551275452
2022-08-06 10:35:16.200;-1.0556330166112697;1000.5247047774537;1.1510657346626627;-0.0249655040178709;-0.07042929277341514;-0.26094712053510793;0.028594809770289942;0.03237599590389806;0.02117877693443493;0.08442478850867374;0.08138597810528836;-0.01886872122877392
2022-08-06 10:35:16.220;-1.048652882855523;1001.1392196520828;1.1517727107245714;-0.01242699067012154;-0.05636976175432906;-0.25243713934038414;0.02458177562423458;0.027995995326001832;0.01914776014220365;0.0824789873919407;0.07935490875337337;-0.019324858082735652
2022-08-06 10:35:16.240;-1.0414133638208576;1001.7541493164244;1.1524801639863165;0.001031188503247904;-0.04131128564981523;-0.24348912830670866;0.021488058036347013;0.024619834787678485;0.017584616176877788;0.08145335534328879;0.07831577473820062;-0.019384815764291297
2022-08-06 10:35:16.260;-1.0337620094912994;1002.3690921754533;1.1531876324280488;0.014489281495059458;-0.026250435379015613;-0.23452765131201048;0.018394371412320254;0.02124376689713614;0.01602179804774817;0.08042773962955962;0.07727665743317402;-0.01944477198878669
2022-08-06 10:35:16.280;-1.0255979618740159;1002.985110257745;1.1538963378733744;-0.009603527199715245;-0.049147036918416376;-0.2272103393473186;0.014994148902623294;0.017601727178636395;0.014698584658366265;0.07702423681081783;0.07357087475986646;-0.0211215995371985
2022-08-06 10:35:16.300;-1.0167468956741805;1003.6032617340752;1.1546074977076466;-0.033695670139479716;-0.0720417907980142;-0.21988492378232127;0.011594106079805044;0.013959931599210051;0.013375710995362056;0.0736209138524977;0.06986537287679084;-0.022797884625387788
2022-08-06 10:35:16.320;-1.0071007200288058;1004.2235389305351;1.1553211031023245;-0.05778714737965629;-0.09493469638400498;-0.21255139835889114;0.008194242927210382;0.010318380122761539;0.012053176960727718;0.07021777073748936;0.06616015173210599;-0.024473627436175427
2022-08-06 10:35:16.340;-0.9965754160779112;1004.8437111649328;1.1560345877421296;-0.07593290068354008;-0.11143449021662732;-0.2027551568982009;0.010737281994444459;0.013104367153268015;0.013400218762782856;0.07276326316008763;0.068912159645663;-0.023331744320491232
2022-08-06 10:35:16.360;-0.9850738272365165;1005.4615717346096;1.156745412899328;-0.04856057512768075;-0.08191523423042568;-0.19092310808517876;0.0132804215714728;0.015841291418873027;0.014464287806817744;0.0753088561893982;0.07166431844035515;-0.02218959182134217
2022-08-06 10:35:16.380;-0.9726458657607011;1006.0783068169185;1.157454943225986;-0.02441579575332753;-0.055853517737123326;-0.18035474760614445;0.01259740011997934;0.015098481980750478;0.014133947713252049;0.07462517580404793;0.07097164403541001;-0.022229530500461614
2022-08-06 10:35:16.400;-0.959322206388199;1006.6950603719815;1.158164494804847;-0.00027112626639791415;-0.02978840133025429;-0.16976775462606053;0.011914385920057668;0.014355680980351337;0.013803612960017198;0.07394150267737487;0.07027897705592068;-0.02226946853269407
2022-08-06 10:35:16.420;-0.9451819015854868;1007.311839754002;1.1588740760966434;0.0238734333348134;-0.003719879364869172;-0.15916210013804566;0.01123137897165094;0.013612888417959823;0.013473283546937331;0.0732578368092085;0.0695863175014324;-0.022309405918022662
2022-08-06 10:35:16.440;-0.9303444135824264;1007.9304213778014;1.1595857307992685;0.04308019648544814;0.0170528665481946;-0.15052258262658835;0.005614747216760918;0.007547809278186435;0.011005399809562277;0.06763578650083346;0.06376969141319933;-0.023330173752241556
2022-08-06 10:35:16.460;-0.9150031221954296;1008.5525536896675;1.1603014704338783;0.02918375713397836;0.004358942177159264;-0.14335251944762994;0.006205367615315538;0.008144550004296036;0.011028733374134347;0.0620142269554016;0.05795359108998355;-0.024350786589425688
2022-08-06 10:35:16.480;-0.8993027549873985;1009.1769413153743;1.1610198047215443;0.018724111854226066;-0.004638829163841507;-0.13475565817936275;0.01022974178435021;0.012451905320098433;0.012576364342137936;0.059829827498678156;0.055665203455305345;-0.02491036890256737
2022-08-06 10:35:16.500;-0.8834651876622295;1009.8023160336379;1.161739274621768;0.008264665415026684;-0.013634488078285045;-0.12614703540636363;0.014254096413516493;0.016759309078771878;0.014124348704493528;0.057645502139227034;0.05337690514386395;-0.025469872894023915
2022-08-06 10:35:16.520;-0.8677320802657987;1010.4286762194315;1.1624598782650177;-0.0021945821940789756;-0.022628032578413837;-0.1175266378032287;0.018278431503269132;0.021066761294356695;0.015672686527208768;0.05546125087238707;0.05108869614866762;-0.026029298576828452
2022-08-06 10:35:16.540;-0.8523553856789678;1011.0555251249243;1.1631810441617498;-0.010470077544425749;-0.029321276186554;-0.10827676208894577;0.024485053016043423;0.027678984994430778;0.017881921693110314;0.05546125087238707;0.05108869614866762;-0.026029298576828452
2022-08-06 10:35:16.560;-0.8375983737206236;1011.6823691241807;1.163902204414043;-0.014607825219627557;-0.03172773181066546;-0.09824768272819195;0.02655392685367275;0.02981738956280111;0.01824037671943035;0.05546125087238707;0.05108869614866762;-0.026029298576828452
2022-08-06 10:35:16.580;-0.8237317788497258;1012.3091793908461;1.1646233258582694;-0.019239368173998628;-0.03462736951437151;-0.08820524678121355;0.02812926636958224;0.031459980902333484;0.018595660733935482;0.05496730042921527;0.050371604637859946;-0.027301733483474422
2022-08-06 10:35:16.600;-0.8110062793535167;1012.9359247863395;1.1653443726706723;-0.023870893234629875;-0.03752423543315686;-0.07814645942215392;0.029704602618643605;0.03310256563506897;0.018950921976942148;0.05447335377516893;0.04965451822909017;-0.028574162033288886
2022-08-06 10:35:16.620;-0.7996591956344379;1013.5626053087981;1.1660653448491085;-0.028502400401748673;-0.04041832585014404;-0.06807129753334351;0.031279935600856845;0.03474514375890436;0.019306160437280617;0.05397941091030489;0.048937436922585675;-0.029846584226120854
2022-08-06 10:35:16.640;-0.789899136783232;1014.1892578851184;1.1667862848765722;-0.03352519301762413;-0.04371172343079266;-0.058034278744782064;0.03246414362482852;0.03598518234483805;0.01960359035730086;0.05309402876122604;0.04804043330909735;-0.029898182945590435
2022-08-06 10:35:16.660;-0.7818812244455966;1014.8159063487037;1.1675072201724903;-0.01889386732409548;-0.02972134422205741;-0.061997104877960396;0.01864918420213968;0.02116784524944393;0.014113212419444743;0.052208658786245365;0.047143442148239956;-0.02994978058367792
2022-08-06 10:35:16.680;-0.7757649330023215;1015.4420147412093;1.1682275341371096;-0.0016007363725520918;-0.01293666878055788;-0.06524852928276914;0.007494445546548434;0.009151428264921435;0.009378609807190408;0.05398585419152724;0.04902781407560042;-0.02936489921190244
2022-08-06 10:35:16.700;-0.7716524273696765;1016.0670292976065;1.1689465896847626;0.015692633936055245;0.0038484279656039178;-0.06849850331882656;-0.003660402706508137;-0.002864441649045091;0.004647468618000694;0.055763098645005726;0.0509122499448722;-0.028779939678212685
2022-08-06 10:35:16.720;-0.7695944429546203;1016.6909479719252;1.1696643844616386;0.03298624361224256;0.020633946017053262;-0.07174702731883098;-0.01481536056129329;-0.0148797649385628;-8.021339737851463e-05;0.057540392149068254;0.05279674976100068;-0.028194901970883812
2022-08-06 10:35:16.740;-0.769620196060669;1017.3144030644689;1.1703816459052603;0.042119141073555966;0.017563793622652923;-0.14204637702601453;-0.007750305070509;-0.00735046548233953;0.002449803738536538;0.051156516370387095;0.04625882369930423;-0.0289701977917467
2022-08-06 10:35:16.760;-0.7716532651405899;1017.9380279482793;1.1710991026872963;0.05125197482868771;0.01463043138877751;-0.211545210387305;-0.0006852960047680767;0.0001789631886381926;0.0049807219481614595;0.04477270664375865;0.03972093855691128;-0.029745671974160004
2022-08-06 10:35:16.780;-0.7755914220169002;1018.5617369170577;1.1718166562058996;0.06159633173041357;0.013075232330461262;-0.28009494553710557;0.007590189516555768;0.00895326657619222;0.0076851469249072935;0.04477270664375865;0.03972093855691128;-0.029745671974160004
2022-08-06 10:35:16.800;-0.7812939888517226;1019.1854442890253;1.1725342078874328;0.07194068863202574;0.011653468785279841;-0.34786408668259394;0.015865675037936455;0.017727776416940344;0.010390620030814368;0.04477270664375865;0.03972093855691128;-0.029745671974160004
2022-08-06 10:35:16.820;-0.7885719844359239;1019.8091502066309;1.1732517578957773;0.0822850455337516;0.010363860892393717;-0.4148603795655559;0.024141160559317143;0.0265024927766504;0.013097141570757032;0.04477270664375865;0.03972093855691128;-0.029745671974160004
2022-08-06 10:35:16.840;-0.7972264852825193;1020.4338682139423;1.173970472274952;0.06768580651021239;-0.012352531084307117;-0.4612119933836327;0.01575224164955813;0.017603892793353282;0.010332760083374026;0.040517976406025724;0.03525580737743894;-0.03088084494837595
2022-08-06 10:35:16.860;-0.8069685589549527;1021.0606083749808;1.1746915130653128;0.05308715237634942;-0.03500311223396935;-0.5071894979930267;0.0073637251298137585;0.008705947035686279;0.007569674903964874;0.03626352728969451;0.030791018841910045;-0.03201570032011425
2022-08-06 10:35:16.880;-0.8175016318304165;1021.6883543628719;1.1754137110213285;0.04209083246320233;-0.05378199728008681;-0.5516832062588346;0.002574377320833321;0.003644818724559684;0.0061018279021975985;0.03561123723477877;0.03000561346630093;-0.03276872130144959
2022-08-06 10:35:16.900;-0.8285242302791661;1022.316070842724;1.1761358750294642;0.03109456572843783;-0.0725001815692714;-0.5958281612884866;-0.0022149452573998474;-0.0014162203607597235;0.0046343044373173825;0.034958953788081004;0.02922021743802361;-0.03352172893371108
2022-08-06 10:35:16.920;-0.8397208313879663;1022.9437653625864;1.1768580137734643;0.020098352171146416;-0.09115807191105674;-0.6396267506626421;-0.007004242605397337;-0.006477170233459617;0.003167104449190994;0.03430667694960121;0.028434830756793872;-0.034274723217254
2022-08-06 10:35:16.940;-0.850760391831014;1023.5715804054562;1.1775802911746145;0.00930710312940164;-0.10582450301282975;-0.6616908502380889;-0.010037164847197744;-0.009874322646020062;0.001131709078338261;0.03385934732165552;0.027960548432702126;-0.034421817548397016
2022-08-06 10:35:16.960;-0.8613305918531233;1024.1996583613;1.178302871047172;-0.0014841108680343496;-0.12047540861985695;-0.6836666964301967;-0.013070075999983999;-0.013271360139036403;-0.0009031233114713544;0.03341202080122585;0.027486270159045034;-0.03456890693166148
2022-08-06 10:35:16.980;-0.8711248282662858;1024.8277169811263;1.1790254286743744;-0.011961533295561821;-0.134751125098294;-0.7052960084528204;-0.015789440792808307;-0.016299800798456943;-0.0026274339479019915;0.03327852113114105;0.027372545443427043;-0.03445311188397415
2022-08-06 10:35:17.000;-0.8798519988810252;1025.4554740278327;1.1797476393531379;-0.022438945915382646;-0.14901185862644084;-0.7268399962723153;-0.018508802926554324;-0.01932817077575777;-0.004351379597224536;0.033145021737542635;0.027258821221494145;-0.03433731546085994
2022-08-06 10:35:17.020;-0.8872395840347183;1026.0829328137988;1.180469506894229;-0.030847561316761585;-0.15694041831952532;-0.7239435913654964;-0.01243581590525622;-0.01282772697245349;-0.002013050443194331;0.033011522620316924;0.027145097493132653;-0.03422151766232506
2022-08-06 10:35:17.040;-0.8930630469299301;1026.7102382426601;1.1811911980037861;-0.04000764367822285;-0.16565097389340977;-0.7212097100871109;-0.007113874474292459;-0.0071150780866204855;0.00012877245095843648;0.03729827087153481;0.03173191461985425;-0.032572084061984086
2022-08-06 10:35:17.060;-0.897122918100991;1027.3375318570252;1.1819128755212132;-0.04916766331393774;-0.17436126577704059;-0.7184744882522809;-0.0017919588035155698;-0.0014023234262694473;0.002271283286517267;0.041584999693558444;0.036318805184407665;-0.030922160423482836
2022-08-06 10:35:17.080;-0.8992590112836828;1027.9648868854347;1.1826346236931697;-0.05767254586828585;-0.18241842527939767;-0.7157615552905314;0.004184691996307777;0.0049626432454275005;0.004386035535429045;0.041355124319242265;0.03607507035394519;-0.030997796815824152
2022-08-06 10:35:17.100;-0.8993627787230724;1028.5923765380212;1.1833565267451371;-0.06617741447308845;-0.19047537311869078;-0.7130473133587119;0.010161333769168834;0.011327731172663391;0.006501459362452167;0.04112524976557452;0.03583133659316218;-0.031073431900801474
2022-08-06 10:35:17.120;-0.8973429243865434;1029.2200130947967;1.184078598804804;-0.053994570652378115;-0.17573194852124985;-0.698549378496554;0.009931656972220537;0.011007863494718606;0.005987004681375474;0.04089537603244153;0.03558760390222915;-0.031149065678441445
2022-08-06 10:35:17.140;-0.8932125239867535;1029.8480953167964;1.184801183585412;-0.043505573336744874;-0.16273947255868748;-0.6843515684892569;0.008009024337845005;0.00891882293129953;0.0050679488438838405;0.038971094838476716;0.03358467065476134;-0.031567729679275125
2022-08-06 10:35:17.160;-0.8869993206013342;1030.4768868263127;1.1855245843744129;-0.0330166833880412;-0.1497406013842557;-0.6701170481243768;0.0060864491605698845;0.006829864159932697;0.004149021381434359;0.037046871150895555;0.03158180413879563;-0.031986346916093034
2022-08-06 10:35:17.180;-0.8787810138350396;1031.1060446581614;1.1862484066033672;-0.02060422915582194;-0.1347335518338788;-0.6554299338592573;0.0060864491605698845;0.006755994905269347;0.0037238781854265213;0.037046871150895555;0.03148532873501608;-0.03254016190845643
2022-08-06 10:35:17.200;-0.8686849573846754;1031.7352187422002;1.1869722475298496;-0.00819177492360268;-0.11971951027001992;-0.640703504238429;0.0060864491605698845;0.006682125563749253;0.003298734848777407;0.037046871150895555;0.03138885339535591;-0.03309397592271868
2022-08-06 10:35:17.220;-0.856866961754563;1032.364412688934;1.1876961113076097;0.009909720831728919;-0.09804196353869443;-0.6204801702446474;-0.0016713347345316265;-0.0017350926825301372;-0.00034063216767332705;0.037046871150895555;0.03129237811964458;-0.033647788958884206
2022-08-06 10:35:17.240;-0.8435356612992759;1032.9931567543026;1.1884194575139178;0.028738111621123608;-0.07554278359558353;-0.5997270924009426;-0.008702820442771042;-0.00933024505123825;-0.0034435578103018116;0.03777383105967047;0.03210048557366463;-0.03319436339058157
2022-08-06 10:35:17.260;-0.828916502010556;1033.6209768485642;1.1891417407265026;0.04756660143937097;-0.05302958223913734;-0.5788959265184568;-0.01573433687914161;-0.01692515240895176;-0.006545027358658473;0.038500799172883404;0.03290860835789999;-0.03274089892200038
2022-08-06 10:35:17.280;-0.8132575550522693;1034.2483454187095;1.1898635044777128;0.06520229127613675;-0.03178361921189676;-0.5584733399010844;-0.023957590795610884;-0.025813966809629108;-0.010210783668742174;0.03803491905950196;0.032436617008443136;-0.0327680333749969
2022-08-06 10:35:17.300;-0.7968535119883633;1034.8757206094524;1.1905852758456694;0.05611662248702487;-0.038409980149683776;-0.5441968488061271;-0.02269906344101713;-0.02448460135294539;-0.009828304957594014;0.03756904231704894;0.03196462910688069;-0.0327951675287963
2022-08-06 10:35:17.320;-0.7799330310817916;1035.503087383062;1.1913070375300332;0.04703098478563561;-0.04503025940588046;-0.5298843168010601;-0.021440538262048392;-0.02315523624374549;-0.009445818714954868;0.037103168945524345;0.03149264465332635;-0.03282230138337017
2022-08-06 10:35:17.340;-0.7627516417309341;1036.1300416262166;1.192028324613751;0.03971111700741403;-0.04979240926647677;-0.5150709330903434;-0.0184178522720444;-0.019962558429448052;-0.00852804695938758;0.03840313233149928;0.032720176341740626;-0.033260265301268355
2022-08-06 10:35:17.360;-0.7455615007493952;1036.756178706266;1.192748671582302;0.03239119813110847;-0.05454803197503466;-0.500218589045252;-0.015395124594384413;-0.01676981373835673;-0.0076101485512110045;0.03970312196185333;0.03394771487688786;-0.03369833670590516
2022-08-06 10:35:17.380;-0.7285931113671088;1037.3825795831872;1.193469322039151;0.021190391567927236;-0.06339728512611842;-0.4865187075239703;-0.016250005218033436;-0.017705268311395628;-0.008056746667705283;0.03712186251550875;0.031231423912686296;-0.03442945758680782
2022-08-06 10:35:17.400;-0.7120400591697752;1038.0103018805603;1.194191492740124;0.009989842032211982;-0.07224091280560074;-0.47278656644168127;-0.017104813179024347;-0.018640640592671787;-0.00850329306148545;0.03454070654175112;0.028515261270058545;-0.0351604495496467
2022-08-06 10:35:17.420;-0.6960506237276876;1038.6393598408395;1.1949152000706242;0.01516680575969076;-0.0632324183589823;-0.4508728164298681;-0.014511705061373448;-0.016064311199578185;-0.008651901402402906;0.03195965403319079;0.025799226935987463;-0.03589131262081846
2022-08-06 10:35:17.440;-0.6807755050071194;1039.2690949471362;1.1956396864319416;0.02231892553703574;-0.05210219924041226;-0.42815213231089366;-0.009944981465046965;-0.011365169127564911;-0.007981401228682294;0.031354072069238015;0.025185707583148087;-0.035926554210247374
2022-08-06 10:35:17.460;-0.6663088894870721;1039.8988404647753;1.1963641847711135;0.029471018584217745;-0.04095635705457212;-0.4053416585863294;-0.005378273794882205;-0.006666085817265355;-0.0073111675313208835;0.030748495801166342;0.024572194056304397;-0.0359617952946083
2022-08-06 10:35:17.480;-0.6526992412633938;1040.5286727125858;1.1970887828900592;0.03698638223409034;-0.029438525188229647;-0.38248769803333005;-0.00044858300272920815;-0.0016118932586195456;-0.00669355710203412;0.027058409402631156;0.02065987614878395;-0.03717463852389358
2022-08-06 10:35:17.500;-0.6399779481509296;1041.1586596915222;1.1978135590212977;0.030538049681297252;-0.03322601063675634;-0.3670890140350682;0.0034467530788688805;0.0024534619650822265;-0.0057932372819049505;0.023368329680696576;0.01674761670335556;-0.03838721254739408
2022-08-06 10:35:17.520;-0.6280949195171025;1041.7887930767683;1.1985385035874443;0.024089728417379774;-0.03700663622672451;-0.3516498337132692;0.007342083152913403;0.006518822055774365;-0.004892877370284765;0.019678256635419444;0.012835415709105291;-0.03959951741838719
2022-08-06 10:35:17.540;-0.616985196869697;1042.4189964117468;1.1992635286281055;0.01718499471985524;-0.04123105619007461;-0.33612876581721274;0.01078130938388;0.010134489414419079;-0.00394648395389563;0.01897955469457102;0.01212756304511231;-0.03964014716977804
2022-08-06 10:35:17.560;-0.6065453800775984;1043.049193258943;1.1999885462048194;0.01028029853478074;-0.04544852527411436;-0.3205667636209366;0.014220523237931104;0.013750156929951629;-0.003000038858171905;0.01828086033623677;0.011419718136494339;-0.03968077624936406
2022-08-06 10:35:17.580;-0.5966455189662364;1043.6795591730406;1.2007137582865925;0.003512183957752768;-0.04954879610139429;-0.30511737842924536;0.017796181064660743;0.017473217823045673;-0.0022235427621719595;0.01771873228119958;0.010823757241723797;-0.03986542734444232
2022-08-06 10:35:17.600;-0.5871495427905657;1044.3102657367635;1.2014393622728425;-0.005324575846316293;-0.060778720255402874;-0.3187060334780272;0.013097130885832087;0.012399266086028149;-0.004286757395204788;0.017156609133795797;0.01022780274172419;-0.04005007063392796
2022-08-06 10:35:17.620;-0.5778904958425085;1044.9413088816582;1.2021653534829684;-0.01416129863741844;-0.07200305879618796;-0.33226327330262784;0.008398101663807722;0.007325462545601624;-0.006349298668771652;0.016594490893684366;0.009631854636097614;-0.04023470611824376
2022-08-06 10:35:17.640;-0.5687030566283224;1045.5719348308558;1.2028908647252639;-0.021243552811995414;-0.08132087077771999;-0.34497900972718654;0.005452472628952876;0.00416807447206935;-0.007508893120007798;0.017787147427842598;0.010784614556882843;-0.040484057477624624
2022-08-06 10:35:17.660;-0.5594309613378818;1046.2013662843165;1.2036150017455072;-0.0283258530229773;-0.09063393711833001;-0.3576675165447156;0.00250683160479781;0.0010107122109630495;-0.008668290692946279;0.018979826050500748;0.01193737405566253;-0.040733536262725245
2022-08-06 10:35:17.680;-0.5499367010163165;1046.8301971410328;1.20433844780197;-0.037035237360555584;-0.1016854955975397;-0.37096718589191013;-0.002064929960987172;-0.003902478812300103;-0.010541602279117157;0.018545082001200086;0.011496937051617806;-0.04075881398834902
2022-08-06 10:35:17.700;-0.5400655511721786;1047.4590290696724;1.2050618950916396;-0.014197208327857425;-0.08645863505333651;-0.41509879077730094;-0.00767101668966319;-0.009964300530349135;-0.013052102109528896;0.018110340887634635;0.011056503050212996;-0.04078409145386708
2022-08-06 10:35:17.720;-0.529761644073237;1048.0878763168366;1.2057853600046913;0.008640753803433654;-0.07117579855523459;-0.4588976954699753;-0.013277084966055952;-0.016025919409990763;-0.015561625768973464;0.017675602709520177;0.010616072051334413;-0.04080936865928564
2022-08-06 10:35:17.740;-0.5189671168035866;1048.7162038922033;1.2065082270550447;0.0336370317227761;-0.05356668441888601;-0.5017591209354766;-0.016726620564519123;-0.019802363174470372;-0.017374029678318692;0.019399269418048704;0.012443463955150946;-0.04024326503981168
2022-08-06 10:35:17.760;-0.5076716086837371;1049.3434758517615;1.2072298796594376;0.05863363267809518;-0.03590380878424426;-0.5443026982224435;-0.020176171591479886;-0.023578731340329284;-0.019185946021802458;0.02112298227024567;0.01427091598492325;-0.03967708803622916
2022-08-06 10:35:17.780;-0.4959252751775085;1049.9699528955607;1.2079506177433916;0.06321836946852954;-0.0363571522941335;-0.5733058474608566;-0.013523160194004902;-0.01656716252150403;-0.017255533758591568;0.02157027567466585;0.014639594552249946;-0.040136011453183684
2022-08-06 10:35:17.800;-0.4837697943817261;1050.5958964364618;1.208670742052491;0.06780312213953721;-0.036785055551920465;-0.6021604585674902;-0.0068701265318154014;-0.009555481396795074;-0.015324685032317653;0.022017572185635714;0.0150082653217396;-0.04059499568457703
2022-08-06 10:35:17.820;-0.47130786946878267;1051.2213060520226;1.2093902521007318;0.0723878906912887;-0.037187627765522535;-0.6308671908052617;-0.00021707060485454122;-0.002543687962621277;-0.013393399849976007;0.022464871803041575;0.015376928292653247;-0.04105404073496377
2022-08-06 10:35:17.840;-0.45867319545706137;1051.8464481311457;1.2101094543584456;0.0765253149165801;-0.038057985399778005;-0.6596811261859301;0.0059890657329120245;0.003967296532756848;-0.011763375254697728;0.022464871803041575;0.015376928292653247;-0.04105404073496377
2022-08-06 10:35:17.860;-0.4460265487673661;1052.4715892880413;1.2108286555551717;0.08066273914170097;-0.03890271200853945;-0.6883454852395783;0.012195202070735434;0.010478338652411878;-0.010133083624562111;0.022464871803041575;0.015376928292653247;-0.04105404073496377
2022-08-06 10:35:17.880;-0.43356127097205854;1053.0962140415286;1.2115472626493575;0.06744913793119167;-0.05582047110815225;-0.7093825297643539;0.013461472781479245;0.011682331367957488;-0.010516896676727505;0.023732137760649863;0.016737991140473696;-0.040537167019971676
2022-08-06 10:35:17.900;-0.4214358459841613;1053.7197837501662;1.2122646559544494;0.05423543499426842;-0.0727241253597164;-0.7303390753964685;0.014727768412832631;0.012886323279509782;-0.010900854623713485;0.02499942865853555;0.018099089619056485;-0.04002023634847074
2022-08-06 10:35:17.920;-0.40982805009088097;1054.3423042388968;1.212980842171823;0.04102163032786166;-0.08961372145765623;-0.7512153892573288;0.015994088965761932;0.014090314382862346;-0.011284957492846637;0.0262667444974376;0.019460223730504822;-0.039503248713772976
2022-08-06 10:35:17.940;-0.3988999402653675;1054.9642887202863;1.2136964117330749;0.02588830400054576;-0.10850812301700685;-0.7725504651242456;0.015342412377698622;0.013256003708512765;-0.012322943889137683;0.020442719213409788;0.013021113900151704;-0.042935055254384125
2022-08-06 10:35:17.960;-0.3887833412483903;1055.5862512272943;1.2144119560136342;0.01075504946760475;-0.12738751486026345;-0.7938011305631507;0.014690742390918388;0.012421702779455757;-0.013360914854988692;0.01461872381725371;0.006582362046231083;-0.04636509334486494
2022-08-06 10:35:17.980;-0.37954966007644053;1056.2078814552733;1.21512711801977;0.011783038761961961;-0.12316714180272825;-0.775495513060708;0.015718034370117095;0.013490862054176489;-0.013140565612580701;0.015646786513176636;0.00767221918715677;-0.04602783615884487
2022-08-06 10:35:18.000;-0.3712946675294982;1056.8288687555396;1.2158415403619511;0.01281104447019743;-0.11893591729566211;-0.7571271683233913;0.016745342752109593;0.01456003911281556;-0.012920210218424266;0.01667486562417153;0.008762097711269234;-0.045690552898190795
2022-08-06 10:35:18.020;-0.3640412451806305;1057.4492124544995;1.2165552222652336;0.01383906659287959;-0.11469380958860498;-0.7386959079299693;0.01777266753740747;0.01562923395588456;-0.012699848672750313;0.01770296115080683;0.009851997619591657;-0.04535324356064052
2022-08-06 10:35:18.040;-0.35777724996390503;1058.0699266031224;1.2172693303568065;0.011034639927345324;-0.11447167287699145;-0.7212764401642842;0.014970143196286756;0.01263108590533335;-0.013769465995405739;0.014898334240630362;0.006907253382280487;-0.04610990319299635
2022-08-06 10:35:18.060;-0.35242751196935723;1058.692027765086;1.2179850341546348;0.016505183083779684;-0.10730474636736531;-0.7116304067872914;0.018373876677834744;0.016174651580890043;-0.013032978263056272;0.01209382949548754;0.003962658552836729;-0.04686642201660174
2022-08-06 10:35:18.080;-0.34790290617217556;1059.3148282927068;1.2187015425461327;0.024438444619420352;-0.0975383249403059;-0.7012407648516543;0.02423866286947174;0.02233883600903397;-0.011427582573309891;0.015200087616964453;0.007271684242027732;-0.04575522064688542
2022-08-06 10:35:18.100;-0.3440861338490482;1059.9376383647104;1.2194180619180812;0.03237168845635097;-0.08776840496475202;-0.6908312930421108;0.030103436238995585;0.028503061927075635;-0.009821933986157383;0.018306339421261697;0.010580746272125907;-0.04464379564999277
2022-08-06 10:35:18.120;-0.3408375118863606;1060.5604579846477;1.2201345922745654;0.040304914594855745;-0.0779949806086826;-0.6804019582666241;0.03596819678634944;0.03466732932836436;-0.008216032553693964;0.021412584908436116;0.013889844651089334;-0.04353214698646912
2022-08-06 10:35:18.140;-0.33800246934385264;1061.1831885530337;1.2208510201806164;0.04891983599816285;-0.06751159341851931;-0.6698222370172955;0.04251417078061337;0.04154219710844842;-0.006454755734671913;0.021752675772237495;0.014250388169671169;-0.04342052406460084
2022-08-06 10:35:18.160;-0.335440815164181;1061.8057060894425;1.2215672030014557;0.0513286502547885;-0.06275870014772877;-0.6564077761003624;0.038716613858845506;0.03743374615206818;-0.008167597652348313;0.022092768432404597;0.014610934028553402;-0.04330889828806672
2022-08-06 10:35:18.180;-0.33301144255695303;1062.4281208575921;1.2222832675913096;0.05299362901496352;-0.05876964534215645;-0.6430953671378408;0.03417576977577852;0.032551822431777566;-0.01003927600219967;0.021689057912798404;0.014201937324571645;-0.04333237259028966
2022-08-06 10:35:18.200;-0.33059205747023057;1063.0505388095407;1.2229993358440032;0.05465860454216909;-0.054775037510783164;-0.6297508633793925;0.029634939751680633;0.02767001727446683;-0.011910404984199374;0.021285349924657027;0.013792943209921305;-0.04335584666807968
2022-08-06 10:35:18.220;-0.32809095659480336;1063.672959951211;1.2237154077663508;0.056323576836348366;-0.05077486526639419;-0.6163741974598729;0.025094123786324474;0.02278833065120267;-0.013780984744244051;0.020881644467980465;0.013383951684375006;-0.04337932052143678
2022-08-06 10:35:18.240;-0.32544893384271667;1064.295798545667;1.2244319599522993;0.057073776926245046;-0.04775833891622838;-0.6033770415830002;0.01963930392319213;0.01690577700484397;-0.01613318400974162;0.019563237876983663;0.011986259587615677;-0.043812033026009445
2022-08-06 10:35:18.260;-0.3226454799732147;1064.919466997635;1.2251494668578486;0.055755303203909534;-0.04718164038812134;-0.5924748162027864;0.01625323066927109;0.013062009757881299;-0.018699315978338404;0.018244858280812792;0.01058860265908379;-0.0442447026338213
2022-08-06 10:35:18.280;-0.31968753687467977;1065.5429474153425;1.2258667574371112;0.057274165010881006;-0.04357237326061991;-0.5805002482891553;0.015702141837756756;0.012276027081192353;-0.02004006599967667;0.019763611655779556;0.012217674332418937;-0.043637246848396316
2022-08-06 10:35:18.300;-0.3166241434654355;1066.165222587988;1.2265826614276305;0.058793062642564564;-0.0399585713981061;-0.568499692945573;0.015151067114324235;0.01149006450456369;-0.021380783348893928;0.02128240085290045;0.013846796709913178;-0.043029711873690424
2022-08-06 10:35:18.320;-0.3135314487797178;1066.7862901598783;1.2272971761192715;0.06031199610015392;-0.03634022631647227;-0.5564731000275209;0.014600006499485119;0.010704122028108998;-0.02272146803050834;0.02280122587336919;0.015475969794863431;-0.04242209769870531
2022-08-06 10:35:18.340;-0.3105117361139593;1067.4067534365095;1.2280109955921303;0.05979955249745217;-0.03486788988570666;-0.545069270669841;0.012019287384966049;0.007751190876696512;-0.02481186073624464;0.02228881885412548;0.01495685119607515;-0.04245190292040313
2022-08-06 10:35:18.360;-0.3076786025439305;1068.0272163731352;1.228724814673826;0.05670122897640795;-0.034391491575409106;-0.524491605768227;0.008921402862632988;0.00437504682006562;-0.026351246919370297;0.02177641591299917;0.014437736768798004;-0.042481707780362754
2022-08-06 10:35:18.380;-0.30514737249477786;1068.6479047927642;1.229438893165167;0.05342270439928143;-0.0341183385587307;-0.5040418260311563;0.0056434716701474485;0.000777937489978342;-0.02812254690763627;0.017635975331646847;0.009951837793323648;-0.04439440263902572
2022-08-06 10:35:18.400;-0.3030354549167882;1069.2690227060302;1.2301534657726518;0.050144199634587494;-0.03383260405266597;-0.4835186207875948;0.00236556028372803;-0.002819063269576816;-0.02989337031909045;0.01349555868296548;0.005466084910722202;-0.046306443993593405
2022-08-06 10:35:18.420;-0.301447463190861;1069.8905772192738;1.2308685406718556;0.04686571468209877;-0.03353425033131785;-0.4629217619929724;-0.0009123312969094854;-0.0064159554806551;-0.03166371726922712;0.00935516596661401;0.0009804780821127679;-0.04821783204393615
2022-08-06 10:35:18.440;-0.30044857519441753;1070.5126387538403;1.231584198879866;0.05786627108926723;-0.02117084324229168;-0.45528967992958513;0.0018147052526060747;-0.0035989497598833964;-0.03120044258299348;0.00794372943432009;-0.0004916780376333918;-0.04854241323740638
2022-08-06 10:35:18.460;-0.3001009110157638;1071.1352776319618;1.2323005212997444;0.06886673751478156;-0.008805680884481859;-0.4476474640776358;0.004541732411190935;-0.0007819659429841863;-0.030737248022451702;0.006532323844059107;-0.0019637978093101083;-0.048866966872903816
2022-08-06 10:35:18.480;-0.3004126113097551;1071.7582124749242;1.23301718421595;0.0812787707649818;0.0050360625559982;-0.4396573729380977;0.008679076827981191;0.003516560821573478;-0.029892356234442197;0.006532323844059107;-0.0019637978093101083;-0.048866966872903816
2022-08-06 10:35:18.500;-0.30135708688136664;1072.3811621503046;1.23373386419629;0.0936908040151252;0.018879847382347492;-0.43165611782129965;0.012816421244714604;0.007815089475492698;-0.029047476301026443;0.006532323844059107;-0.0019637978093101083;-0.048866966872903816
2022-08-06 10:35:18.520;-0.30286074374468064;1073.004126659922;1.2344505612428571;0.10610283726538228;0.032725676139843785;-0.4236436850010348;0.016953765661448017;0.012113620007689008;-0.028202608284050967;0.006532323844059107;-0.0019637978093101083;-0.048866966872903816
2022-08-06 10:35:18.540;-0.3048370867485679;1073.6279188873523;1.2351682105473825;0.09665862610199838;0.023727104706406266;-0.4209172412717779;0.011650088639363787;0.0063001916803173685;-0.031030096666214924;0.008466607257847869;-2.9428126481434447e-05;-0.0488993605718262
2022-08-06 10:35:18.560;-0.30709969960757955;1074.2533495070165;1.235887744760048;0.0872147164362218;0.01472899396256011;-0.4181896963011775;0.0063466205010982435;0.0004872025509499167;-0.03385635147739041;0.010400937882085515;0.0019049647476663267;-0.04893189252851471
2022-08-06 10:35:18.580;-0.30945396010458115;1074.879594500082;1.236608215878432;0.08063618104358738;0.008764888369821477;-0.4145445674155477;0.003905693526441212;-0.002274112601831746;-0.03565140542943013;0.010028349597238417;0.0015275046339411347;-0.04895352577207035
2022-08-06 10:35:18.600;-0.3116885006717762;1075.5058320561438;1.237328678440825;0.07405766376814427;0.002801162343157415;-0.4108971712984344;0.0014647740265800735;-0.005035350155161211;-0.0374460798253784;0.009655763468632728;0.0011500467257405944;-0.04897515882478842
2022-08-06 10:35:18.620;-0.31357279940518656;1076.1320621755658;1.2380491324476461;0.06747916460989245;-0.0031621839430364673;-0.4072475067456356;-0.0009761379985420149;-0.007796510121259814;-0.03924037473171804;0.009283179496211602;0.0007725910227804889;-0.048996791686694685
2022-08-06 10:35:18.640;-0.31487341585954853;1076.7581099019226;1.2387693766181616;0.06288527260477395;-0.013460151543856824;-0.4399217428406317;0.002186766889032299;-0.0046311049512937075;-0.03928911319460848;0.009860760330415275;0.0013848692821625264;-0.048807420167853444
2022-08-06 10:35:18.660;-0.315357966718361;1077.3837778087982;1.2394891838207662;0.058291365163256614;-0.023726287282645586;-0.4724120199615296;0.005349687263027647;-0.0014657355366907154;-0.03933814578713246;0.010438346345839733;0.0019971542900520944;-0.04861804042364781
2022-08-06 10:35:18.680;-0.3148218875523006;1078.0091908098475;1.240208697763883;0.052914883035839466;-0.03477210387856999;-0.5048709410424044;0.007730727285185424;0.0008848594052679459;-0.039560872366649846;0.006785740149840791;-0.001980400208708488;-0.05042142064289212
2022-08-06 10:35:18.700;-0.3130834604811465;1078.6344664438875;1.2409280536714646;0.04753840887485694;-0.04578600203578631;-0.5371457539058451;0.010111764301747428;0.0032354012690589684;-0.039783883280755994;0.0031331394821485503;-0.005957848911066321;-0.05222426432170746
2022-08-06 10:35:18.720;-0.30999984990707785;1079.2596063983292;1.241647253484813;0.045264875470593324;-0.05365675155653449;-0.5692423528773727;0.014044264707912646;0.007385704198306087;-0.038608973077698394;-0.0005194556572369891;-0.009935191843226221;-0.05402657159596913
2022-08-06 10:35:18.740;-0.30548312809926487;1079.8846743588874;1.2423663704719285;0.042730496166598186;-0.061769717090474074;-0.6012259835667466;0.017716113420625845;0.011260444624589638;-0.03751469478527447;-0.0009851698748057913;-0.010406989715818327;-0.054053587254089486
2022-08-06 10:35:18.760;-0.299491766713052;1080.5097323480222;1.2430854759872993;0.040196126882108274;-0.069851181427655;-0.6330273591767055;0.021387952199610538;0.015135202095656553;-0.036420286418482384;-0.001450880723435688;-0.010878784142562381;-0.054080602614326345
2022-08-06 10:35:18.780;-0.29203337774076954;1081.1342004075923;1.243803902811075;0.039984551820566594;-0.0754614842338448;-0.6640148910336476;0.027380857209358567;0.02146898770244121;-0.03457835774796436;0.0004060135885914917;-0.008910446374386538;-0.05347235058071398
2022-08-06 10:35:18.800;-0.28317653776378066;1081.7574975020616;1.2445209824839032;0.039773003803077245;-0.0810420618372838;-0.694830092365426;0.033373868772038406;0.02780297923275299;-0.03273592889055621;0.002262961456555246;-0.006942038865417999;-0.05286401360073434
2022-08-06 10:35:18.820;-0.2730413164589548;1082.3796180921127;1.2452367086330094;0.029218207908343174;-0.09297415452303781;-0.7025585070148699;0.031092366954318607;0.02517043776706629;-0.034710375147124495;0.004119962883297745;-0.004973561610142951;-0.052255591661042544
2022-08-06 10:35:18.840;-0.26177778040519684;1083.0011398789284;1.2459517458816989;0.016340536870870892;-0.10734309266368669;-0.7109026619395378;0.026489621786971895;0.020078838579912883;-0.03743154799931592;0.00882584425091082;-0.00010786970227627535;-0.05141810836963767
2022-08-06 10:35:18.860;-0.2495681109459103;1083.6226450436006;1.2466667640072424;0.0034629091069291462;-0.12170964821430985;-0.7192339922330628;0.0218868932882188;0.014987446439398866;-0.040151697439299916;0.01353171236138806;0.004757802430560787;-0.05058068807807725
2022-08-06 10:35:18.880;-0.2366168346388696;1084.2442394471946;1.2473818847987816;-0.009259484448421063;-0.1359309703251803;-0.7276259263513607;0.01743927930957767;0.01003664175332375;-0.042958609638033884;0.013221166683710095;0.0044286082122084736;-0.05068246619601524
2022-08-06 10:35:18.900;-0.2231435518116555;1084.8660066855737;1.2480972044301877;-0.02198184990044183;-0.15014988950455077;-0.736004824714187;0.01299167569616344;0.0050860515458239774;-0.045764418012979924;0.012910622503856217;0.0040994159444380784;-0.05078424193727127
2022-08-06 10:35:18.920;-0.20934107598506066;1085.487964711887;1.2488127435558776;-0.017120732948001205;-0.1445408372002568;-0.7317922390036831;0.010095563709832334;0.0018674917549574843;-0.047562269723979256;0.01260007982171274;0.003770225627306445;-0.050886015301903065
2022-08-06 10:35:18.940;-0.19543900254739519;1086.110106137734;1.249528493675777;-0.012670971314662438;-0.13934532753112094;-0.7275854480740795;0.006788370040375469;-0.0017653642785475654;-0.04937045989044453;0.011878134161523946;0.0030268069396583996;-0.05099701673960677
2022-08-06 10:35:18.960;-0.18161570263581156;1086.732412977588;1.250244434098219;-0.008221227358603755;-0.13414925236387276;-0.7233754031065889;0.003481197346197007;-0.005398112149656242;-0.051178183540526945;0.011156196596974866;0.0022833971251543517;-0.05110801438085577
2022-08-06 10:35:18.980;-0.1680189533967369;1087.3548053428167;1.250960472914362;-0.0032359255703795498;-0.1283983029235607;-0.7190635229272964;0.0007092578393113058;-0.008473282657995185;-0.052868012562839795;0.007522183259883519;-0.0016604791583745282;-0.052825126023479996
2022-08-06 10:35:19.000;-0.15474854233514626;1087.9772095127628;1.2516765253113844;0.01105819931814267;-0.11116572134327285;-0.7024349161352745;0.006728994229639795;-0.00212997156673822;-0.051125796857522054;0.0038881748953976114;-0.005604255307332551;-0.05454172864292772
2022-08-06 10:35:19.020;-0.14189264506841032;1088.5996316404562;1.2523925983681141;0.025352306124716506;-0.093924100831007;-0.6857554093484275;0.012748723178084731;0.004213407693306692;-0.049383212306157276;0.00025417150357398555;-0.009547931347015037;-0.05625782237037491
2022-08-06 10:35:19.040;-0.12948437592284257;1089.2219975294502;1.2531086067243529;0.04007026561367866;-0.07623294228367072;-0.668936716629549;0.019191991654828655;0.010999946348000833;-0.04753623208285429;0.0004917206504764238;-0.009296132727797612;-0.05618005024114936
2022-08-06 10:35:19.060;-0.11752250454295575;1089.844232960917;1.2538244649941532;0.0547882497238561;-0.05853253924479773;-0.6520662467716782;0.025635271183752195;0.0177865839037068;-0.045688821983470795;0.0007292706739043808;-0.009044332967448554;-0.05610227672254986
2022-08-06 10:35:19.080;-0.10597449700744699;1090.466479297429;1.2545403358097946;0.06880593640346433;-0.04155360123346341;-0.6353065129819191;0.031378814628432394;0.02383799759000027;-0.044031741402979385;0.00026662450324366205;-0.009523075735671682;-0.056186831226265
2022-08-06 10:35:19.100;-0.09479715979996843;1091.0888702711309;1.2552563730250383;0.06834321097807106;-0.038838960396933686;-0.6170600989741288;0.03298509323756349;0.025419023396501927;-0.044209081561524144;-0.0001960183427591744;-0.010001814767349515;-0.056271383676945064
2022-08-06 10:35:19.120;-0.08389499757476694;1091.7113982251685;1.2559725678309646;0.06788048887801779;-0.036114001123142;-0.598753750566086;0.03459136856307765;0.027000022463745665;-0.044386554593264016;-0.0006586578640472851;-0.010480550062311522;-0.05635593407465844
2022-08-06 10:35:19.140;-0.0731771887137471;1092.3340038083916;1.2566888519463248;0.06788048887801779;-0.03289966449770887;-0.5803016179661258;0.03665998942930315;0.02906221008110066;-0.044464817545417645;0.004512894301516468;-0.00514333692171931;-0.05549269788886946
2022-08-06 10:35:19.160;-0.06255386837260117;1092.9566054179813;1.2574051314901709;0.06788048887801779;-0.029674834445675202;-0.561788566141824;0.0387286102955855;0.031124373253057058;-0.044543220029452435;0.009684446467023378;0.00019387192389785923;-0.05462951569241348
2022-08-06 10:35:19.180;-0.05193790811332877;1093.5788434789501;1.2581209927851136;0.06883087499210205;-0.025420490208237112;-0.5428370243074516;0.041746870997009466;0.03421493319266489;-0.04418738041866099;0.010634696894104678;0.0012113436658864885;-0.05425975310584619
2022-08-06 10:35:19.200;-0.04125511955195886;1094.200348472914;1.2588360107142635;0.0656440062619481;-0.02505355274300669;-0.5223784289219058;0.04269652484706654;0.035045557084153245;-0.04489122126211509;0.011584961344912159;0.002228835011578667;-0.053889960877998355
2022-08-06 10:35:19.220;-0.030433640544857116;1094.8211174552052;1.2595501818898927;0.062457124419779575;-0.024673899692206902;-0.5018454661999634;0.04364619271226644;0.035876169745030495;-0.04559520204824441;0.012535239819957411;0.0032463459618270463;-0.053520139006288936
2022-08-06 10:35:19.240;-0.019423109091085244;1095.4415171791989;1.260263928247852;0.05794720410085574;-0.02567899870016177;-0.48164235360410235;0.04327383149311714;0.03530027554067061;-0.04675891534691967;0.012162639182978552;0.002868875921194558;-0.0535417636617721
2022-08-06 10:35:19.260;-0.008183154526286512;1096.061914833619;1.2609776722248456;0.053437296579375015;-0.02667187994964948;-0.46136771523937536;0.0429014724289587;0.03472438517636789;-0.04792261929277064;0.011790040702354787;0.0024914080859730348;-0.05356338812639638
2022-08-06 10:35:19.280;0.003312543209042562;1096.6823150462806;1.2616914191449988;0.049287602374306516;-0.027288012584822496;-0.441003043808168;0.042889058890672516;0.03451326513371811;-0.04906573227000699;0.011777619182570476;0.002353652936221806;-0.054282683879391946
2022-08-06 10:35:19.300;0.015098200334444326;1097.3027318245367;1.2624051851232405;0.06478994788375303;-0.010314707106974907;-0.43283047095618343;0.029947672093420863;0.020469324575323355;-0.05515225922552691;0.011765197665173588;0.00221589811371814;-0.05500197679964813
2022-08-06 10:35:19.320;0.027156826582357074;1097.923174555479;1.2631189809590635;0.08029229206539412;0.006660759903947877;-0.4246462199637433;0.01700628640711699;0.0064264700579670375;-0.06123301352678112;0.011752776150220967;0.002078143618575723;-0.055721266887184484
2022-08-06 10:35:19.340;0.03948609975775631;1098.5439509158386;1.2638331606228805;0.09444199150726718;0.022219140880135768;-0.4168086934213733;0.002713622190675835;-0.009040875949288818;-0.06770871179326754;0.010388025013643443;0.0006490098995755034;-0.05606769800845157
2022-08-06 10:35:19.360;0.05208781915143021;1099.1653682828546;1.2645480777405498;0.10859157373022299;0.03777936686404004;-0.4089605410948858;-0.011578891324994345;-0.024506824703131258;-0.07417779538590352;0.009023302805477584;-0.000780089010163465;-0.0564140988861217
2022-08-06 10:35:19.380;0.064935171261564;1099.7871093872454;1.2652633673057931;0.10009971450779176;0.0307932834679967;-0.40016315463560836;-0.0014529786856982696;-0.013776900738058373;-0.07090280582583386;0.008805964028002933;-0.001000266201742761;-0.05642670381803505
2022-08-06 10:35:19.400;0.07806034141052434;1100.4088350242891;1.2659786390764403;0.09160786843278856;0.023809406302998326;-0.39135250534918953;0.008672919169647741;-0.003046688333846248;-0.06762627883718952;0.008588625984263132;-0.0012204426428752413;-0.05643930868507585
2022-08-06 10:35:19.420;0.09147094507999266;1101.0305526079246;1.2666939015819465;0.0831160355052134;0.01682773805228166;-0.3825285759831605;0.018798802241327905;0.00768381262228246;-0.06434821390080714;0.008371288674201338;-0.0014406183335609057;-0.05645191348723877
2022-08-06 10:35:19.440;0.10517873676662234;1101.6529249823434;1.2674099173994204;0.07273126874076752;0.00782475790051862;-0.37440731317995013;0.027033331527754;0.016378642873043248;-0.061863181309056436;0.00626132941266988;-0.00382176166294812;-0.05797290748480233
2022-08-06 10:35:19.460;0.1192026743921688;1102.2766135603088;1.2681274474591666;0.06234669164194884;-0.001176257916629453;-0.3662751481118045;0.035267779271045185;0.02507355556665658;-0.05937733257795497;0.004151439293767822;-0.00620277198538588;-0.05949355357074371
2022-08-06 10:35:19.480;0.13356379650179098;1102.9002215257715;1.268844884777285;0.05619339460156425;-0.008235389546687344;-0.37136719543861396;0.031181413176433637;0.02062460469640115;-0.06138242337052713;0.0062722254426184065;-0.003944657350814396;-0.05874116258962658
2022-08-06 10:35:19.500;0.1482793114509622;1103.5223517789782;1.2695606220434854;0.05004004629273595;-0.015293789827101278;-0.37645491165893574;0.027095026042481152;0.016175745817726295;-0.0633869119491699;0.008393081448563322;-0.001686448880491298;-0.05798864502679635
2022-08-06 10:35:19.520;0.1633648729230362;1104.1430008796087;1.2702746552998097;0.04388664671358811;-0.022351459323349587;-0.38153829987087917;0.023008617868732983;0.011726978899766038;-0.06539079846980478;0.010514007315808982;0.000571853434280456;-0.05723600085879976
2022-08-06 10:35:19.540;0.17882710493501833;1104.7629035700447;1.2709878298395074;0.03561213955805442;-0.0316741269527121;-0.3874103639804751;0.0168027375020543;0.004998400448904761;-0.06827528502972857;0.010514007315808982;0.000571853434280456;-0.05723600085879976
2022-08-06 10:35:19.560;0.19466646666038018;1105.3827963194562;1.2717009929424337;0.027337632402463896;-0.04099571195914464;-0.39327647669341825;0.010596857135318771;-0.0017299330542854818;-0.07115846917238855;0.010514007315808982;0.000571853434280456;-0.05723600085879976
2022-08-06 10:35:19.580;0.2108751156804967;1106.0026962735064;1.2724141643340237;0.03221732702013469;-0.04327606848679366;-0.4344858384437611;0.01547677055177843;0.003187641082526227;-0.07103860608017953;0.010222140170700555;0.00017365976634664548;-0.05784143766984773
2022-08-06 10:35:19.600;0.22741081334047702;1106.6226206032661;1.2731273637689429;0.03709701254194897;-0.04550641670201472;-0.47540320909836353;0.020356674871358393;0.008105097151918983;-0.07091937385846325;0.009930274348679546;-0.00022453106686270985;-0.058446866316431034
2022-08-06 10:35:19.620;0.24421818906605441;1107.2425693604237;1.273840591306657;0.04197668896813411;-0.04768705558709385;-0.5160303908841994;0.025236570094399724;0.01302243508147427;-0.07080077289408315;0.009638409849973328;-0.00062271906534761;-0.059052286798703335
2022-08-06 10:35:19.640;0.26121966725389734;1107.862536581284;1.2745538400861616;0.04705508749157161;-0.04961483124205657;-0.5563455116940847;0.03031503844508876;0.018143644431042105;-0.07065563052546331;0.00954526367985764;-0.0007170812000936166;-0.05905768683914303
2022-08-06 10:35:19.660;0.2783154436416315;1108.4824960364858;1.27526707993157;0.051099173221018646;-0.04792049266817244;-0.5699058109228323;0.030221955586604565;0.017975004127869454;-0.07108854149720312;0.009452117644460856;-0.0008114431968806457;-0.05906308686766337
2022-08-06 10:35:19.680;0.2953693041236167;1109.103046687269;1.2759809999250777;0.05336377541783577;-0.04811259381463984;-0.5840487971661545;0.02835077652733986;0.01589864300607502;-0.07223203249727206;0.007579668584302368;-0.0027961335846384827;-0.059675665458645
2022-08-06 10:35:19.700;0.3122304571278706;1109.7247770549802;1.2766962771381785;0.05562837859974934;-0.04829852854678407;-0.598155770331374;0.026479651883484223;0.013822374947530136;-0.07337531437545763;0.005707273976728544;-0.004780753087004541;-0.06028815780543706
2022-08-06 10:35:19.720;0.3287240456761031;1110.3476849104554;1.2774129090063033;0.05789298276607724;-0.04847831035354844;-0.6122268116996352;0.0246085816524797;0.011746199942002988;-0.07451838717128378;0.0038349338187266824;-0.0067653017092084156;-0.06090056392169085
2022-08-06 10:35:19.740;0.3446616619547421;1110.970632451128;1.278129586530743;0.06364190255800395;-0.04495122432561871;-0.6250791218653999;0.026219020094039536;0.013402906184502683;-0.07428410101619765;0.0002749887696076314;-0.010676598407087567;-0.06285724498179324
2022-08-06 10:35:19.760;0.3598476623609661;1111.5924878849983;1.2788450076277174;0.07766531717436465;-0.030422117128271253;-0.6224155157212401;0.023692294614740206;0.01054142605372732;-0.07616019286992781;-0.003284973472769792;-0.014587798550167008;-0.06481331319801775
2022-08-06 10:35:19.780;0.37405407873527313;1112.2138065627441;1.2795598112071234;0.09007692986347138;-0.017608307424413994;-0.6203186897450017;0.01955509038496217;0.005949242638202179;-0.07869617614848323;-0.003284973472769792;-0.014587798550167008;-0.06481331319801775
2022-08-06 10:35:19.800;0.3870712602312487;1112.8351389359232;1.280274630542606;0.10248854255263495;-0.004794328095645284;-0.6182210610445553;0.015417886155297822;0.0013572282577811734;-0.08123124645286861;-0.003284973472769792;-0.014587798550167008;-0.06481331319801775
2022-08-06 10:35:19.820;0.3986961612560348;1113.4564850043898;1.280989465633998;0.11490015524174169;0.008019820921244758;-0.616122629346366;0.01128068192557663;-0.003234617140741136;-0.08376540406466226;-0.003284973472769792;-0.014587798550167008;-0.06481331319801775
2022-08-06 10:35:19.840;0.408742751064348;1114.0775176084062;1.2817039400964256;0.12816446619746102;0.02174709464068414;-0.6136921417895671;0.007995232678446484;-0.006904855275159605;-0.08591453138127658;-0.002432609919818418;-0.013675668080452397;-0.06448464391954811
2022-08-06 10:35:19.860;0.4170107909853924;1114.6978934723375;1.282417659004288;0.10833103288894108;0.005928150974877866;-0.5903115941432722;0.006261231079044194;-0.008868587179811982;-0.08720214518544811;-0.0015802350830504963;-0.012763521897113606;-0.06415595112033845
2022-08-06 10:35:19.880;0.42340673129680756;1115.3179310342603;1.2831309887085174;0.08745856045294431;-0.010976797179271358;-0.5671784371519211;0.0034893165266467463;-0.011942677011425928;-0.08888610733498137;-0.0017665181048833745;-0.012952234188560396;-0.06416673968501119
2022-08-06 10:35:19.900;0.42784104321397376;1115.9379426823361;1.2838442885998484;0.06658611515643997;-0.02786591920031256;-0.5439501789849075;0.0007174058379533221;-0.015016689900470226;-0.09056967564346152;-0.0019528005876701116;-0.013140945928569181;-0.06417752820205269
2022-08-06 10:35:19.920;0.43026709534531365;1116.5579358243194;1.2845575672006218;0.04571369699948491;-0.044739162130301935;-0.520626482138165;-0.002054500987092922;-0.018090625861724163;-0.09225285018954743;-0.002139082531353864;-0.013329657117424176;-0.06418831667150382
2022-08-06 10:35:19.940;0.43071800983265507;1117.1772881074066;1.2852701085175355;0.05186329574212323;-0.03682619469484294;-0.5106087712920395;0.006161998470624042;-0.009508980478607043;-0.0903141739997082;-0.00012694860725659396;-0.011197014992717413;-0.06353060292631696
2022-08-06 10:35:19.960;0.42921276016773446;1117.7953758454314;1.2859811950233042;0.058013014843425026;-0.028909928506809734;-0.500573038396305;0.014378646966555664;-0.0009271155845098633;-0.08837519780969938;0.0018852482021465278;-0.009064291018830772;-0.06287278965301812
2022-08-06 10:35:19.980;0.4258456687218948;1118.4133135650409;1.2866921089385746;0.060507384955769794;-0.02486596719498735;-0.4917192258468539;0.018943028315824506;0.0037542210180632196;-0.08779254315280038;0.00024258654986297756;-0.010799527796734765;-0.06337639898807712
2022-08-06 10:35:20.000;0.42076672106853497;1119.0322163785822;1.2874041331578188;0.06300175007146436;-0.0208196459405805;-0.4828518304268634;0.023507381177161335;0.008435490730427375;-0.08721012659280092;-0.001400033192904715;-0.012534711241357854;-0.06387994865655422
2022-08-06 10:35:20.020;0.4141598768285778;1119.6520828105931;1.2881172659835736;0.06549611019039503;-0.016770961710367516;-0.47397083435156073;0.028071705551418802;0.013116693521148193;-0.0866279483041037;-0.0030426110281460694;-0.01426984135616749;-0.0643834386665354
2022-08-06 10:35:20.040;0.4062547558365296;1120.2724389409923;1.2888309621887555;0.07960369494628594;-0.00035477733101529907;-0.4609633959935868;0.02769938790820703;0.012664580827255634;-0.08707971065108477;-0.003415168069690111;-0.014827964867436094;-0.0654424437987231
2022-08-06 10:35:20.060;0.39727309639294545;1120.8928115882663;1.2895446773959756;0.09371124461904401;0.016066701365300418;-0.44792628705548143;0.027327072419588205;0.012212471101328504;-0.08753146911774223;-0.003787722955276962;-0.015386083891712588;-0.0665014360766989
2022-08-06 10:35:20.080;0.38746440806620724;1121.5128981204834;1.2902580634386718;0.109154312868327;0.03389433833282496;-0.43450817947094045;0.0282890163314633;0.013167458240310737;-0.08759053253485938;-0.0028251605183378103;-0.0143659018738731;-0.06618695712244627
2022-08-06 10:35:20.100;0.377071244131477;1122.1323955890475;1.2909707717859713;0.12459749172910506;0.05172777542733442;-0.42105847987463463;0.029250974625121273;0.014122454700135734;-0.08764962495726802;-0.0018625836903503057;-0.013345701127320808;-0.0658724554038459
2022-08-06 10:35:20.120;0.3663270083015376;1122.7513033647774;1.2916828017140254;0.14004078120370878;0.06956702454149521;-0.4075771224889104;0.03021294730090318;0.015077460480405591;-0.08770874638891346;-0.0008999924710302309;-0.012325481651771497;-0.06555793091904238
2022-08-06 10:35:20.140;0.3554048773827326;1123.3701719315504;1.2923947865336611;0.12659002967484412;0.05794349064083448;-0.3968466029607667;0.022969143302283612;0.00720340054241575;-0.09119186358141462;-0.0019386286958216203;-0.013415394353046395;-0.06583470213366205
2022-08-06 10:35:20.160;0.3445212746390979;1123.989529737264;1.2931073342041473;0.11313938389531586;0.046323250012587636;-0.38609655742515514;0.01572540054187499;-0.0006702418434301194;-0.09467308190441326;-0.0029772481649352756;-0.014505286624682867;-0.06611145437191723
2022-08-06 10:35:20.180;0.3338204809678269;1124.6091301345805;1.2938201609670734;0.10072775802365186;0.0357994297039248;-0.37503428513815873;0.009519587605986146;-0.007445933210497913;-0.09782958320410451;-0.0029772481649352756;-0.014505286624682867;-0.06611145437191723
2022-08-06 10:35:20.200;0.3233999815140925;1125.2287193193115;1.2945329748303454;0.08831613215193101;0.02527903472983084;-0.36395115095697594;0.003313774670154146;-0.014221338667503858;-0.10098455482362301;-0.0029772481649352756;-0.014505286624682867;-0.06611145437191723
2022-08-06 10:35:20.220;0.31331602396220337;1125.848297294906;1.2952457757979308;0.07590450628021017;0.014762070293866003;-0.3528471209764419;-0.0028920382656778543;-0.020996458340299284;-0.1041379974177099;-0.0029772481649352756;-0.014505286624682867;-0.06611145437191723
2022-08-06 10:35:20.240;0.30359968097748924;1126.4674756518289;1.2959581170193875;0.08204972152822165;0.019389057553350852;-0.3616768100375154;0.0006664745949152007;-0.01739530498289099;-0.1039628514880766;-0.0020037695861070404;-0.013460445336193061;-0.06571826481027543
2022-08-06 10:35:20.260;0.2942073160004109;1127.0858654668627;1.2966695510533008;0.08819498625035749;0.02401827558949421;-0.37049344390622085;0.004225019539184416;-0.013794170399386019;-0.10378800307862956;-0.0010302762890397332;-0.012415583100448657;-0.06532504207276091
2022-08-06 10:35:20.280;0.2850775378385055;1127.7038624252964;1.297380533120592;0.09324230872982753;0.027474634708905654;-0.3797200994252128;0.006686692280688078;-0.01137480776750266;-0.10408003558544454;-0.001154466091119133;-0.012541392274442842;-0.06533223408975708
2022-08-06 10:35:20.300;0.27612317700250216;1128.3218627256647;1.2980915190326525;0.09828962701539012;0.03093343418137451;-0.3889322268848101;0.009148363044779728;-0.008955496488532333;-0.1043723470260316;-0.0012786556535466786;-0.012667201203385048;-0.06533942608557908
2022-08-06 10:35:20.320;0.2672360021893774;1128.9398662947278;1.2988025087052224;0.1064398644365383;0.03425204944724314;-0.41682074684769166;0.009024262390632032;-0.00927894954028119;-0.1055169806331735;-0.001402844976379214;-0.012793009887388962;-0.06534661806024467
2022-08-06 10:35:20.340;0.25829720077457274;1129.5578129147107;1.2995134328600348;0.11490535799021018;0.03792223397092798;-0.44450323826021254;0.009215091941122466;-0.009272308553327946;-0.1065805708816816;-0.001211879080184275;-0.012741238310582048;-0.06614894849548314
2022-08-06 10:35:20.360;0.2491831472469775;1130.1756424416308;1.3002242223037186;0.1233708630181809;0.04161489106243366;-0.472053643166209;0.009405922057545979;-0.009265672736226804;-0.1076441904937484;-0.0010209126174878236;-0.012689469878978343;-0.0669512979100988
2022-08-06 10:35:20.380;0.23977204158047316;1130.7935078036317;1.300935052974304;0.1312197819576113;0.04468276130605986;-0.4996372249426946;0.008980841674123496;-0.009909365758936417;-0.10889370655566655;-0.0014462967165478346;-0.013133046296843531;-0.06704853086639151
2022-08-06 10:35:20.400;0.2299563789442019;1131.4115398222712;1.3016460753770327;0.13906867941159362;0.04777322378597759;-0.5270879986721182;0.008555764099448027;-0.01055304759588438;-0.11014317503590565;-0.0018716780048713133;-0.013576619416483027;-0.06714576133799177
2022-08-06 10:35:20.420;0.21961846720960104;1132.0297344161008;1.3023572848163532;0.12623146369662663;0.029397348274326163;-0.5586564473657294;0.008130689333292196;-0.011097984277760986;-0.11082448167531034;-0.0022970564825719464;-0.01402018923806736;-0.0672429893250106
2022-08-06 10:35:20.440;0.20871144516621423;1132.6479947113621;1.3030685698426794;0.11363346389828166;0.011307548960498792;-0.5899608536319016;0.007944541386486037;-0.011385683237698174;-0.11140513690203768;-0.0024833374302453137;-0.014208898198091902;-0.06725377265298782
2022-08-06 10:35:20.460;0.1971855995997151;1133.2662352862608;1.3037798321814762;0.1010354805992506;-0.006751700548509376;-0.621090783747662;0.007758393978271272;-0.011673381240051128;-0.11198578980477336;-0.00266961783887254;-0.014397606606848967;-0.06726455593337555
2022-08-06 10:35:20.480;0.18501472693716353;1133.8849663745568;1.3044916588373372;0.08700880995888838;-0.026303541516174533;-0.6525640482171475;0.006144930200868259;-0.013497772793378715;-0.11316767876476241;-0.004284234419795752;-0.016305637565153575;-0.06892166380922493
2022-08-06 10:35:20.500;0.17220003178330284;1134.5046973350327;1.3052046358082279;0.07298231815428835;-0.045823767536749216;-0.6838579666655367;0.004531506885349756;-0.015322087436651088;-0.11434936919274286;-0.005898810509901153;-0.018213570958153014;-0.07057845771629268
2022-08-06 10:35:20.520;0.15876834648655058;1135.1254277227345;1.305918762582245;0.0558531472909749;-0.06293818421923802;-0.6834847605578576;0.0003324091233949389;-0.01996267298115839;-0.11680702427396028;-0.007513346111121422;-0.020121406798011776;-0.0722349377113547
2022-08-06 10:35:20.540;0.14476400556949293;1135.7466493594038;1.3066334545195724;0.040106000683181264;-0.07857750080112069;-0.6826005328958811;-0.002485967623236718;-0.023113816739474657;-0.11866631908964642;-0.007746178344799404;-0.020357270067108857;-0.07224839846507258
2022-08-06 10:35:20.560;0.1302515721957285;1136.3678536524894;1.307348126503764;0.024358879853139115;-0.09421678900932662;-0.6817161930951885;-0.005304339372536049;-0.026264871133797385;-0.12052515787044538;-0.007979009736398979;-0.020593132474914455;-0.0722618591445654
2022-08-06 10:35:20.580;0.11531461347883665;1136.9888095706192;1.3080625127419871;0.009580460655058687;-0.1088405263263077;-0.6805791382023569;-0.00715475646577346;-0.028393325035231953;-0.12208862330890735;-0.007243164431596227;-0.01981329090079953;-0.07202173332785211
2022-08-06 10:35:20.600;0.10008346211262448;1137.6093030577977;1.3087763669709354;0.024796368126317248;-0.09135068041397076;-0.6677821867601104;0.0018548620275637973;-0.01889604273352319;-0.11945981699152419;-0.006507310716468595;-0.019033438384553847;-0.07178159422319297
2022-08-06 10:35:20.620;0.08462163136873993;1138.229350904112;1.309489708506967;0.04001235756265942;-0.07385533656284693;-0.6549551650974799;0.010864530956304463;-0.009398521747549182;-0.11683007837544412;-0.005771448590902395;-0.01825357492572266;-0.07154144182975841
2022-08-06 10:35:20.640;0.06903072063838567;1138.8491037037966;1.3102027106030392;0.05458563387992399;-0.05702711297229612;-0.6422583465735787;0.019231978351776036;-0.0005775567397208192;-0.11438539192194508;-0.0005068142090713934;-0.012665363271594288;-0.0697729569894916
2022-08-06 10:35:20.660;0.0534159901850941;1139.4686900447632;1.3109155211946681;0.06915891964507637;-0.040193597175946394;-0.6295321609467468;0.027599431203647384;0.008243570942205736;-0.11193993042216199;0.004757823633614322;-0.00707703802783044;-0.06800389803485274
2022-08-06 10:35:20.680;0.037878292699352556;1140.088205576547;1.311628250323017;0.08354586043355994;-0.02355676985488131;-0.6168631221398595;0.035780694711583294;0.016860646862006945;-0.10959369907506389;0.004664684524531282;-0.007171390829341817;-0.06800928802458373
2022-08-06 10:35:20.700;0.022494038272812766;1140.707732288145;1.3123409923133185;0.08552128587268726;-0.018742930026437676;-0.6006043450470733;0.02741327813479444;0.007832134621629905;-0.11323245006271243;0.0045715455503376745;-0.007265743493064747;-0.06801467800241667
2022-08-06 10:35:20.720;0.007358649775312309;1141.3272638838025;1.3130537399225448;0.08749671011662485;-0.013920869697447102;-0.5842980689502824;0.01904586701241584;-0.001195974250514098;-0.11686909566130499;0.0044784067108061265;-0.007360096018999229;-0.06802006796836935
2022-08-06 10:35:20.740;-0.0074624967175161705;1141.9478885060453;1.3137677450174121;0.08610867666072863;-0.01266334044337114;-0.5690877323658796;0.0073182459041518655;-0.013822264154804031;-0.12180907446595057;0.0010226037615588268;-0.011022662860113996;-0.06914852306015185
2022-08-06 10:35:20.760;-0.021908687710733593;1142.570690493485;1.3144842550883764;0.08472077938313305;-0.011398732996642735;-0.5538369403429284;-0.004408992482829888;-0.02644740707605564;-0.12674501486892265;-0.002433013708806442;-0.014684988355497808;-0.07027668495497075
2022-08-06 10:35:20.780;-0.035928932869689956;1143.1938378893028;1.3152011625385824;0.08903772941209809;-0.004066717560167632;-0.536603138897843;-0.010437041273370085;-0.03297079701231809;-0.12947681517758802;-0.0036327437385317296;-0.015950663718399483;-0.07063495656246133
2022-08-06 10:35:20.800;-0.049499865228671974;1143.8154997607999;1.315916360949386;0.09128622358923622;0.0014508055399140574;-0.5178752537405984;-0.01077658229521461;-0.033507486475194526;-0.13060456663307018;-0.004832448783982812;-0.017216308086460685;-0.07099319679964466
2022-08-06 10:35:20.820;-0.06259678354037035;1144.4356715235117;1.3166298450465346;0.09353479627247907;0.00697925797029697;-0.499084666949388;-0.011116085016588784;-0.03404413068127354;-0.13173227892859884;-0.0060321288430564834;-0.018481921458374018;-0.07135140566872078
2022-08-06 10:35:20.840;-0.07520697983381552;1145.0550990029224;1.317342472873967;0.09353479627247907;0.010124614888265882;-0.48102654139765644;-0.013701813142482422;-0.0369893671013628;-0.13375017807589007;-0.0060321288430564834;-0.018481921458374018;-0.07135140566872078
2022-08-06 10:35:20.860;-0.08731563558331112;1145.6745298387468;1.3180551045628264;0.09353479627247907;0.013279820325944769;-0.4629112215331128;-0.016287541268432904;-0.03993451086952149;-0.13576757203388734;-0.0060321288430564834;-0.018481921458374018;-0.07135140566872078
2022-08-06 10:35:20.880;-0.09893640388511835;1146.2938721460887;1.3187676344030232;0.07708243461291886;-0.0018122597186085443;-0.4548108721592232;-0.007917007779688845;-0.03108723186064566;-0.13318860695947876;-0.005935852493447413;-0.018371174598371454;-0.07126996168643451
2022-08-06 10:35:20.900;-0.11003162775420902;1146.9130118654211;1.3194799311733971;0.06063006209876676;-0.016902559391358096;-0.44669918634197536;0.00045353135195824734;-0.022239761580543416;-0.1306087098072899;-0.005839576000081337;-0.01826042738156275;-0.07118851652352376
2022-08-06 10:35:20.920;-0.1205759031138812;1147.5319563393205;1.3201920033213035;0.04417767873030698;-0.031991076745473634;-0.4385761504471679;0.00882407612645153;-0.013392099981466288;-0.1280278803670445;-0.005743299362844567;-0.018149679807436314;-0.07110707017993612
2022-08-06 10:35:20.940;-0.13053544124699884;1148.1507949150764;1.3209039536374114;0.027535861351964286;-0.04728365556607983;-0.4305327105488699;0.017005341329856094;-0.004751716749602508;-0.12554702508340476;-0.005836434918133904;-0.018575354098175012;-0.07301455655351408
2022-08-06 10:35:20.960;-0.13986137802772727;1148.769616960919;1.3216158849364807;0.01089405474800742;-0.06257447896635782;-0.4224781974856624;0.02518660134817452;0.003888831157588868;-0.12306532036316842;-0.005929570338647494;-0.019001026552416533;-0.07492202714503104
2022-08-06 10:35:20.980;-0.14844714011430518;1149.388339953155;1.322327702278132;0.02776254577287318;-0.04309107442768223;-0.40775933782044493;0.021369031707799024;-0.00033461394601630445;-0.12532548550841316;-0.005609763444336835;-0.018662109320587206;-0.07481772676843335
2022-08-06 10:35:21.000;-0.1562568260428116;1150.006881330737;1.32303931067901;0.044631074920346236;-0.02360084567621712;-0.3930027871465702;0.017551454521459675;-0.0045579299378104565;-0.1275849136717362;-0.005289954961423149;-0.018323190022044855;-0.07471342388348479
2022-08-06 10:35:21.020;-0.16320057550624845;1150.6252410204543;1.3237507100548889;0.06149964219048343;-0.004103777366285755;-0.37820846054445667;0.013733869789270159;-0.008781116856674487;-0.12984360505827475;-0.004970144889849593;-0.017984268657130542;-0.07460911849011342
2022-08-06 10:35:21.040;-0.16918144962736195;1151.2432133743205;1.3244616638155584;0.07883102038005063;0.015901511930817236;-0.3631629453059775;0.010378620871939859;-0.01249969758955416;-0.13186821193887166;-0.004187666140520463;-0.0171463210203342;-0.07430391695698013
2022-08-06 10:35:21.060;-0.17410169708810191;1151.8605924585936;1.3251719350420568;0.09616249746954963;0.03591395427869415;-0.3480782706565577;0.007023359110213789;-0.01621818582113832;-0.1338922512083487;-0.0034051778819126355;-0.01630836006665959;-0.07399869518923641
2022-08-06 10:35:21.080;-0.17788448603094195;1152.4776788766249;1.3258818695671413;0.10443690249604742;0.04369650143362591;-0.3510518405410279;0.011160561623491105;-0.011925108212516022;-0.13307659945818084;-0.0034051778819126355;-0.01640476431123261;-0.07455213268272143
2022-08-06 10:35:21.100;-0.18043825517291373;1153.094773554294;1.326591813594626;0.11271130752248837;0.05147927356156501;-0.3540239311659077;0.015297764136768421;-0.007632030125101608;-0.13226096693906175;-0.0034051778819126355;-0.016501168491686258;-0.07510556919937539
2022-08-06 10:35:21.120;-0.1817064900283244;1153.7118764917177;1.327301767124645;0.12098571254898616;0.05926227058116851;-0.356994543152215;0.01943496664993205;-0.003338951569809012;-0.13144535371442778;-0.0034051778819126355;-0.016597572608304745;-0.07565900473919918
2022-08-06 10:35:21.140;-0.18166595785131726;1154.3289950455583;1.3280117386207597;0.1292601175754271;0.0670454924104682;-0.3599636771208301;0.02357216916326621;0.0009541274425615143;-0.1306297598476318;-0.0034051778819126355;-0.016597572608304745;-0.07565900473919918
2022-08-06 10:35:21.160;-0.1803250539928724;1154.946114502869;1.3287217111562823;0.13753452260198173;0.07482893896755272;-0.3629313336923996;0.027709371676486683;0.005247206900072854;-0.12981418540226475;-0.0034051778819126355;-0.016597572608304745;-0.07565900473919918
2022-08-06 10:35:21.180;-0.1777757361856793;1155.5632218455357;1.3294316697543667;0.11943426160650006;0.04421490739573741;-0.4344570130041756;0.02253786853490425;-0.0005207412055696636;-0.13314424128778857;-0.0034051778819126355;-0.016597572608304745;-0.07565900473919918
2022-08-06 10:35:21.200;-0.17405774572178823;1156.1802967789044;1.3301415910667822;0.10133400061107523;0.013753348729121484;-0.5051061191412787;0.017366365393321814;-0.0062884045106201825;-0.1364727554726599;-0.0034051778819126355;-0.016597572608304745;-0.07565900473919918
2022-08-06 10:35:21.220;-0.169296140096295;1156.7973394622604;1.3308514752767813;0.08323373961565039;-0.016557336890603125;-0.5748880411977968;0.012194862251796224;-0.012055783128708697;-0.13979972856217504;-0.0034051778819126355;-0.016597572608304745;-0.07565900473919918
2022-08-06 10:35:21.240;-0.1636512422893885;1157.4143500532155;1.3315613225656897;0.06513347862022556;-0.04671873531490078;-0.6438120805388126;0.007023359110213789;-0.01782287717426101;-0.14312516116159824;-0.0034051778819126355;-0.016597572608304745;-0.07565900473919918
2022-08-06 10:35:21.260;-0.15727344081390726;1158.0313454110074;1.3322711523294217;0.06927068113350288;-0.045260641917113986;-0.6592599884924457;0.013229162880158185;-0.01122340849789083;-0.1409817997254006;-0.0034051778819126355;-0.016597572608304745;-0.07565900473919918
2022-08-06 10:35:21.280;-0.1504142357661445;1158.6483423203972;1.3329809838782083;0.07340788364678019;-0.043795204645935115;-0.6746648303461997;0.01943496664993205;-0.004623801844239495;-0.13883772718730203;-0.0034051778819126355;-0.016597572608304745;-0.07565900473919918
2022-08-06 10:35:21.300;-0.14329836108829858;1159.2653407891557;1.3336908172209896;0.07754508615994382;-0.04232244067415891;-0.6900267104218951;0.025640770419876446;0.0019759428284729097;-0.1366929433464259;-0.0034051778819126355;-0.016597572608304745;-0.07565900473919918
2022-08-06 10:35:21.320;-0.13615347249162696;1159.8823408250391;1.3344006523666883;0.08168228867322114;-0.040842367141440405;-0.7053457328229387;0.031846574189707155;0.008575825560832584;-0.1345474480020652;-0.0034051778819126355;-0.016597572608304745;-0.07565900473919918
2022-08-06 10:35:21.340;-0.12919998183167392;1160.4993424358036;1.335110489324228;0.08581949118644161;-0.039355001154863345;-0.7206220014348963;0.038052377959537864;0.015175846394392067;-0.13240124095330774;-0.0034051778819126355;-0.016597572608304745;-0.07565900473919918
2022-08-06 10:35:21.360;-0.12263919495682496;1161.116345798313;1.335820328297084;0.08581949118644161;-0.037541662557121214;-0.7102156517362745;0.03598377670298447;0.01272020801557261;-0.1345873267645894;-0.0034051778819126355;-0.016597572608304745;-0.07565900473919918
2022-08-06 10:35:21.380;-0.11665262782426111;1161.7333584426597;1.3365301779483418;0.08581949118644161;-0.03572489941374002;-0.6997894331683261;0.03391517544631739;0.010264656477978917;-0.1367729346942994;-0.0034051778819126355;-0.016794397480964562;-0.07678893259993114
2022-08-06 10:35:21.400;-0.11138392969554511;1162.3503656619214;1.3372400213582452;0.08581949118644161;-0.03390470618731811;-0.6893433127212587;0.031846574189707155;0.007809191766149581;-0.13895806482667972;-0.0034051778819126355;-0.016991222087028746;-0.07791885638888019
2022-08-06 10:35:21.420;-0.1069366115755645;1162.9673748150017;1.3379498669929333;0.08581949118644161;-0.03208107733317789;-0.6788772573378337;0.029777972933040076;0.005353813864793722;-0.1411427172459936;-0.0034051778819126355;-0.017188046426554138;-0.07904877610606675
2022-08-06 10:35:21.440;-0.10337662254763214;1163.584385905553;1.3386597148566084;0.08581949118644161;-0.03025400729902472;-0.6683912339131561;0.027709371676486683;0.0028985227586204587;-0.1433268920364661;-0.0034051778819126355;-0.017188046426554138;-0.07904877610606675
2022-08-06 10:35:21.460;-0.10071777084681799;1164.201401932245;1.3393695683991262;0.0909909943279672;-0.022780033887702444;-0.6552640691267033;0.027709371676486683;0.0028985227586204587;-0.1433268920364661;-0.0034051778819126355;-0.017188046426554138;-0.07904877610606675
2022-08-06 10:35:21.480;-0.09894550951430042;1164.8184258947804;1.340079431071531;0.09616249746954963;-0.015300578987396563;-0.6421055693508482;0.027709371676486683;0.0028985227586204587;-0.1433268920364661;-0.0034051778819126355;-0.017188046426554138;-0.07904877610606675
2022-08-06 10:35:21.500;-0.09799864869138608;1165.4354577988634;1.340789302880385;0.10133400061107523;-0.007815631361300035;-0.6289156693048996;0.027709371676486683;0.0028985227586204587;-0.1433268920364661;-0.0034051778819126355;-0.017188046426554138;-0.07904877610606675
2022-08-06 10:35:21.520;-0.09778122748255202;1166.052497650242;1.3414991838323014;0.10650550375265766;-0.0003251797537906498;-0.6156943035896436;0.027709371676486683;0.0028985227586204587;-0.1433268920364661;-0.0034051778819126355;-0.017188046426554138;-0.07904877610606675
2022-08-06 10:35:21.540;-0.09816851160821743;1166.669545694116;1.342209074209373;0.11271130752248837;0.007622022652324034;-0.605805630673645;0.02150356790659913;-0.003923140958214333;-0.146748546519623;-0.0034051778819126355;-0.01736880323795731;-0.08008645389226654
2022-08-06 10:35:21.560;-0.09901673088157553;1167.2866021744194;1.342918974292237;0.11891711129237592;0.015572333438253594;-0.5958993461087845;0.015297764136768421;-0.010744478270304114;-0.15016844646076155;-0.0034051778819126355;-0.017549559824658445;-0.08112412824438486
2022-08-06 10:35:21.580;-0.10017058014534108;1167.9036670943387;1.3436288840845587;0.12512291506220663;0.023525757396864577;-0.5859754224688629;0.009091960366880869;-0.017565489327260764;-0.15358659264251795;-0.0034051778819126355;-0.017549559824658445;-0.08112412824438486
2022-08-06 10:35:21.600;-0.1014736984361641;1168.520740457061;1.3443388035900055;0.13132871883209418;0.031482299327389995;-0.5760338322905589;0.00288615659705016;-0.024386174277616135;-0.15700298584702121;-0.0034051778819126355;-0.017549559824658445;-0.08112412824438486
2022-08-06 10:35:21.620;-0.10277676949342035;1169.1378222657877;1.3450487328122598;0.13753452260198173;0.039441964034974575;-0.5660745480731055;-0.003319647172837392;-0.031206533270925263;-0.1604176268563151;-0.0034051778819126355;-0.017549559824658445;-0.08112412824438486
2022-08-06 10:35:21.640;-0.10396934478778991;1169.7549139363327;1.345758673380162;0.13132871883209418;0.03620404493866758;-0.5489327839481914;0.00288615659705016;-0.02473171964273746;-0.15899110099009128;-0.0034051778819126355;-0.017549559824658445;-0.08112412824438486
2022-08-06 10:35:21.660;-0.10493671251637776;1170.3719948189464;1.3464686015369587;0.12512291506220663;0.03297497832911844;-0.5317388868088093;0.009091960366880869;-0.018256873877156465;-0.1575644473293405;-0.0034051778819126355;-0.017549559824658445;-0.08112412824438486
2022-08-06 10:35:21.680;-0.10560935486855655;1170.9890722792552;1.3471785257565232;0.11891711129237592;0.0297547866708463;-0.5144927190659878;0.015297764136768421;-0.011781995993679573;-0.15613766599356627;-0.0034051778819126355;-0.017549559824658445;-0.08112412824438486
2022-08-06 10:35:21.700;-0.10596445258656834;1171.6061463266597;1.3478884460496705;0.11271130752248837;0.026543492475038732;-0.49719414281710783;0.02150356790659913;-0.005307086011804074;-0.15471075710247018;-0.0034051778819126355;-0.017549559824658445;-0.08112412824438486
2022-08-06 10:35:21.720;-0.10602122941916847;1172.2232169705894;1.3485983624272495;0.10650550375265766;0.02334111829977914;-0.47984301984522926;0.027709371676486683;0.001167856048915894;-0.15328372077573338;-0.0034051778819126355;-0.017549559824658445;-0.08112412824438486
2022-08-06 10:35:21.740;-0.10582752511532156;1172.8402912148667;1.3493082829468916;0.11426275846497447;0.03332819929758202;-0.46717778545821886;0.027709371676486683;0.0010751403861277709;-0.15381712466048114;-0.0034051778819126355;-0.017549559824658445;-0.08112412824438486
2022-08-06 10:35:21.760;-0.10550713535791872;1173.457376061102;1.3500182156636844;0.12202001317729128;0.04332023986458111;-0.45448443674385075;0.027709371676486683;0.0009824245834479939;-0.1543505287841418;-0.0034051778819126355;-0.017549559824658445;-0.08112412824438486
2022-08-06 10:35:21.780;-0.10520664972795585;1174.0744715144028;1.350728160583504;0.12977726788966493;0.053317249528586075;-0.44176291911566246;0.027709371676486683;0.0008897086408197197;-0.15488393314682813;-0.0034051778819126355;-0.017549559824658445;-0.08112412824438486
2022-08-06 10:35:21.800;-0.10510526026727102;1174.691577579848;1.3514381177121932;0.13753452260198173;0.0633192378326406;-0.4290131778946904;0.027709371676486683;0.0007969925583566351;-0.15541733774856414;-0.0034051778819126355;-0.017549559824658445;-0.08112412824438486
2022-08-06 10:35:21.820;-0.10542435588440824;1175.3086863931894;1.3521480780022328;0.13132871883209418;0.05849579638279678;-0.42096675166416375;0.027709371676486683;0.0007228195916368918;-0.1558440616021306;-0.0034051778819126355;-0.017549559824658445;-0.08112412824438486
2022-08-06 10:35:21.840;-0.10636209535591507;1175.9257900886078;1.352858032404296;0.12512291506220663;0.053674215399293956;-0.41290917024126017;0.027709371676486683;0.000648646535275077;-0.15627078560877194;-0.0034051778819126355;-0.01784479509922221;-0.08281898896770468
2022-08-06 10:35:21.860;-0.10813413383023629;1176.5428886680238;1.3535679809205927;0.11891711129237592;0.04885449699511568;-0.40484042025035016;0.027709371676486683;0.0005744733894417209;-0.15669750976854502;-0.0034051778819126355;-0.01814002977397422;-0.08451384052977495
2022-08-06 10:35:21.880;-0.11095187089764619;1177.1599894897154;1.3542779320165421;0.11271130752248837;0.044036643285746635;-0.39676048830197885;0.027709371676486683;0.0005003001539662932;-0.15712423408145249;-0.0034051778819126355;-0.01814002977397422;-0.08451384052977495
2022-08-06 10:35:21.900;-0.11499791702705803;1177.7770778429476;1.3549878687680021;0.10650550375265766;0.03922065638826311;-0.38866936099291216;0.027709371676486683;0.0004261268289624809;-0.1575509585475494;-0.0034051778819126355;-0.01814002977397422;-0.08451384052977495
2022-08-06 10:35:21.920;-0.12041184515932735;1178.3941620802434;1.355697800784233;0.10650550375265766;0.036280181949646106;-0.4055535819365401;0.02150356790659913;-0.006345065261790239;-0.16068245000654802;-0.0034051778819126355;-0.01814002977397422;-0.08451384052977495
2022-08-06 10:35:21.940;-0.1272976679009129;1179.0112432012902;1.3564077292153378;0.10650550375265766;0.03334813720030283;-0.4223888347725886;0.015297764136768421;-0.013115973114871338;-0.16381242091517834;-0.0034051778819126355;-0.01814002977397422;-0.08451384052977495
2022-08-06 10:35:21.960;-0.13569932849975913;1179.6283212149938;1.357117654071562;0.10650550375265766;0.030424501439110685;-0.4391752432472673;0.009091960366880869;-0.019886596855847927;-0.16694087192493878;-0.0034051778819126355;-0.01814002977397422;-0.08451384052977495
2022-08-06 10:35:21.980;-0.1455997310563299;1180.2453961302745;1.3578275753631681;0.10650550375265766;0.027509254007750172;-0.4559129308349785;0.00288615659705016;-0.026656936609263937;-0.1700678036869716;-0.010300515404022548;-0.0255468687745406;-0.0873338768478904
2022-08-06 10:35:22.000;-0.15691863392779487;1180.8624679559944;1.3585374931003518;0.10650550375265766;0.024602374289454332;-0.4726020207386936;-0.003319647172837392;-0.03342699250062964;-0.17319321685232847;-0.017195852926018773;-0.032953432925523884;-0.09015245369176839
2022-08-06 10:35:22.020;-0.16952922661996073;1181.4795301652412;1.3592473997741477;0.09823109872615987;0.009387744610219073;-0.5123009702103687;0.00288615659705016;-0.02690376367203129;-0.17148790129816405;-0.024091190448128685;-0.04035972235811869;-0.09296957173513576
2022-08-06 10:35:22.040;-0.18321850245804067;1182.096576251868;1.3599572878994808;0.08995669369966208;-0.0057790238991835;-0.5517243001771224;0.009091960366880869;-0.020380460857062133;-0.1697822273997902;-0.024091190448128685;-0.04035972235811869;-0.09296957173513576
2022-08-06 10:35:22.060;-0.1977411354455762;1182.7136062660938;1.3606671575341258;0.08168228867322114;-0.020898215067209236;-0.5908736810555704;0.015297764136768421;-0.013857084050947321;-0.1680761951496832;-0.024091190448128685;-0.04035972235811869;-0.09296957173513576
2022-08-06 10:35:22.080;-0.2128141766853366;1183.3289144735827;1.361375046295408;0.07762568152219274;-0.03144442168181527;-0.6280553312416455;0.025717692607578613;-0.0027673347559229455;-0.16442597232708067;-0.019874566784150005;-0.03583850235446562;-0.09129196274688045
2022-08-06 10:35:22.100;-0.2281368649667857;1183.9407856693215;1.3620789809049973;0.07356910975005349;-0.04194829066804928;-0.6649924738178354;0.03613807774238609;0.008323287619681707;-0.16077359905634392;-0.015657666946477633;-0.03131689172874985;-0.0896137446145886
2022-08-06 10:35:22.120;-0.24337770859455043;1184.5492092610293;1.3627789491768763;0.0829590686775532;-0.03619722822887539;-0.6860359238602163;0.04035284483141055;0.012828719445998615;-0.15918378683635126;-0.011440490902824507;-0.02679489040315275;-0.08793491710161572
2022-08-06 10:35:22.140;-0.25826318289113254;1185.1559163585407;1.3634769426872688;0.08813079764371423;-0.034954110625879053;-0.7086690484961649;0.04035284483141055;0.012766840226710485;-0.15953976545174875;0.004074695995885946;-0.010354602350844289;-0.08288605137624128
2022-08-06 10:35:22.160;-0.2725147013176795;1185.7626175293772;1.3641749293792464;0.09330252661010263;-0.0336950551495967;-0.7312088871619329;0.04035284483141055;0.012704960945065125;-0.15989574417365393;0.019589882894710087;0.006086585552623092;-0.07783251020441906
2022-08-06 10:35:22.180;-0.2858923038984255;1186.3703649331947;1.3648741197225975;0.09512873847290848;-0.03595754128670947;-0.7547014364924625;0.03701031277129374;0.009075141115012286;-0.16148317148939384;0.016245082201695737;0.002546428574305537;-0.07889739339452628
2022-08-06 10:35:22.200;-0.2982062459465919;1186.980198510726;1.3655757101297021;0.08971475132671003;-0.04084840183319116;-0.7516097486202478;0.03573659816746755;0.007517065027435876;-0.16309418723835467;0.012900455255707044;-0.0009935043115092412;-0.07996201284527249
2022-08-06 10:35:22.220;-0.30931900491465925;1187.592109714249;1.3662796907667303;0.08430098570460132;-0.04573878926689545;-0.7485164861607352;0.03446300942105296;0.005959164709430809;-0.1647049273189145;0.009556002040827849;-0.004533213135346159;-0.08102636863037649
2022-08-06 10:35:22.240;-0.31915469159872206;1188.205056624989;1.3669848629456391;0.08190629232251467;-0.04742177228846245;-0.7443925418461861;0.0362058329177799;0.007638028448049283;-0.165106892664868;0.00922999145229042;-0.004863462554737907;-0.08104519486055661
2022-08-06 10:35:22.260;-0.32770687545719474;1188.8180008940326;1.3676900320853764;0.07951160524669376;-0.049104221824538996;-0.7402654703484002;0.037948653409138444;0.009316850622020922;-0.16550907461491882;0.008903982514485875;-0.005193710285823272;-0.081064020945262
2022-08-06 10:35:22.280;-0.33502694876380623;1189.4312280066151;1.3683955266258805;0.07654852713750415;-0.05140300296548972;-0.7364039448054651;0.039123540153333636;0.01037103044743759;-0.1662263990493802;0.004561997807005724;-0.009915369323323375;-0.0831702202694169
2022-08-06 10:35:22.300;-0.3412187529351129;1190.045024976709;1.3691016767658435;0.07565407674604785;-0.05030073852268302;-0.7249302838547056;0.03822982401695896;0.009292017213603287;-0.1672749291138862;0.0002200468037507619;-0.01463684856355485;-0.08527563579889641
2022-08-06 10:35:22.320;-0.3464421395325756;1190.659393072121;1.3698084839638285;0.07475963877800496;-0.04919432677977298;-0.7134325601043656;0.03733612029387956;0.008213036013763997;-0.16832335083370786;-0.004121870496017976;-0.019358148057222024;-0.08738026779357266
2022-08-06 10:35:22.340;-0.35089168262559955;1191.2744868431837;1.3705161260241334;0.07328292366867117;-0.04869625063421168;-0.7020742859164235;0.03586061742121416;0.006517239585413392;-0.16956187017967395;-0.005598269369667008;-0.02091819672273232;-0.08783556891666766
2022-08-06 10:35:22.360;-0.354782908407967;1191.8904604755735;1.3712247803315323;0.0718062424222694;-0.04819413308306153;-0.6906926391043564;0.03438514838368434;0.00482151195755165;-0.17080019860925333;-0.007074634387659984;-0.022478202192019126;-0.08829082121654341
2022-08-06 10:35:22.380;-0.35835195839637296;1192.5068821695968;1.3719339501168508;0.0718062424222694;-0.04612770478073358;-0.6788325663902741;0.03438514838368434;0.004697796746917504;-0.17151190513174264;-0.007074634387659984;-0.022478202192019126;-0.08829082121654341
2022-08-06 10:35:22.400;-0.3618320347169273;1193.123299310253;1.3726431146636933;0.06922052360044972;-0.04292303473934922;-0.6455537814372283;0.026627991918282135;-0.003641220968084724;-0.17470807707791458;-0.007074634387659984;-0.022478202192019126;-0.08829082121654341
2022-08-06 10:35:22.420;-0.36543849435121295;1193.7397198676117;1.3733522831413223;0.06663480477863004;-0.039683790981857925;-0.6120737333869268;0.01887083545287993;-0.011979926098909743;-0.17790260166812732;-0.007074634387659984;-0.022478202192019126;-0.08829082121654341
2022-08-06 10:35:22.440;-0.3693671939766907;1194.355286032769;1.3740604686731208;0.0664714110857858;-0.03382690190582949;-0.5775112644022551;0.013533885886864994;-0.01771682539995112;-0.18009962566730575;-0.004652763165037044;-0.020049629203640507;-0.08829319722229023
2022-08-06 10:35:22.460;-0.3737809204753696;1194.9691375761977;1.3747666815976358;0.06630806528374933;-0.027932816474194766;-0.5427331053458166;0.008196897671986392;-0.023453618637766738;-0.18229588775884675;-0.002230800838727731;-0.017620989238821494;-0.08829571322886931
2022-08-06 10:35:22.480;-0.37879931035998127;1195.5821323907076;1.3754719088880156;0.06825246438552313;-0.02423761303177585;-0.5327151690255976;0.008072798853199004;-0.02380187061142891;-0.18358306397565993;-0.002354988324835716;-0.017746789019781772;-0.08830287420473937
2022-08-06 10:35:22.500;-0.3844883622122728;1196.1951307729832;1.3761771402829746;0.07019686195366148;-0.020539326766115806;-0.5226794592085406;0.007948700273836096;-0.024150122303147725;-0.18487023776049138;-0.002479175571405534;-0.017872588555917446;-0.08831003515952762
2022-08-06 10:35:22.520;-0.3908635545529442;1196.8081327262553;1.3768823757862296;0.07214125798799387;-0.016837953012529994;-0.512625948408008;0.007824601933897668;-0.02449837371303687;-0.18615740911431278;-0.002603362578437185;-0.01799838784683061;-0.08831719609324029
2022-08-06 10:35:22.540;-0.3978863527328188;1197.4211370008925;1.377587613960127;0.07421452354486746;-0.013002657832803521;-0.5025456181150583;0.00782925621948749;-0.024715699484339382;-0.18743457969453203;-0.002598704967223142;-0.017993452692280698;-0.08831568137743151
2022-08-06 10:35:22.560;-0.40546789004770767;1198.0341423472346;1.3782928533669805;0.07628778916864576;-0.009164256371807511;-0.4924473954755113;0.007833910505588904;-0.02493302620941762;-0.18871175247914085;-0.0025940473557817256;-0.017988517537219195;-0.0883141666611067
2022-08-06 10:35:22.580;-0.41348300372823643;1198.6468469850006;1.3789977468200194;0.06885500990961191;-0.014044874595160906;-0.47766338187923907;0.00867480241922891;-0.024128253608090233;-0.18893589379210418;-0.0017525546334091757;-0.017188981545189108;-0.08856921655520011
2022-08-06 10:35:22.600;-0.42174547531275974;1199.258948849565;1.3797019468053462;0.06142219358582679;-0.018919046673406825;-0.4628409466796253;0.009515705323202894;-0.023323478515202112;-0.18916008281193353;-0.0009110509128582578;-0.016389443082061916;-0.08882431397517809
2022-08-06 10:35:22.620;-0.4300462006128053;1199.870447374582;1.3804054526714011;0.05398934019638091;-0.023786758481467274;-0.44798000245281244;0.010356619217738228;-0.02251870093200381;-0.18938431954411694;-6.953619390159815e-05;-0.015589902148917645;-0.08907945892623914
2022-08-06 10:35:22.640;-0.43816772085976585;1200.4816481727976;1.3811086160140602;0.045621686832305386;-0.029641251433108806;-0.4333998105730279;0.010263541956454958;-0.022711987959176838;-0.18995902235825568;-0.0001626799578922089;-0.0156842551289742;-0.08908482977819965
2022-08-06 10:35:22.660;-0.44587825620275723;1201.0928352857372;1.3818117636123284;0.0372540389232654;-0.03548955203902793;-0.4187828215071363;0.01017046482989059;-0.0229052747265186;-0.19053372416691783;-0.00025582358710707354;-0.01577860797107178;-0.08909020061830564
2022-08-06 10:35:22.680;-0.4529224856657895;1201.704584799685;1.3825155582316313;0.048434537829052715;-0.023426900240199444;-0.41391533160262295;0.013595044503098563;-0.019316622258052973;-0.18965635472659415;-0.0020040202423352582;-0.01763095488337285;-0.08965860468511533
2022-08-06 10:35:22.700;-0.4591145887878677;1202.3174645153413;1.383220653105144;0.05961492818750003;-0.011363591874246737;-0.40904377433855554;0.01701960920244261;-0.015727967497888073;-0.18877890489080507;-0.003752169430466523;-0.019483240092085907;-0.09022693404184956
2022-08-06 10:35:22.720;-0.4642701811479072;1202.9314724455398;1.3839270459467081;0.07079521000270006;0.0007003736340855937;-0.4041681467770033;0.020444158928206946;-0.012139310446137586;-0.18790137466630252;-0.005500271153660918;-0.021335463601474203;-0.09079518869949776
2022-08-06 10:35:22.740;-0.46823972343858544;1203.5463900745453;1.3846344853622552;0.08256391412203357;0.01339518334574663;-0.39905973616348245;0.024456699406165683;-0.007917297500590337;-0.18677431826298285;-0.006659941603967212;-0.022704480855622933;-0.09197742979557777
2022-08-06 10:35:22.760;-0.47093393802662986;1204.1619919760778;1.3853427120073982;0.08554111424899702;0.011852831114790519;-0.42506523277666197;0.017092085797948187;-0.015919646218627292;-0.19029997640100316;-0.007819591166022377;-0.02407344938734468;-0.0931595181390632
2022-08-06 10:35:22.780;-0.472273087463824;1204.7779319071342;1.386051327542691;0.0896782537261629;0.011558213565219688;-0.450585229377344;0.010886376582142532;-0.022688277154394143;-0.1934178921592311;-0.007819591166022377;-0.02407344938734468;-0.0931595181390632
2022-08-06 10:35:22.800;-0.4722463057043381;1205.3938715362674;1.3867599427306325;0.09381539320338561;0.011282854063406234;-0.47599263424448957;0.004680667366336877;-0.029456624811551535;-0.19653429251930454;-0.007819591166022377;-0.02407344938734468;-0.0931595181390632
2022-08-06 10:35:22.820;-0.4708880702313206;1206.0098108838356;1.3874685575946444;0.09795253268060833;0.011026681099078672;-0.5012878796628595;-0.0015250418495256213;-0.036224689314927616;-0.19964917813086114;-0.007819591166022377;-0.02407344938734468;-0.0931595181390632
2022-08-06 10:35:22.840;-0.46827847867803074;1206.626192800708;1.388177681617859;0.10064548809504004;0.009258977412937242;-0.5269426294091399;-0.009173388947679939;-0.0445313444221469;-0.2032882508630811;-0.009263311374635208;-0.025600943875872417;-0.09361611451262863
2022-08-06 10:35:22.860;-0.46454886964364117;1207.243450418122;1.3888878131013418;0.08679004167805715;-0.009580077436314838;-0.5553113607457938;-0.004410347110955115;-0.03964809047672446;-0.20268898480015984;-0.010706999209329382;-0.027128396690955014;-0.0940726621822714
2022-08-06 10:35:22.880;-0.45982906848822513;1207.8611391535742;1.3895984405697803;0.07434769681896114;-0.02689585338479006;-0.5830730222850367;0.001764279394116386;-0.03325750021385687;-0.20156624143871937;-0.010738042015756122;-0.027260243559737773;-0.09465082669115077
2022-08-06 10:35:22.900;-0.4542871678328433;1208.478802056452;1.3903090383188212;0.06190535463451852;-0.04418758878947315;-0.6106975458412158;0.007938904584456452;-0.026866922890427247;-0.20044361031114288;-0.010769084807176199;-0.027392090248383738;-0.09522898971175664
2022-08-06 10:35:22.920;-0.4480930743571898;1209.0964465150391;1.3910196148484055;0.04946301512467244;-0.06145538592889821;-0.6381855235555172;0.014113528459780866;-0.020476358551228202;-0.19932109166643475;-0.0108001275837033;-0.027523936757290812;-0.09580715124411565
2022-08-06 10:35:22.940;-0.4414266328386651;1209.714010741045;1.3917300990734471;0.03724734037717781;-0.07846059505979852;-0.6654719800154396;0.02051464320258134;-0.013845465691723291;-0.19812340828652175;-0.010604532529722377;-0.027316703840540413;-0.09574363575657241
2022-08-06 10:35:22.960;-0.4344238979606704;1210.3314464740906;1.3924404354722102;0.04778571322913194;-0.06995421630316301;-0.6773138825890195;0.020710113164604138;-0.013611884807481545;-0.19790795844585052;-0.010408936881500352;-0.02710947015162901;-0.09568011933488396
2022-08-06 10:35:22.980;-0.4272639865680805;1210.948325673853;1.393150131600534;0.05968732873446925;-0.059997905107398;-0.6886800169074885;0.022267692699394104;-0.01192123308938875;-0.19717265330949996;-0.008850355830983148;-0.025456702697795208;-0.0951656747520584
2022-08-06 10:35:23.000;-0.4200732559290995;1211.5642059179154;1.3938586784682032;0.07158909325880813;-0.05003763646690018;-0.7000231055576531;0.02382530994126597;-0.010230524809081487;-0.19643724727214718;-0.007291737049111902;-0.023803885914219336;-0.09465116922964167
2022-08-06 10:35:23.020;-0.412947224156333;1212.1790855187064;1.3945660741337316;0.0834910068077761;-0.040073416474147194;-0.7113431878781098;0.025382964891868198;-0.008539759961841753;-0.19570174031893117;-0.005733080534238155;-0.022151019797547633;-0.09413660275955582
2022-08-06 10:35:23.040;-0.40595208789715675;1212.793468769385;1.3952728987672762;0.09383392998711315;-0.03175784737303289;-0.7231505602682855;0.025382964891868198;-0.008515028058660334;-0.19555946559653137;-0.016076003713632048;-0.03328999612381267;-0.09853233919501125
2022-08-06 10:35:23.060;-0.39912203635234766;1213.407859542036;1.395979732054565;0.09641966078191899;-0.025839574960432543;-0.7040696650260925;0.020211503302199674;-0.014217161068891926;-0.1985119092772658;-0.026418926892912253;-0.044428311184333324;-0.1029245547575357
2022-08-06 10:35:23.080;-0.392452928987019;1214.0209177580473;1.396685032285968;0.10320776429239231;-0.015457334511925325;-0.68355790089766;0.019238290117392864;-0.015433407304293212;-0.19989113891107202;-0.022218128914115454;-0.03997788516909395;-0.101562119904691
2022-08-06 10:35:23.100;-0.385930223641724;1214.631298658096;1.3973872523668756;0.10999621701932938;-0.005061070044778404;-0.6629677878220068;0.018265200910185797;-0.016649496091723393;-0.20127018389166995;-0.018017056811569176;-0.035527103003232696;-0.100199254580013
2022-08-06 10:35:23.120;-0.37951117259689315;1215.2389902678187;1.398086378521236;0.116785019002009;0.00534926442471928;-0.6422990580651957;0.017292235697802028;-0.01786542742157593;-0.20264904425892727;-0.013815710553213734;-0.031075964624562857;-0.09883595863077854
2022-08-06 10:35:23.140;-0.3731653267799768;1215.845341110915;1.3987839621744322;0.11466975282309022;0.004821920667350099;-0.6331498914275775;0.02138304062103913;-0.01357354763879215;-0.2015716307047528;-0.01386228414775914;-0.031123141837213097;-0.09883863998900022
2022-08-06 10:35:23.160;-0.3668213717206343;1216.4516840546203;1.3994815367396791;0.11255448734306128;0.004297155429437538;-0.6239856297803499;0.02547384424790522;-0.009281641703431376;-0.20049408735754515;-0.013908857708539557;-0.031170319015359382;-0.0988413213442394
2022-08-06 10:35:23.180;-0.36041460300572453;1217.05786627817;1.4001789264024809;0.11098284853022733;0.004349202462460511;-0.6146398865077858;0.03010774483724532;-0.004411918480478505;-0.19922737656960532;-0.013412007038422047;-0.030840675657429983;-0.09980957251839229
2022-08-06 10:35:23.200;-0.3538999232846289;1217.6637276476758;1.4008759469348715;0.10941120645799174;0.004403946466563724;-0.6052783698229973;0.03474166344947349;0.00045786477713960494;-0.1979604618125581;-0.01291515253381803;-0.030511040776161735;-0.10077788924519204
2022-08-06 10:35:23.220;-0.34723982336735276;1218.26926799582;1.401572598144358;0.10783956112601345;0.004461391306815443;-0.5959010564095761;0.03937560008470342;0.005327708072265125;-0.19669334308048914;-0.012418294194784352;-0.030181414372464133;-0.10174627152794802
2022-08-06 10:35:23.240;-0.3404199685768989;1218.8777072911398;1.4022725844826474;0.10024464419859669;-0.000863023549047881;-0.5827382874434415;0.025583803146425055;-0.00949264749700518;-0.202342604480223;-0.022078377952706063;-0.0404089060809838;-0.10484118044465873
2022-08-06 10:35:23.260;-0.33343029793307344;1219.4922351580972;1.4029795754917371;0.0926510391381612;-0.006181252526094028;-0.5695465280039489;0.01179373052364241;-0.02431018113244221;-0.20798605962017014;-0.03173701242985416;-0.05063452324316131;-0.10793385960262736
2022-08-06 10:35:23.280;-0.326275302536782;1220.109794308366;1.4036900538773358;0.0945022209207309;-0.0014693119921140863;-0.5531566372981587;0.007439487970522407;-0.02904206755160743;-0.21007426401985896;-0.03195429508275183;-0.050854614580202906;-0.10794633392848318
2022-08-06 10:35:23.300;-0.3190029834665745;1220.7273578858076;1.4044005373562287;0.09635340033412376;0.0032508967431930103;-0.5367189432030068;0.0030852523562217016;-0.03377381883833408;-0.2121617852037634;-0.03217157700219886;-0.05107470516725243;-0.10795880819011305
2022-08-06 10:35:23.320;-0.31166630573539966;1221.3449258991677;1.4051110259384778;0.09820457737822608;0.007979394177564103;-0.520233324286405;-0.0012689763193733938;-0.03850543503127568;-0.2142486233696168;-0.032388858188308944;-0.05129479500442358;-0.10797128238754361
2022-08-06 10:35:23.340;-0.3043349347473213;1221.9626388892284;1.4058216813109237;0.09775736783569755;0.010010953247185483;-0.5059952896328959;0.006041297535183787;-0.030925430126238496;-0.21283833140195618;-0.0224931980892471;-0.04081158978988242;-0.10476453419762333
2022-08-06 10:35:23.360;-0.2970792136982719;1222.580637331681;1.4065326650855225;0.09731016139858184;0.012048638895205244;-0.49172165215522323;0.0133515505523647;-0.023345447308848577;-0.21142811348504598;-0.012597566805251148;-0.030328050595983314;-0.10155590143309201
2022-08-06 10:35:23.380;-0.2899861362406656;1223.198151280776;1.4072430914688847;0.09919529787566717;0.01657549610208875;-0.47658813204682726;0.022991895993733635;-0.013269482991709936;-0.20910878699583257;-0.010713035810791638;-0.028325743851326024;-0.10091149270734068
2022-08-06 10:35:23.400;-0.283140017074707;1223.8143874447487;1.407952047808915;0.1010804895339561;0.021109436543181204;-0.4614140033315284;0.032632397478757014;-0.0031932524896873815;-0.2067889736968196;-0.008828449652806825;-0.02632336399523183;-0.10026698943431267
2022-08-06 10:35:23.420;-0.2766044481541444;1224.42935261409;1.4086595419178158;0.10917146435076575;0.029594013586088153;-0.4592967722033636;0.032447319055087576;-0.00355397021896664;-0.2077957370939476;-0.006943808328681911;-0.02432091102218692;-0.09962239159866204
2022-08-06 10:35:23.440;-0.27045577892265876;1225.0436860834525;1.409366309279844;0.11537719232529753;0.036070073366001765;-0.4578541257233715;0.030378743063558034;-0.00593355498525483;-0.20954472962694748;-0.006943808328681911;-0.02432091102218692;-0.09962239159866204
2022-08-06 10:35:23.460;-0.2647417491788069;1225.6580263953147;1.4100730845139087;0.12158292029982931;0.042546207182649454;-0.45641111183248295;0.02831016707202849;-0.008313073682380434;-0.21129336100727247;-0.006943808328681911;-0.02432091102218692;-0.09962239159866204
2022-08-06 10:35:23.480;-0.2594925156888321;1226.2721609001383;1.4107796229747793;0.128332239084898;0.04960591735592956;-0.4547481894344303;0.02678461547677813;-0.010105779776459656;-0.21280062912188935;-0.0064004386525162715;-0.023839902759902998;-0.09998952487945623
2022-08-06 10:35:23.500;-0.2547204842581589;1226.8858767958518;1.4114856798417417;0.13508158573478113;0.0566657535768762;-0.45308477582143425;0.02525906070511752;-0.011898448147199758;-0.21430767326599742;-0.005857064390678346;-0.023358897067737416;-0.10035669766966304
2022-08-06 10:35:23.520;-0.2504154142551466;1227.4991729095564;1.4121912537654202;0.1418309602499903;0.06208010638900063;-0.46086770856375914;0.02166491512682711;-0.015798361719724596;-0.21599708126921335;-0.005313685543168134;-0.022877893946144923;-0.10072390997204117
2022-08-06 10:35:23.540;-0.24654176245787762;1228.1122608222722;1.4128965881617557;0.1478503631454373;0.06672388788737393;-0.4688703765641069;0.017341592662297955;-0.020473818453602632;-0.21793915336875624;-0.005499957762079788;-0.023066578325881437;-0.10073462337040962
2022-08-06 10:35:23.560;-0.2430430325045721;1228.7253531363167;1.4136019276216532;0.1538697586004787;0.07136951766923616;-0.47686193249381503;0.013018276056222078;-0.02514915565452469;-0.21988062214999982;-0.005686229442002144;-0.023255262154634693;-0.10074533672145058
2022-08-06 10:35:23.580;-0.23984703104765293;1229.3388152014159;1.4143076924661184;0.15892921730704757;0.07498860966247989;-0.48521848813858526;0.007736200530963799;-0.030858454543952973;-0.22223623879944387;-0.006831936677993866;-0.024469064629442983;-0.1011169672285881
2022-08-06 10:35:23.600;-0.2368671576888935;1229.9530119368646;1.4150143025209636;0.16398864733184837;0.07860974648283658;-0.49356271117027006;0.0024541780994482565;-0.03656752813932229;-0.22459094075634578;-0.007977623526183919;-0.025682840616070735;-0.10148856572282039
2022-08-06 10:35:23.620;-0.23404432548553378;1230.5679259651151;1.4157217377939786;0.14215676307941294;0.05100654805866256;-0.5263080302736212;0.006480730697241199;-0.032275447792436296;-0.2231411873406497;-0.009123289987140737;-0.026896590115484287;-0.10186013220718149
2022-08-06 10:35:23.640;-0.23125320341765526;1231.1832334976425;1.4164296257787432;0.12112642017336839;0.02429613102875905;-0.5585462889312911;0.011307762231673735;-0.027118296317460988;-0.2213353587947955;-0.009467893266613459;-0.02758441017823543;-0.1038246042888682
2022-08-06 10:35:23.660;-0.22840502831019133;1231.7986056928276;1.4171375881554436;0.10009612832067205;-0.002381700725184288;-0.5906004146924761;0.016134783307656164;-0.021961055370660176;-0.2195290089166395;-0.009812494701460395;-0.02827221816164638;-0.10578901464159518
2022-08-06 10:35:23.680;-0.2254138854835988;1232.4139997417878;1.4178455756740838;0.07928636933274902;-0.02879626852510242;-0.6224156338502178;0.021182079011772714;-0.016571718949670355;-0.2176589720126776;-0.009936667562723045;-0.028397997082606707;-0.10579614750546451
2022-08-06 10:35:23.700;-0.22220427859336378;1233.029374296144;1.4185535407649208;0.07502505820804117;-0.03858619293740517;-0.6540764979507552;0.014852324971435849;-0.023538434821510634;-0.22120078652807162;-0.010060840184390685;-0.028523775758458214;-0.10580328034833641
2022-08-06 10:35:23.720;-0.2187596120742083;1233.6447381715188;1.4192614935699952;0.07076375086921871;-0.04834484082082113;-0.6855568109054655;0.0085225764899306;-0.030504797541105688;-0.22474073147265106;-0.010185012566633844;-0.028649554189485116;-0.10581041317023399
2022-08-06 10:35:23.740;-0.21506909352171283;1234.2602084123573;1.419969568744502;0.06625866210691811;-0.05833629817678698;-0.7169690297669264;0.001949271105480932;-0.03773757486984408;-0.22840760118445402;-0.01055291945237613;-0.029039305741832777;-0.10592963126227328
2022-08-06 10:35:23.760;-0.21115036843937995;1234.8759020146608;1.420677900887905;0.06175358595442049;-0.06829651359820232;-0.7482010402505823;-0.004624016417402288;-0.044969957227145585;-0.23207244154918705;-0.01092082423576457;-0.029429054563252066;-0.10604884605638887
2022-08-06 10:35:23.780;-0.20705017239909962;1235.491835968256;1.4213865095463554;0.05710103719542303;-0.07837747947329277;-0.7792762972185967;-0.011344634427722156;-0.05235436450154651;-0.2357615889110498;-0.011436185812438993;-0.03006708565885674;-0.10674438106733053
2022-08-06 10:35:23.800;-0.20282468983744095;1236.1080345309674;1.4220954226275602;0.05865412799283831;-0.07469191773740036;-0.7670644207862978;-0.009791065289185497;-0.050792440266455685;-0.2357434646864398;-0.011951543263702291;-0.030705105617641948;-0.107439877409921
2022-08-06 10:35:23.820;-0.1985885709092322;1236.724504884558;1.4228046483938657;0.060207215557454674;-0.0710015729264093;-0.7548249105204041;-0.00823749938719942;-0.04923053086351814;-0.23572540730093738;-0.012466896589440779;-0.031343114439891906;-0.10813533508625994
2022-08-06 10:35:23.840;-0.1944581576313109;1237.3411133537375;1.4235140330569194;0.062275752115226624;-0.06676496341842508;-0.7424169603892086;-0.006168962829370628;-0.04712357971950354;-0.23554428070480427;-0.012466896589440779;-0.031343114439891906;-0.10813533508625994
2022-08-06 10:35:23.860;-0.19056114307197392;1237.9577263199972;1.4242234228936932;0.06434428867299857;-0.06252341565161501;-0.7299805401016313;-0.004100426271655522;-0.04501663936976996;-0.235363218729427;-0.012466896589440779;-0.031343114439891906;-0.10813533508625994
2022-08-06 10:35:23.880;-0.18704316139760713;1238.5741108634757;1.4249325499387187;0.0670773670559015;-0.057568801823411064;-0.7172766177366761;-0.0013679645668602802;-0.04219565676745418;-0.23490664439117825;-0.011802497074594243;-0.0306349598995439;-0.10789531627240301
2022-08-06 10:35:23.900;-0.18406398707813343;1239.190002328738;1.4256411097159531;0.05119354737729509;-0.0705479956211299;-0.7003396965278395;-0.0007040325684428694;-0.04148159406909002;-0.23463105254743688;-0.011138090703521897;-0.02992679606592219;-0.10765528456969164
2022-08-06 10:35:23.920;-0.18172254590700665;1239.8053982010097;1.4263490993322436;0.03530965865621738;-0.08351852477122534;-0.6833502135044132;-4.009371846080967e-05;-0.040767521722976596;-0.23435544586142054;-0.010473677475939525;-0.029218622938572025;-0.10741523997734692
2022-08-06 10:35:23.940;-0.1801387002663314;1240.4205386944159;1.4270567951448332;0.01862155334288218;-0.09733037045524284;-0.666557674698848;-0.0001796869978178961;-0.040909182293283664;-0.23436464747776675;-0.010613370493270935;-0.029360122170771774;-0.10742326179400408
2022-08-06 10:35:23.960;-0.17940483483731406;1241.0356642004117;1.4277644737149755;0.0019334642907438138;-0.11113374126412978;-0.6497140777411872;-0.0003192799742564034;-0.0410508425528846;-0.23437384906361558;-0.010753063207513236;-0.02950162109317489;-0.10743128358412246
2022-08-06 10:35:23.980;-0.17958611320376083;1241.6502500794231;1.4284715314647338;-0.012963332549077222;-0.12303616365690928;-0.6322688621264856;0.0013312521800017407;-0.039287988566137244;-0.2337595107738899;-0.00910135176479443;-0.027751865050561264;-0.10689620384099285
2022-08-06 10:35:24.000;-0.18069178557588494;1242.2637849357343;1.4291773800527285;-0.0009688347614087434;-0.10815028573316354;-0.615872114485227;0.0029818266794237047;-0.03771033616740027;-0.2342108304179158;-0.007449597946557418;-0.026002053967999927;-0.10636105764011639
2022-08-06 10:35:24.020;-0.18276335261893095;1242.8762810881526;1.4298820336512803;0.01102582333561486;-0.09325557430654285;-0.599426394319523;0.004632443526055852;-0.0361326704904954;-0.23466231255012815;-0.005797801751040055;-0.024252187841739214;-0.10582584497224179
2022-08-06 10:35:24.040;-0.18578249307043482;1243.488250708957;1.4305860814951754;0.021270953890734745;-0.08020134417612113;-0.5834736273955858;0.004534726520979859;-0.03641488643554425;-0.23572178522720666;-0.005895588573874733;-0.024349293219586343;-0.10582028978720182
2022-08-06 10:35:24.060;-0.18969790140652742;1244.1002069027236;1.4312901138917729;0.03151607761259356;-0.06713905554963517;-0.5674751746188207;0.004437009664378877;-0.036697103103016104;-0.23678126139914912;-0.0059933752482344005;-0.024446398452880658;-0.10581473462408919
2022-08-06 10:35:24.080;-0.19443244461718445;1244.7121650740955;1.4319941485635301;0.04599615705450333;-0.05063181356328883;-0.5560863636991922;0.004437009664378877;-0.036795920389543824;-0.2373497198962582;-0.0059933752482344005;-0.024542836508146593;-0.10636833610684615
2022-08-06 10:35:24.100;-0.19989913982679985;1245.3241406267553;1.4326982032317999;0.060476236496413094;-0.034120377844576666;-0.5446743556982021;0.004437009664378877;-0.03689473783710895;-0.2379181786769058;-0.0059933752482344005;-0.024639274499520525;-0.10692193661214322
2022-08-06 10:35:24.120;-0.2059888500560122;1245.9361335646317;1.4334022779011024;0.07495631593832286;-0.0176047408417368;-0.53323910912854;0.004437009664378877;-0.03699355544559779;-0.23848663774121537;-0.0059933752482344005;-0.024735712426718237;-0.10747553613998306
2022-08-06 10:35:24.140;-0.21259830180335537;1246.5478129628827;1.4341059918549546;0.09021442734092489;-0.00024558969258592356;-0.5214423608737251;0.005214275244306066;-0.036247408595521335;-0.23868062309148907;-0.005215554319871529;-0.023898751850140343;-0.10714911461993548
2022-08-06 10:35:24.160;-0.2196150302593699;1247.1588256275209;1.4348089387570666;0.10547262589153661;0.01711814762697017;-0.5096207516416857;0.005991550213742869;-0.035501261486011515;-0.238874660027256;-0.004437723995348364;-0.023061777622331192;-0.10682267037341386
2022-08-06 10:35:24.180;-0.2269558350140607;1247.7695020682368;1.4355114988463054;0.09099246870039224;0.005109232716304035;-0.49518041036450455;0.012197331867163541;-0.02898309130855381;-0.23719718638844434;-0.004437723995348364;-0.023061777622331192;-0.10682267037341386
2022-08-06 10:35:24.200;-0.23449310068702417;1248.380165898161;1.4362140444273062;0.07651231150919102;-0.006893657456462421;-0.4807036190590992;0.018403113520470527;-0.022464849144533616;-0.23551936496870152;-0.004437723995348364;-0.023061777622331192;-0.10682267037341386
2022-08-06 10:35:24.220;-0.242145007743511;1248.990817123362;1.436916575507051;0.06203215431804665;-0.01889051055323776;-0.4661902983459605;0.024608895173834355;-0.01594653498974452;-0.2338411957641604;-0.004437723995348364;-0.023061777622331192;-0.10682267037341386
2022-08-06 10:35:24.240;-0.2498454077053502;1249.601455749922;1.4376190920925371;0.04755199712695912;-0.03088131421603535;-0.4516403686977002;0.030814676827198184;-0.009428148840491701;-0.23216267877093877;-0.004437723995348364;-0.023212482835390347;-0.10768778516555688
2022-08-06 10:35:24.260;-0.2575467638403602;1250.2120817839532;1.438321594190796;0.03307183993575791;-0.0428660560670302;-0.4370537504387171;0.03702045848056201;-0.0029096906929098054;-0.23048381398521034;-0.004437723995348364;-0.023363187892073256;-0.10855289757069997
2022-08-06 10:35:24.280;-0.2652006702043307;1250.8227039698031;1.4390240918618686;0.035657582291378276;-0.0382080135198386;-0.4251982687981819;0.03702045848056201;-0.003095396766319425;-0.23155200346211036;-0.004437723995348364;-0.023363187892073256;-0.10855289757069997
2022-08-06 10:35:24.300;-0.2728159741882398;1251.433331050961;1.4397265951648073;0.0382433246469418;-0.033545737272877574;-0.41331840420993693;0.03702045848056201;-0.003281103407253738;-0.23262019393375066;-0.004437723995348364;-0.023363187892073256;-0.10855289757069997
2022-08-06 10:35:24.320;-0.2803974705724963;1252.0439630318506;1.4404291041047015;0.040829067002505326;-0.028879219896882802;-0.40141411293109286;0.03702045848056201;-0.003466810615655902;-0.23368838540073522;-0.004437723995348364;-0.023363187892073256;-0.10855289757069997
2022-08-06 10:35:24.340;-0.2879626556045466;1252.6545999168957;1.4411316186866407;0.04341480935801201;-0.02420845395161919;-0.3894853511504195;0.03702045848056201;-0.0036525183918101334;-0.23475657786355342;-0.004437723995348364;-0.023363187892073256;-0.10855289757069997
2022-08-06 10:35:24.360;-0.29555498766931904;1253.2652322351714;1.441834128014685;0.03720902770470502;-0.03757406777711836;-0.43049502741966794;0.034951864596088456;-0.005982038090245112;-0.2362175628686316;-0.004437723995348364;-0.023363187892073256;-0.10855289757069997
2022-08-06 10:35:24.380;-0.30319363801728955;1253.8758578188645;1.4425366295948472;0.031003246051341193;-0.05088957972757058;-0.471215396248887;0.03288327071167174;-0.008311505579364109;-0.23767826419298554;-0.011333036943593555;-0.030888513248783056;-0.11205369701720791
2022-08-06 10:35:24.400;-0.3109113328302964;1254.4864621618253;1.4432391067383523;0.024797464398034208;-0.06415529103086115;-0.5116482389266199;0.030814676827198184;-0.01064092086775048;-0.23913868188257226;-0.01822834989172506;-0.03841344771024069;-0.1155523947284216
2022-08-06 10:35:24.420;-0.31872913240841017;1255.097052595047;1.44394156787923;0.018591682744613536;-0.07737150140846794;-0.5517953271877785;0.028746082942667783;-0.012970283964328644;-0.24059881598326882;-0.025123662839913408;-0.04593799148415201;-0.1190489917909936
2022-08-06 10:35:24.440;-0.3266749447744418;1255.7076291700578;1.4446440130767615;0.01238590109130655;-0.09053850908205519;-0.5916584232614994;0.026677489058307913;-0.015299594877056677;-0.24205866654102248;-0.025123662839913408;-0.04593799148415201;-0.1190489917909936
2022-08-06 10:35:24.460;-0.3347196885130163;1256.3182111779533;1.445346464524621;0.039277621589121736;-0.06702832059287189;-0.6115334203463787;0.028746082942667783;-0.01324250419670392;-0.24216465116651076;-0.025123662839913408;-0.04593799148415201;-0.1190489917909936
2022-08-06 10:35:24.480;-0.3429088710918867;1256.9288178896168;1.4460489443932287;0.06616934208699377;-0.04350669719608291;-0.6313383048821137;0.030814676827198184;-0.011185438639778056;-0.24227077876594993;-0.025123662839913408;-0.04593799148415201;-0.1190489917909936
2022-08-06 10:35:24.500;-0.35123132331021756;1257.5394493160638;1.4467514526952578;0.0930610625848658;-0.01997367116789306;-0.6510732896568241;0.03288327071167174;-0.009128398212531863;-0.24237704937234295;-0.025123662839913408;-0.04593799148415201;-0.1190489917909936
2022-08-06 10:35:24.520;-0.35966154173406895;1258.1501054682376;1.447453989443298;0.11995278308268098;0.0035707252868313333;-0.670738586909791;0.034951864596088456;-0.00707138292110443;-0.24248346301853818;-0.025123662839913408;-0.04593799148415201;-0.1190489917909936
2022-08-06 10:35:24.540;-0.36815954320547944;1258.760786357081;1.4481565546499386;0.146844503580553;0.027126460035017175;-0.6903344083326406;0.03702045848056201;-0.00501439277203275;-0.24259001973743022;-0.014780693417602464;-0.03512690955403741;-0.11653512666283294
2022-08-06 10:35:24.560;-0.3767102526077723;1259.3714746494297;1.4488591283740313;0.1365015341582989;0.01766764800956011;-0.6850870973983971;0.029263231413871438;-0.013316009041169252;-0.24557207319423657;-0.004437723995348364;-0.024315640234362945;-0.11402035275765332
2022-08-06 10:35:24.580;-0.38520819542843526;1259.9821530070403;1.4495616906685846;0.12615856473598797;0.008209626389000135;-0.6798348215066339;0.021506004347180863;-0.021617348679249915;-0.24855267752882515;-0.004437723995348364;-0.024315640234362945;-0.11402035275765332
2022-08-06 10:35:24.600;-0.3935757070432848;1260.5928214305677;1.4502642415343516;0.11581559531379071;-0.0012476042461777581;-0.6745775766449427;0.013748777280433444;-0.029918411812069223;-0.25153183337364915;-0.004437723995348364;-0.024315640234362945;-0.11402035275765332
2022-08-06 10:35:24.620;-0.4017217374631643;1261.2034799206813;1.450966780972103;0.10547262589153661;-0.010704043315090672;-0.6693153587982472;0.005991550213742869;-0.03821919856451217;-0.2545095413606919;-0.004437723995348364;-0.024315640234362945;-0.11402035275765332
2022-08-06 10:35:24.640;-0.4095487776083928;1261.814141749368;1.451669324250756;0.10547262589153661;-0.008751414160744986;-0.6581092580340693;0.010128737982689984;-0.03393220460488777;-0.25372726896518394;-0.004437723995348364;-0.024315640234362945;-0.11402035275765332
2022-08-06 10:35:24.660;-0.41697330203859334;1262.4247983516034;1.452371861516575;0.10547262589153661;-0.006794856305052832;-0.6468803598350998;0.014265925751580255;-0.029645211744956157;-0.2529450240338056;-0.004437723995348364;-0.024315640234362945;-0.11402035275765332
2022-08-06 10:35:24.680;-0.42388829306931636;1263.0354570110721;1.453074401149163;0.10547262589153661;-0.004834362980350448;-0.6356286238400326;0.018403113520470527;-0.02535821999614285;-0.25216280663178825;-0.0009900675212257681;-0.020884691056153315;-0.11417409776460019
2022-08-06 10:35:24.700;-0.43020175916092074;1263.6461177319215;1.4537769431532912;0.10547262589153661;-0.002869927409310691;-0.6243540096255957;0.022540301289360798;-0.021071229369816535;-0.2513806168243109;0.0024575889527831407;-0.017453804401725392;-0.11432819796573046
2022-08-06 10:35:24.720;-0.43582156723680227;1264.2567805182844;1.4544794875337141;0.10547262589153661;-0.0009015428051704077;-0.6130564767065243;0.026677489058307913;-0.01678423987757327;-0.25059845467664665;0.005905245426905736;-0.014022980296829246;-0.11448265349737952
2022-08-06 10:35:24.740;-0.4406630391762548;1264.8674451799234;1.4551820340715715;0.10547262589153661;0.0007006821613479985;-0.6038603275347647;0.028746082942667783;-0.014603623691492373;-0.24999385938001062;0.005905245426905736;-0.014022980296829246;-0.11448265349737952
2022-08-06 10:35:24.760;-0.4446502592300222;1265.478111525903;1.4558845825471987;0.10547262589153661;0.0023055222434571476;-0.5946489998914979;0.030814676827198184;-0.012422997213171527;-0.2493892127954087;0.005905245426905736;-0.014022980296829246;-0.11448265349737952
2022-08-06 10:35:24.780;-0.44771991505149167;1266.0887795589588;1.456587132963743;0.10547262589153661;0.003912981095847812;-0.5854224719706043;0.03288327071167174;-0.010242360442212828;-0.24878451492046239;0.005905245426905736;-0.014022980296829246;-0.11448265349737952
2022-08-06 10:35:24.800;-0.44982329222193335;1266.6994492818412;1.457289685324369;0.10547262589153661;0.005523062377019272;-0.5761807219388579;0.034951864596088456;-0.008061713377934154;-0.2481797657526883;0.005905245426905736;-0.014022980296829246;-0.11448265349737952
2022-08-06 10:35:24.820;-0.45092855934242465;1267.3101206973006;1.4579922396322404;0.10547262589153661;0.0071357697498477535;-0.5669237279357615;0.03702045848056201;-0.005881056019937603;-0.24757496528953737;0.005905245426905736;-0.014022980296829246;-0.11448265349737952
2022-08-06 10:35:24.840;-0.451021378000205;1267.9207943308502;1.4586947964919406;0.10547262589153661;0.009746469190613283;-0.5519378647453506;0.034951864596088456;-0.00823502287115474;-0.24917662166235832;-0.009609208706532257;-0.030456465370946262;-0.11949802860416803
2022-08-06 10:35:24.860;-0.45010419398585455;1268.5314707102298;1.459397356510614;0.10547262589153661;0.01236404638413191;-0.5369120733695798;0.03288327071167174;-0.010588930644551908;-0.2507779560079282;-0.025123662839913408;-0.04688905738328231;-0.12450876404692313
2022-08-06 10:35:24.880;-0.44821835657494324;1269.1421571225146;1.4600999280717646;0.10547262589153661;0.014988516840471533;-0.5218462612089443;0.030814676827198184;-0.012942779349906175;-0.25237896837962737;-0.025123662839913408;-0.04688905738328231;-0.12450876404692313
2022-08-06 10:35:24.900;-0.44541677773256233;1269.752839015222;1.4608024944333127;0.10547262589153661;0.017619896098803878;-0.506740335477577;0.028746082942667783;-0.015296568997278825;-0.25397965883083096;-0.025123662839913408;-0.04688905738328231;-0.12450876404692313
2022-08-06 10:35:24.920;-0.4417664569880922;1270.3635236754562;1.4615050639787954;0.10547262589153661;0.02025819972717713;-0.491594203202804;0.026677489058307913;-0.017650299596617458;-0.25558002741477015;-0.025123662839913408;-0.04688905738328231;-0.12450876404692313
2022-08-06 10:35:24.940;-0.43737352151263337;1270.974209682514;1.4622076350737474;0.10288688353597308;0.02018440495507079;-0.47712762999153124;0.021506004347180863;-0.023317927137860295;-0.25833456721130155;-0.025123662839913408;-0.04688905738328231;-0.12450876404692313
2022-08-06 10:35:24.960;-0.432353849899773;1271.5848956153568;1.4629102060833181;0.10030114118040956;0.02011687111845717;-0.46262443575100054;0.01633451963599697;-0.02898533738092368;-0.26108794039235406;-0.025123662839913408;-0.04688905738328231;-0.12450876404692313
2022-08-06 10:35:24.980;-0.426844776286219;1272.1955814805624;1.4636127770150746;0.09771539882490288;0.02005561153563562;-0.44808453989133135;0.011163034924926762;-0.03465253040777583;-0.26384014738838957;-0.01822834989172506;-0.03978252167013352;-0.12341166956506378
2022-08-06 10:35:25.000;-0.4209982794665165;1272.8062672847227;1.464315347876601;0.09512965646933935;0.020000639547983923;-0.43350786166894917;0.005991550213742869;-0.040319506300896535;-0.26659118862990905;-0.011333036943593555;-0.032675999865375616;-0.12231470474860284
2022-08-06 10:35:25.020;-0.41497744910024636;1273.416952638283;1.465017918219729;0.0930610625848658;0.019197615537702717;-0.4262044450194651;0.005991550213742869;-0.04039363614318603;-0.2670176020792878;-0.004437723995348364;-0.02556949202528358;-0.12121786991300798
2022-08-06 10:35:25.040;-0.408948557611755;1274.0276371492;1.465720487593428;0.09099246870039224;0.018396161251157395;-0.4188918045123966;0.005991550213742869;-0.04046776607648184;-0.2674440156905815;-0.004437723995348364;-0.02556949202528358;-0.12121786991300798
2022-08-06 10:35:25.060;-0.40307805307466815;1274.6383208191328;1.4664230559996065;0.08892387481597552;0.01759627834755051;-0.4115699300270039;0.005991550213742869;-0.040541896100897645;-0.2678704294638221;-0.004437723995348364;-0.02556949202528358;-0.12121786991300798
2022-08-06 10:35:25.080;-0.39752565512537036;1275.2490036497256;1.4671256234401562;0.08685528093150197;0.01679796848670989;-0.4042388114328608;0.005991550213742869;-0.04061602621631977;-0.26829684339899895;-0.004437723995348364;-0.02556949202528358;-0.12121786991300798
2022-08-06 10:35:25.100;-0.3924383940860088;1275.859685642623;1.467828189916969;0.08478668704702841;0.016001233330566578;-0.3968984385899983;0.005991550213742869;-0.040690156422805046;-0.2687232574961804;-0.004437723995348364;-0.02556949202528358;-0.12121786991300798
2022-08-06 10:35:25.120;-0.3879422109974804;1276.47036607685;1.4685307546005906;0.08478668704702841;0.01383010228598991;-0.4093658703372487;0.005991550213742869;-0.04083841710890823;-0.2695760861766372;-0.004437723995348364;-0.02556949202528358;-0.12121786991300798
2022-08-06 10:35:25.140;-0.38414988073546763;1277.081051512876;1.4692333250385923;0.08478668704702841;0.011663574134299637;-0.4218065622868661;0.005991550213742869;-0.040986678159093515;-0.2704289155055104;-0.004437723995348364;-0.02571416653563574;-0.122048342029629
2022-08-06 10:35:25.160;-0.38113973604973267;1277.691727395788;1.4699358844860986;0.08478668704702841;0.009501640517466825;-0.43422056440591295;0.005991550213742869;-0.04113493957364511;-0.27128174548306294;-0.004437723995348364;-0.025858840901946678;-0.12287881194654027
2022-08-06 10:35:25.180;-0.3789476320638099;1278.3007480626184;1.470636539670266;0.08922195947525324;0.012091230685964405;-0.44489677551712337;0.010422548672330834;-0.03651495710831654;-0.2702795305333714;-3.55963339515597e-06;-0.021129238280991558;-0.12125719467134566
2022-08-06 10:35:25.200;-0.3775985362122638;1278.9064515020655;1.4713333785101126;0.09365753737318983;0.014684311767464209;-0.45555414892647317;0.01485385230623848;-0.03189464715133994;-0.26927722174275104;0.004430910122099618;-0.016399219346226346;-0.11963499021862489
2022-08-06 10:35:25.220;-0.3770815524090753;1279.508817890317;1.4720263781990937;0.10067928186361996;0.014297740280166948;-0.49821068067565655;0.019285461153152994;-0.027249273192659018;-0.26813253565391904;0.008865685308482085;-0.011668784015398614;-0.118012198356646
2022-08-06 10:35:25.240;-0.3773518769426824;1280.109507837573;1.4727174492062773;0.10331173381649705;0.009270204040401353;-0.5422301217527359;0.01933200629387244;-0.027325724843841215;-0.26884090080298684;0.008912263705330048;-0.011621604087565629;-0.11800952629086137
2022-08-06 10:35:25.260;-0.37833447675393167;1280.710192742008;1.473408514411887;0.10594418663458782;0.004301123216205127;-0.5859093866618705;0.019378551468356875;-0.027402176890085173;-0.26954926719328665;0.008958842135829315;-0.011574424125456062;-0.11800685422214396
2022-08-06 10:35:25.280;-0.3799344135409707;1281.3108190444254;1.4740995121980969;0.1086946942442637;-0.0004825363892884127;-0.6291994353187302;0.019543032633386304;-0.027350259402361132;-0.2701998777626464;0.009123440820932416;-0.011524790859141376;-0.11866952032315226
2022-08-06 10:35:25.300;-0.38203683548125594;1281.9113338713723;1.4747903817360053;0.10885934035837863;-0.003863062344098722;-0.6495486607802032;0.019707514218829658;-0.027174658166437382;-0.27013906815607935;0.009288039926847347;-0.011475159820975023;-0.11933220000995703
2022-08-06 10:35:25.320;-0.38451739321520867;1282.5117379364165;1.4754811238465444;0.10902398689336223;-0.0072307429371427645;-0.6698233239520368;0.01987199622485747;-0.026999056366626917;-0.2700782577949852;0.009452639453574108;-0.011425531011298062;-0.11999489328274837
2022-08-06 10:35:25.340;-0.38724383871455315;1283.112084626955;1.4761717999498905;0.10893080274655631;-0.010854439985653386;-0.6900823983873066;0.01977890519558656;-0.02709351854829123;-0.2700843617740549;0.009359481911761947;-0.011519891156979156;-0.12000023538203397
2022-08-06 10:35:25.360;-0.3900774375822912;1283.7124273393347;1.4768624714765153;0.10883761873446929;-0.014465280388751722;-0.7102668934208181;0.019685814301091398;-0.027187980591826033;-0.27009046573961903;0.009266324504725532;-0.01161425116498549;-0.12000557746951301
2022-08-06 10:35:25.380;-0.3928983006415897;1284.3129451516797;1.477553344449011;0.10830951022563795;-0.018528149564676966;-0.7305414837811615;0.01915823352383228;-0.027751227942552248;-0.2702855142944749;0.00873836677635964;-0.012173461885765846;-0.12017612471278838
2022-08-06 10:35:25.400;-0.39557484785224306;1284.913800910981;1.4782446062166656;0.1160561428055189;-0.012237006695816177;-0.739022219451491;0.01863065707258471;-0.02841341203079395;-0.2710496680565413;0.008210413377074843;-0.012732666987403718;-0.1203466651872116
2022-08-06 10:35:25.420;-0.39800564433159624;1285.5150069338924;1.4789362709493221;0.12380274956012727;-0.0059436845562892415;-0.7474897061204802;0.018103084947405534;-0.029075583136339844;-0.2718137737326387;0.007682464306984826;-0.013291866469785418;-0.12051719889304824
2022-08-06 10:35:25.440;-0.40010858391527915;1286.116671226955;1.4796284629044107;0.13112217304916385;-9.61076926024873e-05;-0.756056009249999;0.017148823107653755;-0.030188348940178855;-0.2727072136216986;-0.0036158473533838276;-0.025549823158144136;-0.1258365040778262
2022-08-06 10:35:25.460;-0.4018154756254242;1286.7189016359844;1.480321306154453;0.1384415561624337;0.005753702354947876;-0.7646086892151693;0.01619457542123115;-0.0313010842557091;-0.2736005641259194;-0.01491407667020539;-0.037806759820114166;-0.13115078654236179
2022-08-06 10:35:25.480;-0.4030788290543556;1287.3214184730678;1.4810144789291104;0.14668515924284975;0.012581138836960548;-0.7728696782750806;0.016163546836970966;-0.031431496705884854;-0.2741716230560902;-0.014945125207130872;-0.03783820819239736;-0.13115256268657927
2022-08-06 10:35:25.500;-0.4038804065016877;1287.9239400699807;1.4817076571797714;0.14665409520210915;0.015096213585163554;-0.7582619614038384;0.016132518267546914;-0.031617555893568294;-0.2750627591725605;-0.014976173729220221;-0.03786965654944652;-0.13115433882951955
2022-08-06 10:35:25.520;-0.40420873079062886;1288.526464195711;1.482400838339741;0.14662303117643205;0.017618111613582954;-0.7436146698511461;0.016101489713129524;-0.03180361531493503;-0.27595389533143244;-0.015007222236189222;-0.037901104891204795;-0.13115611497112933
2022-08-06 10:35:25.540;-0.4040795603863593;1289.1285631595747;1.4830935303671042;0.14794188287680754;0.021574892034006865;-0.7285019790368201;0.01741883544529088;-0.03055188889592131;-0.27635653410924466;-0.013689029396910968;-0.03650504790954301;-0.1307311841830634
2022-08-06 10:35:25.560;-0.4035268631848062;1289.7298086541923;1.483785240510462;0.1492607615811039;0.02553903935708135;-0.7133468585795653;0.018736208150563982;-0.0293001553713097;-0.27675928369245195;-0.01237080956724057;-0.0351089559106299;-0.1303062112774409
2022-08-06 10:35:25.580;-0.40260741622981455;1290.3304180082268;1.4844762187982004;0.14155769136471008;0.020516377542801223;-0.6978383223521885;0.023444619280645895;-0.024351846396164945;-0.27546950078864985;-0.011799409286933127;-0.03450093010371802;-0.1301055228852439
2022-08-06 10:35:25.600;-0.4013669135348892;1290.9306090289683;1.4851667158093476;0.13385459358204344;0.015501148611033244;-0.6822856729872795;0.02815305179880312;-0.019403471460826438;-0.2741795005662837;-0.01122800393534007;-0.033892897497594277;-0.1299048253699997
2022-08-06 10:35:25.620;-0.39986467058762815;1291.5303814470608;1.4858567312340196;0.12615146823270607;0.010493370309372807;-0.6666888010793492;0.03286150570531987;-0.014455030561713045;-0.2728892830167373;-0.010656593512461399;-0.03328485809208814;-0.12970411873126686
2022-08-06 10:35:25.640;-0.3981769984956368;1292.129948751499;1.48654651068321;0.11787667949761271;0.004884279534817182;-0.6512510761929109;0.03699890007286655;-0.010119478854413444;-0.2718287578554701;-0.010656593512461399;-0.03328485809208814;-0.12970411873126686
2022-08-06 10:35:25.660;-0.3963709087239858;1292.7295031278845;1.4872362752591664;0.10960189076263305;-0.0007175343452878735;-0.6357702317164202;0.041136294440413224;-0.005783900373181439;-0.27076810677433016;-0.010656593512461399;-0.03328485809208814;-0.12970411873126686
2022-08-06 10:35:25.680;-0.3944896740851385;1293.329230661584;1.4879262390460462;0.11101511635854422;0.0049703923466744016;-0.6112603486331887;0.04255012824965121;-0.004345834441458862;-0.2706558073194376;-0.011311826493507482;-0.03397306567455871;-0.1298824463749524
2022-08-06 10:35:25.700;-0.39261058667748394;1293.9293101996955;1.4886166078006549;0.11242833926837648;0.010676984234716969;-0.5866423604489359;0.04396395936678488;-0.0029077776278754186;-0.270543545843311;-0.011967052805967882;-0.03466126506668843;-0.13006076613821627
2022-08-06 10:35:25.720;-0.39078687549532426;1294.5297415679743;1.4893073813225302;0.11384155949230035;0.016402310934633846;-0.5619158533340887;0.045377787791757385;-0.0014697299337953496;-0.2704313223535797;-0.012622272449785754;-0.03534945626864783;-0.13023907802143508
2022-08-06 10:35:25.740;-0.38906253733172785;1295.130352216067;1.4899983610990333;0.11595683509023047;0.022883341350304676;-0.5368925989266549;0.04749302015736845;0.0007081040316521126;-0.2701117791497998;-0.01257569795813751;-0.03544689648555277;-0.13106654983355526
2022-08-06 10:35:25.760;-0.38747609599561555;1295.7309696905359;1.4906893487290234;0.1180721113868799;0.029383597388484617;-0.5117581036341612;0.04960825322169882;0.0028859348649135086;-0.2697922624572531;-0.012529123432837963;-0.03554433673014046;-0.13189402036964815
2022-08-06 10:35:25.780;-0.38606331029750185;1296.3313208388936;1.4913800299609212;0.11683288672497838;0.030449280393067824;-0.49850501435079675;0.04836825891946006;0.0014665315475568264;-0.27080036364837845;-0.011699983978186168;-0.03466622977686029;-0.1316267909296034
2022-08-06 10:35:25.800;-0.384839507456696;1296.9311322567883;1.492070090253387;0.11559366090472167;0.03152029029572745;-0.4852208747681015;0.04712826344897536;4.71494026683672e-05;-0.27180834293900524;-0.010870833845213923;-0.033788108970270514;-0.13135954483011858
2022-08-06 10:35:25.820;-0.38382082294962566;1297.5304034596265;1.4927595290489146;0.11435443392610978;0.03259663772407961;-0.4719056210310306;0.045888266810244716;-0.0013722115719119188;-0.2728162003410848;-0.010041673033864384;-0.03290997431008691;-0.13109228207006662
2022-08-06 10:35:25.840;-0.383020571001625;1298.1292537394693;1.4934484835884962;0.11256069310644534;0.0330983746678406;-0.4586955055245152;0.04409427085378326;-0.0033731357703672415;-0.27397199413283424;-0.00976681237125021;-0.03261027393233462;-0.13095429023902483
2022-08-06 10:35:25.860;-0.38244333902129735;1298.7278025577616;1.4941370913079952;0.11076694953504784;0.03360533540060473;-0.4454548716908402;0.042300272144736084;-0.0053740301039155725;-0.27512761193858015;-0.009491950535387872;-0.032310571665163934;-0.13081629453979637
2022-08-06 10:35:25.880;-0.38208809659277554;1299.3262161300008;1.4948255434320383;0.12369635890797781;0.04990556882560426;-0.42633069723125505;0.034542626520966735;-0.013734999790379732;-0.2784492486422234;-0.009491950535387872;-0.03262799409554873;-0.1326383831674347
2022-08-06 10:35:25.900;-0.3819861200404185;1299.924639349767;1.4955140066551953;0.13662576828096462;0.06621706440605735;-0.4071428418942151;0.026784980897140542;-0.022095628569296366;-0.2817690806035529;-0.009491950535387872;-0.032945415832443814;-0.13446046120595234
2022-08-06 10:35:25.920;-0.38214458080434893;1300.5230793617739;1.4962024891971886;0.1495551776538946;0.08253985466606295;-0.3878911201220543;0.01902733527331435;-0.030455916612389444;-0.2850871087035891;-0.009491950535387872;-0.033262836875792345;-0.1362825286554381
2022-08-06 10:35:25.940;-0.38259155650334;1301.1223379806688;1.4968919135153664;0.15988394729055244;0.09611556026245793;-0.36943451270462635;0.008672205015820111;-0.04158100345241422;-0.28931809398798336;-0.01209119831474581;-0.03600898817762754;-0.13708238625565183
2022-08-06 10:35:25.960;-0.3833824739985081;1301.7232001615848;1.497583182670845;0.1469400706379247;0.0811875523595198;-0.38059418230455666;0.01228083039112704;-0.03785616787765633;-0.2887185367895926;-0.014690341158594578;-0.03875500552180711;-0.13788209209057456
2022-08-06 10:35:25.980;-0.38451069784523817;1302.324849289078;1.4982753571785212;0.13653460263469697;0.06895810846000572;-0.3908804009216844;0.01842477772303397;-0.031429250565246036;-0.28720822578033456;-0.01475243843344387;-0.038817901405991506;-0.13788563967557455
2022-08-06 10:35:26.000;-0.3860140693157594;1302.9264856032023;1.4989675169449022;0.1261291391253394;0.05673193648240371;-0.40114838746565695;0.024568722454525016;-0.02500228702520957;-0.28569769343969664;-0.014814535648323357;-0.03888079722884186;-0.13788918725535027
2022-08-06 10:35:26.020;-0.3879291184778152;1303.528109107072;1.499659661973571;0.11572368010979517;0.0445090313417289;-0.4113981703023324;0.030712664585372806;-0.01857527726686925;-0.28418693983087095;-0.014876632803346723;-0.038943692990642376;-0.13789273482990083
2022-08-06 10:35:26.040;-0.39029073595580716;1304.1294671755822;1.5003515016289237;0.10615849439005842;0.03317929701685429;-0.4213596753692732;0.037696093225100924;-0.011255384517845357;-0.28238517834786325;-0.014098760978296099;-0.038270567735480654;-0.13850699559672286
2022-08-06 10:35:26.060;-0.39312203811659213;1304.7303117464253;1.5010427505246813;0.10693665332922819;0.031081422441072704;-0.43788659977253985;0.03847353010386456;-0.010549372699948378;-0.28281082871101226;-0.013320879754697756;-0.03759744658532327;-0.13912132998377036
2022-08-06 10:35:26.080;-0.39646207720534027;1305.331044430808;1.5017338706993089;0.10630607286867644;0.0275042030069379;-0.4547934120025747;0.03784353476434177;-0.011335895656849004;-0.2836990499207248;-0.013951235168743636;-0.0382563824463773;-0.13927486879618556
2022-08-06 10:35:26.100;-0.40032445186524057;1305.9320622083396;1.5024253188627936;0.10567549858234315;0.023935561366524638;-0.47165051801202296;0.03721354559340995;-0.012122402900068607;-0.28458721864625325;-0.014581584410674253;-0.03891531094672018;-0.13942840150948754
2022-08-06 10:35:26.120;-0.40470799455680745;1306.5333649446911;1.5031170948605959;0.1050449304701715;0.02037547605928225;-0.4884580456576657;0.03658356259078488;-0.012908894430459839;-0.28547533489096555;-0.01521192748071698;-0.039574232086408756;-0.1395819281239552
2022-08-06 10:35:26.140;-0.4096064245682702;1307.134815801306;1.5038090412651446;0.1050449304701715;0.01748439289272241;-0.5050554540284455;0.03658356259078488;-0.013032746753502522;-0.28618766229273085;-0.01521192748071698;-0.039574232086408756;-0.1395819281239552
2022-08-06 10:35:26.160;-0.4149933943853379;1307.7362553547937;1.504500974665874;0.10245909964856992;0.012384236332675158;-0.5194444621085301;0.03141190094758173;-0.018575008887715683;-0.2882204270917095;-0.01521192748071698;-0.039574232086408756;-0.1395819281239552
2022-08-06 10:35:26.180;-0.4208099558092444;1308.3375349203197;1.50519272400652;0.10016217902193603;0.007605961852814147;-0.5336490541540195;0.02652887625672662;-0.023799254639151002;-0.2900897855626905;-0.008027559508942517;-0.031957563737421424;-0.13722034818877837
2022-08-06 10:35:26.200;-0.42699314982037345;1308.9384997122033;1.505884111212026;0.097865254535634;0.0028338353586967457;-0.5478181553715356;0.021645842549425254;-0.029023400422623524;-0.29195857312472473;-0.0008431764937846253;-0.02434068058533967;-0.13485772789183148
2022-08-06 10:35:26.220;-0.4334578938569192;1309.5391495830336;1.5065751361128017;0.09556832618955013;-0.001932156190296297;-0.5619518427691279;0.016762799825677632;-0.034247446269283444;-0.2938267899332274;0.006341221565154598;-0.016723582548138438;-0.1324940668257346
2022-08-06 10:35:26.240;-0.44009573403848606;1310.1396439738382;1.5072659821397032;0.09942613533735312;0.0026791076898255994;-0.5576934058363996;0.02268954718480387;-0.02799185437381624;-0.2920484130993817;0.006061762850439578;-0.017006639549492775;-0.13251005052107168
2022-08-06 10:35:26.260;-0.4468083596261851;1310.7401423996853;1.507956832808768;0.10328393771760602;0.007290941424255237;-0.5534317360959653;0.028616283784550944;-0.021736184608549536;-0.2902695928203167;0.005782305348876804;-0.01728969531035318;-0.13252603411041086
2022-08-06 10:35:26.280;-0.4534775865853737;1311.3407181036964;1.5086477723834304;0.10719761191717225;0.011949277850444417;-0.5492248919927096;0.03459883556448773;-0.015435566062897976;-0.28855440173702007;0.005558711294728624;-0.017526491147293655;-0.132598075111086
2022-08-06 10:35:26.300;-0.4599840818487856;1311.9414443124624;1.5093388851081062;0.11111128050777097;0.01660816940343679;-0.5450149074391515;0.0405813785418232;-0.00913487428473303;-0.2868388036987035;0.005335118017061546;-0.017763285976798215;-0.1326701149008569
2022-08-06 10:35:26.320;-0.46620969973500725;1312.5423209935325;1.5100301709454624;0.11502494348945902;0.02126761644742814;-0.5408017803922371;0.04656391271678473;-0.0028341092617765185;-0.2851227986564018;0.00511152551587557;-0.01800007979915108;-0.13274215347974128
2022-08-06 10:35:26.340;-0.472069481599238;1313.1435593086571;1.5107218728290859;0.09521889362684988;0.0040991386968833865;-0.5253168903344232;0.0391708868274705;-0.010823916007744572;-0.2884139150294276;0.003923739530424797;-0.01938989385274681;-0.13388194138763865
2022-08-06 10:35:26.360;-0.47743458381722637;1313.7453701307022;1.5114142333602127;0.07541301833128955;-0.013062330370562591;-0.5097901724310621;0.031777933720128715;-0.01881331545936149;-0.2917032553778931;0.0027359754579983075;-0.02077966149175836;-0.13502159578227602
2022-08-06 10:35:26.380;-0.4822283485478741;1314.3474657094557;1.512106921493135;0.056639946153609344;-0.02912630924916826;-0.49390750516887216;0.025416856305447766;-0.02570759755186458;-0.29464867645883785;0.0025807291609147853;-0.02093690546740845;-0.13503046931056062
2022-08-06 10:35:26.400;-0.48639043019203687;1314.9495370709556;1.5127995817650255;0.037866894301998855;-0.0451830438401295;-0.4779807949147701;0.019055785915590207;-0.0326016104334812;-0.29759270183789166;0.0024254832382020197;-0.021094149060218115;-0.1350393428061496
2022-08-06 10:35:26.420;-0.48987491152005447;1315.5515913997297;1.5134922224414107;0.01909386277645808;-0.061232518031292926;-0.462009936509272;0.01269472255027182;-0.03949535421789818;-0.300535332102732;0.0022702376898031673;-0.021251392270357883;-0.1350482162690776
2022-08-06 10:35:26.440;-0.4926346165657516;1316.1537911627456;1.5141850304343767;0.03674728745897937;-0.0445042525308601;-0.4676337887215727;0.012247878876827656;-0.04015773375467546;-0.30176652668016946;0.0018230747510905587;-0.021724943579386036;-0.1351922164884174
2022-08-06 10:35:26.460;-0.49472267057414276;1316.7562987618949;1.5148781925811412;0.054400659376085514;-0.027775219032807996;-0.473252178885188;0.011801038306863632;-0.04082009804678677;-0.3029976522692719;0.001375914918074983;-0.022198490860262154;-0.13533621186714218
2022-08-06 10:35:26.480;-0.4961811202859647;1317.3589689388682;1.5155715417675277;0.07237700134146507;-0.010696342410003723;-0.4787211937424596;0.011676932535330309;-0.041131509013972334;-0.30407261629771387;-0.005643727878972271;-0.02962654624013794;-0.1375633084615524
2022-08-06 10:35:26.500;-0.4970785414907698;1317.9616564969838;1.5162649109502593;0.09035332802881157;0.006383280675972713;-0.4841850969405348;0.011552827003164623;-0.04144291960320601;-0.30514757815762916;-0.012663364524879483;-0.037054418182492554;-0.13978948554140747
2022-08-06 10:35:26.520;-0.4975437636023069;1318.564345417275;1.5169582817001224;0.0819545720989936;-0.007441780764597894;-0.5151919598252919;0.015565987175513385;-0.037160695003841226;-0.3036763857293625;-0.019682995019703498;-0.044482106755310724;-0.14201474344170872
2022-08-06 10:35:26.540;-0.4976554618441864;1319.1673066465664;1.5176519657311647;0.0727948810068142;-0.022050938759978322;-0.5463184942315173;0.018818869671669347;-0.033696302120596044;-0.30252178197546353;-0.02056792139205399;-0.04541918366004438;-0.14229934573106284
2022-08-06 10:35:26.560;-0.4975439053994415;1319.7708268784554;1.5183462928734992;0.0636352526302062;-0.03663018506589211;-0.5772737124779965;0.022071739049501105;-0.030231881319274123;-0.3013669652404909;-0.02145283560082234;-0.04635624479243461;-0.14258392908527373
2022-08-06 10:35:26.580;-0.49734812416497864;1320.373897093341;1.5190401022883349;0.05749746136075373;-0.04797085242930521;-0.6070364541863711;0.028343975217957507;-0.023540132823733018;-0.2990736042087532;-0.019316588839384252;-0.044089814246262904;-0.1418722587728194
2022-08-06 10:35:26.600;-0.4972198354028513;1320.9755068451268;1.5197322314957527;0.05135961896280605;-0.059284277674723995;-0.6366420198574314;0.03461634324626317;-0.01684807926428533;-0.2967793384317394;-0.017180271191531205;-0.04182329057471179;-0.14116047147123734
2022-08-06 10:35:26.620;-0.49728248546035225;1321.5756619111853;1.5204226871424005;0.059702386434764776;-0.05275245140640905;-0.6471789623316795;0.03675151142741839;-0.014613913788728894;-0.2962506649415131;-0.015043882652715723;-0.0395566737689137;-0.14044856715905407
2022-08-06 10:35:26.640;-0.49770768980276914;1322.17510237838;1.5211123206701518;0.06572205214928317;-0.04867508180476321;-0.6584296920852184;0.03656532721945638;-0.014852378146507306;-0.29654779559069233;-0.01523017327445686;-0.03993216044125347;-0.14153149564336154
2022-08-06 10:35:26.660;-0.49862006273087744;1322.7745394219455;1.5218019502591476;0.07174171042197486;-0.044593867472745075;-0.6696575925370585;0.03637914355042682;-0.015090841709614722;-0.2968449249863685;-0.015416463356981325;-0.04030764525731456;-0.1426144156343616
2022-08-06 10:35:26.680;-0.500119780130418;1323.3736747835137;1.5224912327744446;0.07888573464111914;-0.03932617215568612;-0.6805472267857775;0.03731639473691217;-0.01414009187370624;-0.29678515122648985;-0.014478676483630437;-0.039314597501913795;-0.1423128451104967
2022-08-06 10:35:26.700;-0.5022981629300508;1323.972202739642;1.5231798164928148;0.08602981270075816;-0.03405484735728592;-0.6914155682712737;0.03825365957576565;-0.01318933033032721;-0.29672538929193415;-0.013540875950067033;-0.03832153203376265;-0.1420112533232949
2022-08-06 10:35:26.720;-0.5052162223742428;1324.5701219002294;1.5238676998149998;0.09110526131701135;-0.030247797226170547;-0.6987801340201951;0.041259621352743636;-0.010108595983375324;-0.29635264044483556;-0.012603061755893208;-0.03732844885206532;-0.14170964027107846
2022-08-06 10:35:26.740;-0.5089045016308174;1325.1676016121128;1.5245550775681138;0.09542437936300985;-0.027229452160359102;-0.7063174421517546;0.0435098978362376;-0.007822157556482523;-0.296187552595053;-0.01242136736419397;-0.03712531478629444;-0.14158960287639122
2022-08-06 10:35:26.760;-0.5133628316946055;1325.7648122329192;1.5252421457421474;0.09974350311097169;-0.02420936531988005;-0.7138444501620018;0.04576017742656546;-0.005535733548946098;-0.2960225681128792;-0.012239672460164996;-0.036922179709108605;-0.14146956274714295
2022-08-06 10:35:26.780;-0.518563949806877;1326.3618897246852;1.5259290607562679;0.10388087487120856;-0.02139077790716115;-0.721481401704196;0.04782886330665548;-0.0034553848494383033;-0.2959949208708128;-0.005344052859808102;-0.029817043609568827;-0.14038194965991746
2022-08-06 10:35:26.800;-0.5244556579135613;1326.9589701123405;1.5266159791019993;0.10801824663138859;-0.018570390755119348;-0.7291076918895936;0.04989754918680234;-0.0013750543826276385;-0.295967378879209;0.0015515667404919498;-0.022711922294377018;-0.1392944708499808
2022-08-06 10:35:26.820;-0.5309525900258376;1327.5560581265963;1.5273029062218455;0.11836167603189551;-0.006539847647477615;-0.7195995348017963;0.042139977136379514;-0.00970309111081491;-0.2991003708114288;0.008447186340905688;-0.015606815820206066;-0.1382071266346978
2022-08-06 10:35:26.840;-0.5379737694698915;1328.1530026687178;1.5279896682824412;0.1289940547408719;0.00580835937162405;-0.7099319517973486;0.03467106051633806;-0.017712979307326293;-0.3020693835204442;0.008736032534333305;-0.015292344298245553;-0.1380648629759671
2022-08-06 10:35:26.860;-0.5454125996703929;1328.749647823941;1.5286760859097626;0.13962645536906848;0.01815969133528128;-0.7002470875915989;0.027202129723754354;-0.02572260656770453;-0.3050369493415648;0.00902488002327928;-0.014977870713551056;-0.13792259517979133
2022-08-06 10:35:26.880;-0.5531677637706411;1329.3461561351796;1.5293623461032688;0.1497524463320019;0.029979082179320216;-0.6907007262042892;0.01922733145725175;-0.03427015933086608;-0.30817941199805077;0.008807514079538947;-0.015198033045464854;-0.13793501752723802
2022-08-06 10:35:26.900;-0.5611612045772618;1329.9426556461476;1.5300485961723973;0.13091680589832322;0.01596302753383938;-0.6627276187770015;0.023147495243541982;-0.030206222175898745;-0.30742706151854193;0.008590148869817682;-0.015418194626761306;-0.13794743981058577
2022-08-06 10:35:26.920;-0.5692567946707598;1330.5391402269233;1.5307348290649059;0.11208119413356599;0.0019708593811991193;-0.6346123937744235;0.02706765355535623;-0.026142293344967982;-0.30667474657068095;0.00837278439388811;-0.015638355457781472;-0.13795986202984167
2022-08-06 10:35:26.940;-0.5773679598158001;1331.135198104741;1.531420571051841;0.09472110396433209;-0.010442916396161905;-0.6059267255547898;0.032461961724870037;-0.020516616196651682;-0.30544669362957677;0.009630566014440234;-0.014451277192051748;-0.13838668164716772
2022-08-06 10:35:26.960;-0.5854263375207038;1331.7304169518102;1.5321053477657143;0.07736087672481062;-0.022831855579202198;-0.5770926181161133;0.03785633037077929;-0.014890849038089016;-0.3042185147415424;0.010888372206185437;-0.013264192496194482;-0.1388136017327577
2022-08-06 10:35:26.980;-0.5933817595586237;1332.324958700694;1.5327893455038;0.059317194200161794;-0.03591205196105207;-0.5482863584207429;0.04256795349775899;-0.009983893672561805;-0.30318480377300006;0.011462957932113937;-0.012647135853796954;-0.13857941803969887
2022-08-06 10:35:27.000;-0.6011858785623524;1332.9189927110347;1.5334727591079442;0.05782313507575054;-0.03512292390761118;-0.5351519830006026;0.03900475210023302;-0.013794405657925779;-0.30453930612807767;0.012037548785318819;-0.012030071860863245;-0.13834522249171144
2022-08-06 10:35:27.020;-0.6088431675839873;1333.5125256576212;1.5341555962572389;0.056329072874177655;-0.03432853599943897;-0.5219869112602549;0.03544153941673045;-0.01760487197244487;-0.3058935103851663;0.012612144765856925;-0.011413000517336513;-0.1381110150881515
2022-08-06 10:35:27.040;-0.6163602318178568;1334.1058080598523;1.5348381451647528;0.05426035725719203;-0.034147932124287905;-0.5090360076081764;0.03130410818270235;-0.022037830941791015;-0.30751446037606733;0.012612144765856925;-0.011413000517336513;-0.1381110150881515
2022-08-06 10:35:27.060;-0.6237572322052061;1334.6990906489882;1.5355206942872937;0.05219164164009271;-0.03396227547975528;-0.49605557249375387;0.02716667694850372;-0.026470707318956954;-0.3091349764487621;0.012612144765856925;-0.011413000517336513;-0.1381110150881515
2022-08-06 10:35:27.080;-0.6310666748695052;1335.2925408373048;1.536203436226337;0.04948931518725885;-0.03443840836135692;-0.48322530699964794;0.022396132466873553;-0.03157258487160419;-0.31094990534007483;0.00508287552026232;-0.019601754122561488;-0.14177069642900975
2022-08-06 10:35:27.100;-0.6383154630683178;1335.8863307821375;1.5368865690423688;0.05661336022416208;-0.025434732974904506;-0.4725573142675339;0.02693479187465897;-0.026886429944191548;-0.31018788039209255;-0.0024463573341755307;-0.027790034259282947;-0.14542803311546137
2022-08-06 10:35:27.120;-0.6455509497690919;1336.4804651431114;1.5375700980961116;0.06373737756996434;-0.01642756948101365;-0.46186943101428213;0.03147343489494148;-0.022200305238492035;-0.30942595743146484;-0.009975553798195591;-0.03597784117897618;-0.14908302645693983
2022-08-06 10:35:27.140;-0.6528156844239847;1337.0747831945264;1.5382538384787414;0.0712154901563622;-0.0070331418248521516;-0.4509976382363776;0.036365896901578765;-0.017128477951722232;-0.3084874172519356;-0.010255011529803681;-0.036260886289483096;-0.14909896393064503
2022-08-06 10:35:27.160;-0.6601406364422189;1337.6691030462898;1.538937580932604;0.07869358899074541;0.0023649241179803937;-0.44010520088051663;0.0412583501435293;-0.01205666406004724;-0.3075489334994401;-0.010534468048202683;-0.03654393015960977;-0.1491149012986277
2022-08-06 10:35:27.180;-0.6675390887179085;1338.2631386231005;1.539620996338913;0.08786301109580563;0.013900863553796938;-0.42667897430930246;0.04422092451503801;-0.008948295489538793;-0.3067668112972317;-0.009640087226326699;-0.03559691909913454;-0.14882769583261357
2022-08-06 10:35:27.200;-0.6750290905295973;1338.8565964615336;1.540303747079125;0.0970324967184979;0.025442442349710603;-0.4132212232519663;0.04718352407665094;-0.005839884715804544;-0.3059846065198455;-0.00874569397978675;-0.03464989193327028;-0.14854047105473622
2022-08-06 10:35:27.220;-0.6826115358658109;1339.44947595751;1.5409858324582704;0.10620204586035698;0.03698967195665759;-0.39973188241518276;0.05014614882893653;-0.0027314317375939368;-0.30520231916495266;-0.00785128830812809;-0.033702848661221196;-0.14825322696351506
2022-08-06 10:35:27.240;-0.6902799910867674;1340.0426113997455;1.5416682122938818;0.11269680240735624;0.045705760948376195;-0.3870929647347987;0.05043636738444235;-0.0024675355092185214;-0.30535921882781647;0.0007127699257161169;-0.024773002151562196;-0.1462962986595171
2022-08-06 10:35:27.260;-0.6980105786777395;1340.6368364131413;1.5423518456397984;0.11919150650851407;0.054426589135484704;-0.3744267810530326;0.0507266096840695;-0.002203615803374248;-0.30551612011197626;0.009276750286236535;-0.015843136519492873;-0.14433892038723162
2022-08-06 10:35:27.280;-0.7057949666279131;1341.2316006791443;1.5430360993753924;0.11076143177575659;0.0449444558545018;-0.3803167982352216;0.048502751144816614;-0.004639537459944165;-0.3066933757631931;0.009121488215559026;-0.016000393596584672;-0.14434778294293338
2022-08-06 10:35:27.300;-0.7135758317531493;1341.8263548460163;1.5437203414923188;0.10233136628573902;0.03546342129393665;-0.38620083318811105;0.04627889519682782;-0.007075417377812698;-0.30787042165402934;0.00896622651936596;-0.016157650290779202;-0.1443566454659626
2022-08-06 10:35:27.320;-0.7213108533273349;1342.4210989147323;1.5444045719916997;0.09390131003857505;0.0259834844692044;-0.3920788912602413;0.04405504184015996;-0.009511255563232623;-0.309047257816796;0.008810965197600495;-0.016314906602133306;-0.14436550795633707
2022-08-06 10:35:27.340;-0.7289542373157893;1343.016239906552;1.545089259136061;0.08438716734127638;0.015344614768732612;-0.3983676844916797;0.040748008539061686;-0.01311106176611787;-0.31066813557199424;0.007571832977308901;-0.017627017230552156;-0.1447637310758445
2022-08-06 10:35:27.360;-0.736452771273379;1343.6121842712673;1.545774870530476;0.07487311927263818;0.004707105404829548;-0.40464954526108343;0.0374410167641841;-0.016710745150383843;-0.3122885783942344;0.006332724604252604;-0.01893909694206286;-0.14516191710499182
2022-08-06 10:35:27.380;-0.7437519173152216;1344.2090918565737;1.5464615900736571;0.07502539448876178;0.001059268594953977;-0.4264740921799852;0.03552620809288243;-0.018792161356849135;-0.3132103747176904;-0.0024788389565024715;-0.028359951927939164;-0.14851234838582794
2022-08-06 10:35:27.400;-0.7508052460260521;1344.807100697486;1.5471495765696555;0.07517769937470575;-0.0025743089753724746;-0.4482159621671924;0.033611456403981776;-0.02087349194012944;-0.31413201790651435;-0.0112902542999187;-0.037780253020684995;-0.15186063498097724
2022-08-06 10:35:27.420;-0.7575524962497782;1345.406215841831;1.5478388358258037;0.07533003392870796;-0.00619367349904465;-0.4698754312347013;0.031696761694639974;-0.022954736907841777;-0.3150535079879919;-0.020101521433044667;-0.04720000047507256;-0.15520677815672546
2022-08-06 10:35:27.440;-0.7639370841410136;1346.005882807025;1.548528729930915;0.07739866367279546;-0.007774588274831018;-0.49086615249856713;0.031696761694639974;-0.02300428563690815;-0.3153384719736332;-0.020101521433044667;-0.04720000047507256;-0.15520677815672546
2022-08-06 10:35:27.460;-0.7699052600297658;1346.6055481483127;1.5492186221677833;0.07946729341682612;-0.009342319765242024;-0.5117800090655376;0.031696761694639974;-0.023053834406901785;-0.3156234360330741;-0.020101521433044667;-0.04720000047507256;-0.15520677815672546
2022-08-06 10:35:27.480;-0.7753990222495432;1347.2049408744715;1.549908200771283;0.08619502610400787;-0.00879937122144625;-0.5474035413000262;0.03221814697716496;-0.022629878305586715;-0.3161936694456813;-0.01957983815219322;-0.0466333888817303;-0.1549575585694276
2022-08-06 10:35:27.500;-0.7803646040179069;1347.8037897607064;1.5505971537075718;0.0929227853691259;-0.008218318976535244;-0.582804326446742;0.03273953648395178;-0.022205931605491003;-0.31676397859990413;-0.019058150644692518;-0.04606677067789633;-0.15470832614259322
2022-08-06 10:35:27.520;-0.7847494670565085;1348.4020943526484;1.5512854804539153;0.09965057121257814;-0.007599362653341046;-0.6179835724011769;0.033260930215114115;-0.021781994307524144;-0.31733436350206734;-0.018536458910372033;-0.045500145863286434;-0.15445908087553217
2022-08-06 10:35:27.540;-0.7885066258319707;1349.0001261364887;1.5519734933448823;0.10553038238373347;-0.007840743738970701;-0.6532153019794151;0.03293512588172831;-0.022261228088574114;-0.31821057108337847;-0.008519256500445493;-0.035023689117451795;-0.1519896096464839
2022-08-06 10:35:27.560;-0.7915934253417569;1349.59815684567;1.5526615049994947;0.11141018124038737;-0.008043943360721784;-0.688223953561713;0.03260932319822274;-0.02274045906218447;-0.31908677248258766;0.0014979242838570883;-0.02454707439324011;-0.14951926577902075
2022-08-06 10:35:27.580;-0.7939602993766757;1350.195869617317;1.5533491508790296;0.1227443054776245;0.00535331458726418;-0.676575511085062;0.02842766761072113;-0.027255346473019415;-0.3209238884758374;0.0024885135719081575;-0.023498201725317358;-0.1492012254027637
2022-08-06 10:35:27.600;-0.7956012184139788;1350.7929472036412;1.554036066001936;0.134078515687861;0.018755124821918656;-0.6649020815226745;0.02424599189075849;-0.031770151025021676;-0.32276045811079523;0.003479118100873535;-0.022449309302317033;-0.1488831613431314
2022-08-06 10:35:27.620;-0.7965036892745123;1351.3893888729435;1.5547222495264212;0.14541281187314326;0.032161495806715124;-0.6532036174979883;0.020064296037993756;-0.036284872746499275;-0.3245964815303246;0.004469737871207968;-0.02140039712350017;-0.14856507359816984
2022-08-06 10:35:27.640;-0.7966769407127345;1351.9853005786354;1.555407823347868;0.15602179029207264;0.044823179599543295;-0.6416046223256844;0.015158030485999063;-0.04155062322896441;-0.3265709935159471;0.0047353056340320165;-0.021099915040451833;-0.14836909597845427
2022-08-06 10:35:27.660;-0.7961649570582956;1352.5807543339542;1.5560928703147756;0.14180685347787403;0.03244549768876581;-0.6308199388181777;0.013354748458745291;-0.04349860977506381;-0.32736906936254595;0.0050008744917171555;-0.020799430570036748;-0.14817311124002686
2022-08-06 10:35:27.680;-0.7949647055875704;1353.175969680051;1.556777643000913;0.12732622455894216;0.01976978813186392;-0.620215007851316;0.011286087184693372;-0.045751621894872585;-0.32839014879096773;0.0050008744917171555;-0.021020772744179794;-0.1494435670595493
2022-08-06 10:35:27.700;-0.7931234278690379;1353.7711720512234;1.557462400759892;0.11284559564001029;0.007097357996681097;-0.6095899712263853;0.009217425910527766;-0.04800460294708131;-0.32941106205154913;0.0050008744917171555;-0.021242114581184524;-0.15071401773090543
2022-08-06 10:35:27.720;-0.7906971611660629;1354.3663614505567;1.558147143595262;0.09836496672113526;-0.00557178774775835;-0.5989447961745826;0.007148764636419003;-0.050257552936010086;-0.3304318091680196;0.0050008744917171555;-0.021463456080994092;-0.15198446325412718
2022-08-06 10:35:27.740;-0.7877516286673044;1354.9615378811213;1.5588318715105554;0.08388433780220339;-0.01823764412697315;-0.5882794498816368;0.005080103362253396;-0.05251047186626323;-0.33145239016425165;0.0050008744917171555;-0.021463456080994092;-0.15198446325412718
2022-08-06 10:35:27.760;-0.7843376237060197;1355.556710965866;1.5595165955766097;0.08802166035047776;-0.012107943257465337;-0.5769137540566307;0.007148764636419003;-0.05033176317689225;-0.3308586291805984;0.0050008744917171555;-0.021463456080994092;-0.15198446325412718
2022-08-06 10:35:27.780;-0.7805537176457849;1356.151890328234;1.5602013268648318;0.09215898289875213;-0.00597420493810219;-0.5655249492319507;0.009217425910527766;-0.04815304444340285;-0.33026481821325415;0.0050008744917171555;-0.021463456080994092;-0.15198446325412718
2022-08-06 10:35:27.800;-0.7764772879026518;1356.7470759722855;1.5608860653798924;0.09629630544696965;0.00016357787373166843;-0.5541129943964842;0.011286087184693372;-0.04597431566562449;-0.32967095725988926;0.0050008744917171555;-0.021463456080994092;-0.15198446325412718
2022-08-06 10:35:27.820;-0.7721831492406082;1357.342267902095;1.5615708111264792;0.10043362799524402;0.0063054122309971206;-0.5426778484756332;0.013354748458745291;-0.04379557684276136;-0.32907704631818113;0.0050008744917171555;-0.021463456080994092;-0.15198446325412718
2022-08-06 10:35:27.840;-0.7677405851573318;1357.9374661217662;1.5622555641093134;0.10457095054351839;0.012451305196773177;-0.5312194703312567;0.015423409732910898;-0.041616827974131354;-0.3284830853857237;0.0050008744917171555;-0.021614370546501505;-0.15285067315921896
2022-08-06 10:35:27.860;-0.7631999886723774;1358.5326746385326;1.5629403289385655;0.1149142569141759;0.026421973686890254;-0.5105765605479933;0.015423409732910898;-0.04180245953315165;-0.32955071777236533;0.0050008744917171555;-0.021765284855348455;-0.15371688067108824
2022-08-06 10:35:27.880;-0.7586253285296312;1359.1279045598276;1.5636251183929157;0.1252575632848334;0.040405885389841245;-0.48985825251608617;0.015423409732910898;-0.04198809166805262;-0.3306183512031131;0.0050008744917171555;-0.021765284855348455;-0.15371688067108824
2022-08-06 10:35:27.900;-0.7540571831563958;1359.7231417076473;1.5643099161611087;0.13560086965543405;0.05440308199521482;-0.46906430562116785;0.015423409732910898;-0.042173724378663735;-0.3316859856784822;0.0050008744917171555;-0.021765284855348455;-0.15371688067108824
2022-08-06 10:35:27.920;-0.7495211943502134;1360.3183931908934;1.5649947304216663;0.14594417602609155;0.06841360530213692;-0.4481944785782339;0.015423409732910898;-0.0423593576653829;-0.3327536211990276;0.0050008744917171555;-0.021765284855348455;-0.15371688067108824
2022-08-06 10:35:27.940;-0.7450454515922724;1360.913655419885;1.5656795570447963;0.1521501598484747;0.07539789174543543;-0.44383619302879396;0.019560732281185267;-0.03800204097884574;-0.3315667130240696;0.0050008744917171555;-0.021765284855348455;-0.15371688067108824
2022-08-06 10:35:27.960;-0.7406295499630975;1361.5089247985816;1.5663643918933914;0.15835614367085782;0.08238278255842246;-0.43947458691934216;0.023698054829459636;-0.03364468415716004;-0.33037960514254117;0.0050008744917171555;-0.021765284855348455;-0.15371688067108824
2022-08-06 10:35:27.980;-0.7362720921544943;1362.1042013275073;1.5670492349680536;0.16456212749324095;0.08936827815054116;-0.435109658025147;0.027835377377677162;-0.029287287195778333;-0.32919229753578705;0.0050008744917171555;-0.021861869930717148;-0.15427125222272764
2022-08-06 10:35:28.000;-0.7319635987613594;1362.6994850072006;1.5677340862694027;0.17076811131562408;0.09635437893123466;-0.4307414041201074;0.03197269992595153;-0.024929850090096295;-0.3280047901851333;0.0050008744917171555;-0.021958454941966465;-0.15482562279411383
2022-08-06 10:35:28.020;-0.7276875486190484;1363.2947758381997;1.5684189457980582;0.17697409513800721;0.10334108531028718;-0.4263698229768087;0.0361100224742259;-0.020572372835736985;-0.32681708307196544;0.0050008744917171555;-0.022055039888869032;-0.15537999238524236
2022-08-06 10:35:28.040;-0.7234523959435869;1363.8900601036803;1.5691037977733333;0.15835614367085782;0.08352625790356782;-0.432910429913953;0.0361100224742259;-0.020646731961242892;-0.32724471969093116;0.0050008744917171555;-0.022055039888869032;-0.15537999238524236
2022-08-06 10:35:28.060;-0.7191983585281899;1364.4853240869343;1.569788626414676;0.13973819220370842;0.06371286550907129;-0.43944355373453714;0.0361100224742259;-0.02072109117889198;-0.327672356476862;0.0050008744917171555;-0.022055039888869032;-0.15537999238524236
2022-08-06 10:35:28.080;-0.714891300670775;1365.0805677887474;1.57047343172299;0.12112024073650218;0.043900906608737245;-0.44596920201915324;0.0361100224742259;-0.020795450488854783;-0.32809999342976504;0.0050008744917171555;-0.022055039888869032;-0.15537999238524236
2022-08-06 10:35:28.100;-0.7104913326130559;1365.675791209891;1.5711582136991626;0.10250228926940963;0.024090379685812735;-0.4524873823415474;0.0361100224742259;-0.020869809891074453;-0.3285276305497442;0.0050008744917171555;-0.022055039888869032;-0.15537999238524236
2022-08-06 10:35:28.120;-0.7059512354435651;1366.2709943511363;1.5718429723440812;0.08388433780220339;0.004281283224795374;-0.4589981022686551;0.0361100224742259;-0.020944169385550993;-0.32895526783675866;0.0050008744917171555;-0.022055039888869032;-0.15537999238524236
2022-08-06 10:35:28.140;-0.7012011348871281;1366.8661931190072;1.5725277259575985;0.085952999076369;0.0016852481946578735;-0.4858171621041043;0.03817868374827782;-0.018839838722520597;-0.32878932632245306;0.0050008744917171555;-0.022055039888869032;-0.15537999238524236
2022-08-06 10:35:28.160;-0.696202222926364;1367.4613821448947;1.5732124683633333;0.08802166035047776;-0.0008892883579711963;-0.5125109839870836;0.040247345022443426;-0.01673551926719341;-0.3286234515787676;0.0050008744917171555;-0.022055039888869032;-0.15537999238524236
2022-08-06 10:35:28.180;-0.6908864378798242;1368.056568545995;1.57389720774935;0.09009032162464337;-0.003442411228920861;-0.5390800772010893;0.04231600629655219;-0.01463121102315057;-0.3284576436247386;0.0050008744917171555;-0.022055039888869032;-0.15537999238524236
2022-08-06 10:35:28.200;-0.6851836752089061;1368.6517523441798;1.5745819441408109;0.09215898289875213;-0.00597420493810219;-0.5655249492319507;0.044384667570717795;-0.01252691399397321;-0.32829190247927365;0.0050008744917171555;-0.022055039888869032;-0.15537999238524236
2022-08-06 10:35:28.220;-0.6790175185369541;1369.2469335612332;1.575266677562778;0.09422764417291773;-0.008484753729508299;-0.591846105773751;0.04645332884482656;-0.01042262818312878;-0.32812622816130865;0.0050008744917171555;-0.022055039888869032;-0.15537999238524236
2022-08-06 10:35:28.240;-0.6722906391521444;1369.8421198314827;1.5759514167982558;0.10457095054351839;0.0038974998364231794;-0.5803202927141147;0.04645332884482656;-0.010484638947126257;-0.3284828361613128;0.0050008744917171555;-0.022055039888869032;-0.15537999238524236
2022-08-06 10:35:28.260;-0.6649391465183109;1370.4373187804376;1.5766361706201033;0.1149142569141759;0.01628400378049477;-0.5687706413036127;0.04645332884482656;-0.010546649775015737;-0.3288394442773779;0.0050008744917171555;-0.022055039888869032;-0.15537999238524236
2022-08-06 10:35:28.280;-0.6568828936221315;1371.0325304121725;1.5773209390330083;0.1252575632848334;0.028674765782138678;-0.5571971083525717;0.04645332884482656;-0.010608660667365655;-0.3291960525095199;-0.0018946630887590743;-0.029452227477122506;-0.15814468667491965
2022-08-06 10:35:28.300;-0.6480457949911093;1371.627754730791;1.5780057220416916;0.13560086965543405;0.04106979353261053;-0.5455996506026732;0.04645332884482656;-0.010670671623778105;-0.32955266085775214;-0.00879020066917846;-0.03684914659407923;-0.1609079563475566
2022-08-06 10:35:28.320;-0.6383814973938409;1372.222981977051;1.5786905084185157;0.12732622455894216;0.03439441375999408;-0.5362766175948046;0.044384667570717795;-0.012923727083510528;-0.3305738839727246;-0.01568573824965469;-0.04424579736701162;-0.16366980205804538
2022-08-06 10:35:28.340;-0.6278090087348852;1372.818202390954;1.5793752869349722;0.11905157946245026;0.027721579298624732;-0.526938268475087;0.04231600629655219;-0.015176751460067806;-0.33159494085182395;-0.01568573824965469;-0.04424579736701162;-0.16366980205804538
2022-08-06 10:35:28.360;-0.6162822994599974;1373.4134159750174;1.5800600575939572;0.11077693436590152;0.021051293560983453;-0.5175845815077267;0.040247345022443426;-0.017429744758054255;-0.33261583151886054;-0.01568573824965469;-0.04424579736701162;-0.16366980205804538
2022-08-06 10:35:28.380;-0.6037739438951073;1374.0086298272145;1.5807448285614196;0.10250228926940963;0.014383559963302872;-0.5082155349304891;0.03817868374827782;-0.019682706981789977;-0.3336365559976784;-0.01568573824965469;-0.04424579736701162;-0.16366980205804538
2022-08-06 10:35:28.400;-0.5902732396748738;1374.603829759224;1.5814295835142342;0.09422764417291773;0.007718381925396756;-0.49883110695473043;0.0361100224742259;-0.021935638136049818;-0.3346571143120398;-0.01568573824965469;-0.04424579736701162;-0.16366980205804538
2022-08-06 10:35:28.420;-0.5757821090496249;1375.1990251859897;1.5821143332839367;0.09009032162464337;0.005582156529353455;-0.48726998976071556;0.0361100224742259;-0.02203478591430752;-0.33522730059669836;-0.01568573824965469;-0.04424579736701162;-0.16366980205804538
2022-08-06 10:35:28.440;-0.5603369247507748;1375.7942184278;1.5827990805399306;0.085952999076369;0.0034499031377457356;-0.475685471148676;0.0361100224742259;-0.02213393385678586;-0.33579748717933633;-0.005342431878997189;-0.03348248958775457;-0.16143080502457519
2022-08-06 10:35:28.460;-0.5439890372290392;1376.3894094887146;1.5834838252868868;0.08181567652815147;0.0013216284589496752;-0.4640775100004637;0.0361100224742259;-0.022233081963484835;-0.33636767406006207;0.0050008744917171555;-0.022719059661199026;-0.15919125678870394
2022-08-06 10:35:28.480;-0.5268106129631719;1376.9845983728083;1.5841685675294932;0.0776783539798771;-0.0008026607893363291;-0.4524460651354163;0.0361100224742259;-0.022332230234688666;-0.3369378612389573;0.0050008744917171555;-0.022719059661199026;-0.15919125678870394
2022-08-06 10:35:28.500;-0.5088934476667721;1377.5797850841554;1.5848533072724371;0.07354103143160273;-0.0029229578800347156;-0.4407910953104057;0.0361100224742259;-0.02243137867005629;-0.33750804871612416;0.0050008744917171555;-0.022719059661199026;-0.15919125678870394
2022-08-06 10:35:28.520;-0.4903386718363949;1378.1749731756208;1.5855380486031545;0.07612685802422448;0.0018934762024080953;-0.42802828565267426;0.0361100224742259;-0.02255531444537695;-0.33822078348209317;0.0050008744917171555;-0.022719059661199026;-0.15919125678870394
2022-08-06 10:35:28.540;-0.47127906538378206;1378.7701662005056;1.586222795609584;0.07871268461684622;0.006714817652461846;-0.41523719982048846;0.0361100224742259;-0.02267925047740249;-0.33893351871436206;0.0050008744917171555;-0.022719059661199026;-0.15919125678870394
2022-08-06 10:35:28.560;-0.4518506371060004;1379.3653641638157;1.5869075482974846;0.08129851120958165;0.011541075741458684;-0.4024177831760918;0.0361100224742259;-0.022803186766417127;-0.33964625441311913;0.0050008744917171555;-0.022719059661199026;-0.15919125678870394
2022-08-06 10:35:28.580;-0.4321968539499905;1379.9605670705423;1.5875923066725983;0.08388433780220339;0.01637225975511214;-0.38956998098976925;0.0361100224742259;-0.022927123312193487;-0.34035899057850383;0.0050008744917171555;-0.022916252827428707;-0.1603230779011291
2022-08-06 10:35:28.600;-0.4124707760530538;1380.5557720571596;1.5882770674405475;0.08388433780220339;0.015604368174845007;-0.3939796098108168;0.0361100224742259;-0.022927123312193487;-0.34035899057850383;0.0050008744917171555;-0.0231134457258122;-0.16145489492757115
2022-08-06 10:35:28.620;-0.39280931604477387;1381.1509762579444;1.5889618273044261;0.08388433780220339;0.01483705145383496;-0.39838589884742426;0.0361100224742259;-0.022927123312193487;-0.34035899057850383;0.0050008744917171555;-0.02331063835669056;-0.16258670786805052
2022-08-06 10:35:28.640;-0.3733499004163278;1381.7461867688617;1.589646594427873;0.08388433780220339;0.014070309223566113;-0.4027888503032031;0.0361100224742259;-0.022927123312193487;-0.34035899057850383;0.0050008744917171555;-0.02331063835669056;-0.16258670786805052
2022-08-06 10:35:28.660;-0.3542167623050272;1382.3413893997422;1.5903313524856364;0.08388433780220339;0.01330414111563627;-0.4071884663804459;0.0361100224742259;-0.022927123312193487;-0.34035899057850383;0.0050008744917171555;-0.02331063835669056;-0.16258670786805052
2022-08-06 10:35:28.680;-0.3355321591789533;1382.9372634843094;1.591016883025406;0.07861701165433033;0.007097428064152922;-0.41248902027494516;0.030847208276760796;-0.028374346657152216;-0.341320017076133;-0.00026532366853970757;-0.02873910374182742;-0.16343061927022706
2022-08-06 10:35:28.700;-0.3173704109465479;1383.5344775931371;1.5917039552122756;0.07335011634125976;-0.003176799455022916;-0.44114905207207045;0.02558482454512756;-0.033870644422243856;-0.34256578723346554;-0.005531091086250939;-0.03416709395230555;-0.16427431205135878
2022-08-06 10:35:28.720;-0.2997870790814936;1384.1330264969656;1.5923925630301807;0.06808365180023657;-0.013425780061115944;-0.4696660060788851;0.020322871216514216;-0.03936644204647877;-0.34381120665197695;-0.010796427824228516;-0.03959460906594359;-0.16511778628448326
2022-08-06 10:35:28.740;-0.2827993473364873;1384.7322395503215;1.5930819349269336;0.06808365180023657;-0.018212737234453158;-0.4971516655913444;0.020322871216514216;-0.0394159879277467;-0.344096149153132;-0.010796427824228516;-0.039739400790381296;-0.16594887685998216
2022-08-06 10:35:28.760;-0.2664291245360301;1385.331447681201;1.593771301160564;0.06808365180023657;-0.022976987461763798;-0.5245054542145766;0.020322871216514216;-0.03946553385011242;-0.3443810917290975;-0.010796427824228516;-0.03988419237037988;-0.16677996523234118
2022-08-06 10:35:28.780;-0.25065550590590885;1385.930608900795;1.5944606134245394;0.06793152629290944;-0.027866693082476246;-0.5517020084823132;0.020170876018688944;-0.03966264909708883;-0.34463770929453386;-0.010948520754137547;-0.040032394989395925;-0.16675511152831302
2022-08-06 10:35:28.800;-0.23542780955233067;1386.5296821340817;1.5951498244636042;0.08070781559996476;-0.030950550738939597;-0.6429639353039294;0.014847515398095368;-0.045317608144010535;-0.3464442250644222;-0.011100613324682485;-0.04018059726183765;-0.16673025787704265
2022-08-06 10:35:28.820;-0.22067824511644074;1387.1286684318402;1.5958389354866405;0.09348409169234628;-0.03378101832518965;-0.7327471094381952;0.009524160566094508;-0.05097245784875071;-0.34825020531933415;-0.011252705535977015;-0.04032879918793242;-0.16670540427856917
2022-08-06 10:35:28.840;-0.2063209172100675;1387.7276091385502;1.5965279940589043;0.10590012103125446;-0.03673209589223703;-0.8211255988608333;0.003840954006854247;-0.05699890810367236;-0.35011702550078283;-0.011764905586002072;-0.04084754824077663;-0.1667344956738681
2022-08-06 10:35:28.860;-0.19225623013931337;1388.3265456005538;1.5972170477477943;0.11831610873463205;-0.03943632883087744;-0.9080648504806019;-0.001842230194846195;-0.06302522434005908;-0.35198327025336607;-0.012277101560581372;-0.041366293127339304;-0.16676358671554503
2022-08-06 10:35:28.880;-0.1783941815997437;1388.926091577865;1.5979068026609338;0.10609759425193488;-0.054117608498504666;-0.9219952865611267;0.0004210021706754219;-0.06074197501910561;-0.35191084426239794;-0.01415225706739065;-0.043476037565085335;-0.16807899957579586
2022-08-06 10:35:28.900;-0.1646217737405723;1389.5268379889822;1.5985979386276488;0.0938792682831604;-0.06879201431761217;-0.9358881661578717;0.0026842355599470125;-0.058458742720596035;-0.351838523202165;-0.016027357960123112;-0.04558567835408667;-0.1693941454686021
2022-08-06 10:35:28.920;-0.15084882774424263;1390.128789442395;1.5992904609498315;0.08166113081972526;-0.08345956224613715;-0.9497435791313427;0.004947469972456986;-0.056175527450442075;-0.3517663071019177;-0.01790240424150724;-0.047695215507189914;-0.17070902444727576
2022-08-06 10:35:28.940;-0.13699789486558647;1390.7301841744702;1.5999823427852256;0.07425777580181148;-0.09300908510093464;-0.961936725708953;0.012020934793987692;-0.0487301507143556;-0.3497608300566881;-0.014964004797715091;-0.04455694495726448;-0.16961049606303558
2022-08-06 10:35:28.960;-0.12302280261404194;1391.3292572877617;1.6006715536862408;0.06685434512809252;-0.10255371687313541;-0.9741017079011502;0.019094617558870652;-0.0412844392244196;-0.3477547753329109;-0.012025471242733232;-0.04141848952599503;-0.1685116983687731
2022-08-06 10:35:28.980;-0.10887762065252832;1391.927171363197;1.601359431158151;0.07305996425657213;-0.09483382724548406;-0.9655139081482709;0.019094617558870652;-0.04130921452436809;-0.34789725965916674;-0.012025471242733232;-0.04141848952599503;-0.1685116983687731
2022-08-06 10:35:29.000;-0.09459059403377484;1392.5250933821735;1.6020473177688042;0.07926558338493805;-0.08711140136771078;-0.9569117810562497;0.019094617558870652;-0.04133398983454839;-0.3480397440041578;-0.012025471242733232;-0.04141848952599503;-0.1685116983687731
2022-08-06 10:35:29.020;-0.08019710410559464;1393.1230233472088;1.6027352135210968;0.08547120251336082;-0.0793864355671623;-0.9482953057371812;0.019094617558870652;-0.04135876515513104;-0.3481822283678868;-0.012025471242733232;-0.04141848952599503;-0.1685116983687731
2022-08-06 10:35:29.040;-0.065759763512656;1393.7203666211499;1.6034224343075316;0.0930743887315657;-0.0701641073800694;-0.9391289101227009;0.020490867901891363;-0.03987240825679095;-0.34769038152017906;-0.020971071541961095;-0.05116445136030734;-0.17295742213583942
2022-08-06 10:35:29.060;-0.05136617418603574;1394.3165273619888;1.6041082946344725;0.10067766512969456;-0.060938765754745106;-0.92994606172463;0.021887148543420665;-0.0383860125877149;-0.34719849078401577;-0.029916741278892545;-0.06090985705509411;-0.17739978906003095
2022-08-06 10:35:29.080;-0.037124830351506266;1394.9120991613963;1.6047934774066277;0.10456635338664455;-0.05459929922770712;-0.915950461962086;0.027844634063093565;-0.032152921593613826;-0.34572599570016305;-0.030165071273128063;-0.061161355825163355;-0.17741386659750535
2022-08-06 10:35:29.100;-0.02315019091826273;1395.5076768179642;1.605478666917224;0.10845503550916646;-0.048253285428561554;-0.9019172560704032;0.033802109901365895;-0.025919794937600216;-0.3442532959536653;-0.030413400309381444;-0.06141285361587734;-0.1774279440519777
2022-08-06 10:35:29.120;-0.009564614148206044;1396.1032603383137;1.6061638631738788;0.1123437114976582;-0.041900709297610916;-0.8878463560264063;0.039759576058237656;-0.019686632629678513;-0.3427803916125107;-0.030661728387652687;-0.06166435042740659;-0.1774420214234853
2022-08-06 10:35:29.140;0.0035139702117904376;1396.6991275141554;1.6068493857654216;0.11565621083872202;-0.03616176427161477;-0.8739809705008055;0.04514140071669459;-0.01408042154994149;-0.3415917261686596;-0.03148596695364958;-0.06253680394331695;-0.17770513648447572
2022-08-06 10:35:29.160;0.015976453129061166;1397.2955345872106;1.6075355294882363;0.11896869719618053;-0.03041649689166448;-0.8600791765124267;0.050523200611088726;-0.008474213854661627;-0.34040297868743963;-0.032310194966722605;-0.06340924379884427;-0.17796823524208882
2022-08-06 10:35:29.180;0.027731788835204538;1397.8921540471856;1.6082219175541492;0.12402828101761543;-0.02150145371306067;-0.8380444468854931;0.04524017927096935;-0.014146793181701867;-0.34254330741211536;-0.02552677448380436;-0.05631121569120978;-0.17627466883365006
2022-08-06 10:35:29.200;0.03870525208059132;1398.4886515096805;1.608908165266587;0.12908786104452474;-0.012570436553264841;-0.8159178590857428;0.03995716211304767;-0.0198192247898632;-0.3446828797707653;-0.018743359124979264;-0.04921310669800505;-0.1745806822467788
2022-08-06 10:35:29.220;0.04884825032157694;1399.08502695879;1.6095942726072516;0.13414743727690848;-0.003623388491437396;-0.7936990792484009;0.03467414913738054;-0.025491508726155132;-0.3468216960029302;-0.011959948890361005;-0.04211491681218149;-0.17288627546536617
2022-08-06 10:35:29.240;0.05813831901740865;1399.6813460474586;1.610280315107366;0.1393187877201285;0.005443873703054436;-0.7714335199635505;0.029502798694160504;-0.031060712211932184;-0.3490120430431327;-0.011959948890361005;-0.04211491681218149;-0.17288627546536617
2022-08-06 10:35:29.260;0.06656179417889645;1400.2776685193894;1.610966361499795;0.13518170736551838;0.0029735008602891355;-0.7618028532740864;0.027434258516883858;-0.033362731539703816;-0.35031570902924347;-0.011959948890361005;-0.04211491681218149;-0.17288627546536617
2022-08-06 10:35:29.280;0.0741559422562371;1400.8736407854667;1.6116520049936691;0.13176215536719837;0.001281312447328986;-0.7518356277633504;0.026082488820897254;-0.034882423820555175;-0.3512559047581032;-0.011242732901447283;-0.04134007562021225;-0.17256740236174561
2022-08-06 10:35:29.300;0.08096360031185537;1401.4689147721438;1.6123368451435707;0.1283425908782192;-0.00040773586627906866;-0.7418498806920759;0.02473071686737427;-0.03640209995321442;-0.3521960016147023;-0.010525508923475257;-0.04056522242808569;-0.1722485077428786
2022-08-06 10:35:29.320;0.08704210220788958;1402.0634896748015;1.613020881023816;0.12492301389829663;-0.002093639104916889;-0.7318455817623883;0.023378942656314905;-0.037921759939216315;-0.353135999606903;-0.009808276956444928;-0.03979035723517654;-0.17192959160730226
2022-08-06 10:35:29.340;0.09245683868187757;1402.657712904409;1.613704512317552;0.1204132386453125;-0.004929485878594875;-0.7221654522173466;0.02093810860001355;-0.040601341946192804;-0.35446299235692713;-0.010180794846231578;-0.04049958665370923;-0.17385607636855838
2022-08-06 10:35:29.360;0.09730555819868233;1403.2519435562936;1.6143881521503363;0.13658897839172823;0.014309260855522865;-0.7048607755974903;0.02677148289891562;-0.03434594724293305;-0.35214601204978546;-0.01055331058028841;-0.0412088093249281;-0.1757825323772506
2022-08-06 10:35:29.380;0.10163518958130924;1403.846382321637;1.6150720314097637;0.15258446749044197;0.03334957998660215;-0.6876586968757437;0.032424832476671384;-0.028301794264756097;-0.3500052389722814;-0.011105943101139104;-0.04179377731782097;-0.1759589785474498
2022-08-06 10:35:29.400;0.105510037419489;1404.441197256987;1.6157563434385198;0.16857989820454122;0.05239951743586957;-0.6704024050914272;0.038078163121248565;-0.022257515906538572;-0.3478637101154467;-0.011658570878406493;-0.04237873917014667;-0.1761354173882852
2022-08-06 10:35:29.420;0.10898511988909995;1405.0363952592234;1.6164410961712037;0.18457527053470812;0.07145909977091591;-0.6530917511274694;0.043731474832817696;-0.016213112120702533;-0.34572142524220606;-0.012211193912147422;-0.04296369488207574;-0.1763118489001112
2022-08-06 10:35:29.440;0.11210766288612609;1405.6313519770556;1.6171255713153294;0.20205099333310272;0.09211735614669792;-0.6351287124299141;0.050863380811655645;-0.008569510224127441;-0.34291361872843495;-0.011284406803266478;-0.04196351222026351;-0.17590592141677508
2022-08-06 10:35:29.460;0.11486221088433451;1406.2254213959168;1.6178090256556341;0.17712152719167307;0.07149932294114691;-0.6099655971467435;0.04661830592878147;-0.013222245369910013;-0.3451776824600179;-0.010357606354371995;-0.040963309680194016;-0.175499958894882
2022-08-06 10:35:29.480;0.11731882894038512;1406.8190252599961;1.6184919443928152;0.15126463197060502;0.0498966090072166;-0.5851095224319085;0.041446926884511015;-0.0188847005095667;-0.3479040069338497;-0.010357606354371995;-0.041160479007089634;-0.17663166643246075
2022-08-06 10:35:29.500;0.11948783231973456;1407.4126070801794;1.6191748377693296;0.12540773674948014;0.028312099707616056;-0.560143292527524;0.036275547840297406;-0.02454693984034151;-0.35062917295569296;-0.010357606354371995;-0.041357648066480124;-0.1777633698847687
2022-08-06 10:35:29.520;0.12137066252955692;1408.0061668742783;1.6198577058056691;0.09955084152835525;0.00674586044365455;-0.5350664865097938;0.031104168796083798;-0.030208963443918435;-0.3533531809537269;-0.010357606354371995;-0.0415548168582518;-0.17889506925182985
2022-08-06 10:35:29.540;0.12298043408017606;1408.5997123961351;1.6205405574223355;0.09541373829290478;0.0003523759829384687;-0.5479475946224781;0.029035617178386985;-0.03238691226683699;-0.3539432897992514;-0.010357606354371995;-0.0415548168582518;-0.17889506925182985
2022-08-06 10:35:29.560;0.12429239156662125;1409.193251393248;1.6212234015325313;0.09127663505762484;-0.006035984284526563;-0.5607993251904126;0.026967065560690173;-0.034564851142782516;-0.3545333491805538;-0.010357606354371995;-0.0415548168582518;-0.17889506925182985
2022-08-06 10:35:29.580;0.12530096005691352;1409.7867838707825;1.6219062381421994;0.08713953182217438;-0.012419230375972035;-0.5736217367120009;0.024898513942936518;-0.0367427800723803;-0.35512335909993986;-0.010357606354371995;-0.0415548168582518;-0.17889506925182985
2022-08-06 10:35:29.600;0.12600598389890644;1410.3803098338612;1.6225890672572332;0.08300242858678075;-0.018797372291803782;-0.5864148875840121;0.02282996232529655;-0.0389206990559714;-0.3557133195596558;-0.010357606354371995;-0.0415548168582518;-0.17889506925182985
2022-08-06 10:35:29.620;0.12641517353821674;1410.9738292876355;1.6232718888835589;0.07886532535144397;-0.025170420016284112;-0.5991788361018786;0.02076141070765658;-0.041098608094294775;-0.3563032305619913;-0.010357606354371995;-0.0415548168582518;-0.17889506925182985
2022-08-06 10:35:29.640;0.12656313728451335;1411.567353907718;1.6239547164535264;0.08713953182217438;-0.02253688386813124;-0.6316974829438173;0.02076141070765658;-0.04117296599073228;-0.3567308577003159;-0.010357606354371995;-0.0415548168582518;-0.17889506925182985
2022-08-06 10:35:29.660;0.12647584002359516;1412.1608741577875;1.6246375389959598;0.09541373829290478;-0.01987107071537153;-0.6640269252859117;0.02076141070765658;-0.04124732397999509;-0.3571584850080596;-0.010357606354371995;-0.0415548168582518;-0.17889506925182985
2022-08-06 10:35:29.680;0.12620379473199775;1412.7543971459745;1.6253203646884933;0.10368794476369203;-0.017173138216922013;-0.6961681202197454;0.02076141070765658;-0.04132168206174214;-0.35758611248519756;-0.010357606354371995;-0.0415548168582518;-0.17889506925182985
2022-08-06 10:35:29.700;0.12581840615735507;1413.3479229049917;1.626003193568762;0.11196215123447928;-0.014443243398975625;-0.7281220206499768;0.02076141070765658;-0.041396040236371334;-0.35801374013184883;-0.010357606354371995;-0.0415548168582518;-0.17889506925182985
2022-08-06 10:35:29.720;0.12540618508393273;1413.9414514673626;1.6266860256741829;0.12023635770520968;-0.011681542657161259;-0.7598895753111155;0.02076141070765658;-0.04147039850371215;-0.35844136794800985;-0.010357606354371995;-0.0415548168582518;-0.17889506925182985
2022-08-06 10:35:29.740;0.12505601505991762;1414.5349774754068;1.6273688548409475;0.12023635770520968;-0.019446986436069125;-0.8044425305450735;0.023347100229763385;-0.038779064872720426;-0.3578825441449407;-0.010357606354371995;-0.0415548168582518;-0.17889506925182985
2022-08-06 10:35:29.760;0.12489300208508841;1415.1284955874944;1.6280516749237137;0.12023635770520968;-0.02714902635407057;-0.8486278139530468;0.02593278975187019;-0.03608772674302685;-0.3573237038304349;-0.010357606354371995;-0.0415548168582518;-0.17889506925182985
2022-08-06 10:35:29.780;0.12503797181426074;1415.7220058680468;1.6287344859965955;0.12023635770520968;-0.03478810635440155;-0.8924480685204914;0.028518479273976993;-0.03339638411599566;-0.3567648470138822;-0.010357606354371995;-0.04177612844864598;-0.18016533918539057
2022-08-06 10:35:29.800;0.12561523826400478;1416.3155083810052;1.629417288133155;0.12023635770520968;-0.042364667807280654;-0.9359059207759186;0.031104168796083798;-0.03070503699355953;-0.35620597370474005;-0.010357606354371995;-0.041997439701844996;-0.18143560397204084
2022-08-06 10:35:29.820;0.12672674571311204;1416.9089940199556;1.630100070856808;0.0974822899106016;-0.0678410084994745;-0.9511574940474352;0.03524127203147742;-0.026398872250886996;-0.35531174212907146;-0.010357606354371995;-0.04221875061796254;-0.18270586361181085
2022-08-06 10:35:29.840;0.12850920644335284;1417.5024536502387;1.6307828236584758;0.07472822211605035;-0.09330917226279567;-0.9663640952662282;0.0393783752668142;-0.022092696010098223;-0.35441746839524413;-0.010357606354371995;-0.04221875061796254;-0.18270586361181085
2022-08-06 10:35:29.860;0.13106474711543098;1418.095887279058;1.6314655465464452;0.051974154321442256;-0.11876918051806129;-0.9815258408911909;0.04351547850226467;-0.017786508277559676;-0.3535231525418885;-0.010357606354371995;-0.04221875061796254;-0.18270586361181085
2022-08-06 10:35:29.880;0.1344833918754172;1418.6893019875497;1.632148247667295;0.02922008652689101;-0.1442210546388516;-0.9966428471168713;0.04765258173754461;-0.013480309059978879;-0.3526287946078037;-0.010357606354371995;-0.04221875061796254;-0.18270586361181085
2022-08-06 10:35:29.900;0.13882982915470188;1419.282683634934;1.6328309107525947;0.006466018732282919;-0.169664815950771;-1.0117152298739498;0.05178968497293823;-0.00917409836349492;-0.3517343946316087;-0.010357606354371995;-0.04221875061796254;-0.18270586361181085
2022-08-06 10:35:29.920;0.1442024874341329;1419.8760666391245;1.6335135753988481;0.03335718976217095;-0.14156375539298338;-1.0051970085069408;0.04765258173754461;-0.013654133913085786;-0.3536283632602357;-0.010357606354371995;-0.04221875061796254;-0.18270586361181085
2022-08-06 10:35:29.940;0.15055132396074639;1420.4694783406376;1.6341962730602833;0.06024836079217266;-0.11346103356041581;-0.9986703832002863;0.04351547850226467;-0.018134059383292822;-0.35552174586434226;-0.010357606354371995;-0.04236360848955201;-0.18353730349815844
2022-08-06 10:35:29.960;0.15785693869087486;1421.0629187397935;1.6348790037372682;0.08713953182217438;-0.08535664843228474;-0.9921353443527021;0.0393783752668142;-0.02261387480560728;-0.3574145426053539;-0.010357606354371995;-0.04250846621675919;-0.18436874117945212
2022-08-06 10:35:29.980;0.1660695539480267;1421.656387836898;1.6355617674301548;0.11403070285217609;-0.05725059798536236;-0.9855918823530381;0.03524127203147742;-0.02709358021106567;-0.35930675364455666;-0.010357606354371995;-0.04250846621675919;-0.18436874117945212
2022-08-06 10:35:30.000;0.17511010841890745;1422.2498856322563;1.6362445641392944;0.14092187388212096;-0.029142880194658716;-0.979039987580463;0.031104168796083798;-0.031573175631159245;-0.36119837914318964;-0.010357606354371995;-0.04250846621675919;-0.18436874117945212
2022-08-06 10:35:30.020;0.18486630621198435;1422.8434093627657;1.6369273906858417;0.16160739005908908;-0.006446972846934074;-0.9678387732394444;0.031104168796083798;-0.031647588102394764;-0.3616263006841436;-0.010357606354371995;-0.04250846621675919;-0.18436874117945212
2022-08-06 10:35:30.040;0.19521537143495965;1423.4369562669817;1.63761024389286;0.18229290623594352;0.016253442364384085;-0.9566130590610991;0.031104168796083798;-0.03172200066656927;-0.3620542223949519;-0.010357606354371995;-0.04250846621675919;-0.18436874117945212
2022-08-06 10:35:30.060;0.20600953294179797;1424.0305263486152;1.638293123764618;0.2029784224128548;0.0389583742762305;-0.945362797933611;0.031104168796083798;-0.03179641332351224;-0.3624821442756305;-0.010357606354371995;-0.04250846621675919;-0.18436874117945212
2022-08-06 10:35:30.080;0.21708766513508193;1424.624119611377;1.638976030305385;0.22366393858976608;0.061667831740034984;-0.9340879426655482;0.031104168796083798;-0.03187082607356473;-0.36291006632630385;-0.010357606354371995;-0.04250846621675919;-0.18436874117945212
2022-08-06 10:35:30.100;0.22828091924546184;1425.2177360589776;1.6396589635194303;0.2443494547666205;0.08438182362223401;-0.9227884459857894;0.031104168796083798;-0.03194523891627199;-0.363337988546899;-0.010357606354371995;-0.04250846621675919;-0.18436874117945212
2022-08-06 10:35:30.120;0.23939391114234992;1425.8113660566669;1.6403419123223388;0.2417637652445137;0.08821559308082882;-0.8859408721637889;0.038861237362461054;-0.02377876803844714;-0.3611297401409068;-0.010357606354371995;-0.04250846621675919;-0.18436874117945212
2022-08-06 10:35:30.140;0.2502856318268025;1426.4050070673038;1.6410248737952258;0.2391780757224069;0.09209407610918774;-0.8488335405661598;0.04661830592878147;-0.015612157688245532;-0.35892079832834956;-0.010357606354371995;-0.04250846621675919;-0.18436874117945212
2022-08-06 10:35:30.160;0.2607965639699656;1426.9986449832868;1.6417078317078309;0.23659238620035694;0.0960175389423874;-0.8114648602697123;0.05437537449504504;-0.007445407836790707;-0.3567111629901838;-0.010357606354371995;-0.04250846621675919;-0.18436874117945212
2022-08-06 10:35:30.180;0.2707754867033058;1427.5922869273272;1.6423907942545632;0.2340066966781933;0.09998624912273257;-0.7738332319332137;0.06213244306142229;0.0007214815445664158;-0.35450083400738297;-0.010357606354371995;-0.04250846621675919;-0.18436874117945212
2022-08-06 10:35:30.200;0.28005897692733617;1428.1859183598208;1.6430737447081594;0.20711552564824842;0.07542259071905377;-0.7600388139503869;0.06006389144366864;-0.001481222979201391;-0.3552332358637118;-0.010357606354371995;-0.04250846621675919;-0.18436874117945212
2022-08-06 10:35:30.220;0.2885673835047544;1428.7795247203976;1.6437566663174663;0.1802243546182467;0.05086450724436631;-0.746209476996186;0.05799533982608551;-0.0036839105252610693;-0.35596554949213655;-0.010357606354371995;-0.04250846621675919;-0.18436874117945212
2022-08-06 10:35:30.240;0.29620675614974706;1429.3731060136852;1.6444395590878071;0.15333318358830184;0.0263120096860483;-0.732345145552137;0.0559267882083887;-0.005886581095715826;-0.35669777490214205;-0.020700364442856056;-0.053895411395103565;-0.19019122791396015
2022-08-06 10:35:30.260;0.3029034550678858;1429.9666622443401;1.6451224230245396;0.12644201255835696;0.0017651090479624543;-0.7184457439626346;0.05385823659069189;-0.00808923469238465;-0.35742991210307373;-0.031043122531283274;-0.06528132498038985;-0.1960081416051267
2022-08-06 10:35:30.280;0.30860417460160616;1430.5601934170336;1.6458052581330376;0.09955084152835525;-0.022776183649543924;-0.7045111964349591;0.05178968497293823;-0.010291871317143375;-0.3581619611043294;-0.031043122531283274;-0.06528132498038985;-0.1960081416051267
2022-08-06 10:35:30.300;0.3133219758715336;1431.1537196529607;1.6464880875619732;0.11196215123447928;-0.007905865830682757;-0.6906083867433503;0.04765258173754461;-0.014771591480403856;-0.36005418376655474;-0.031043122531283274;-0.06528132498038985;-0.1960081416051267
2022-08-06 10:35:30.320;0.31699526104020465;1431.7472610740151;1.6471709344608216;0.12437346094060331;0.0069707763211930285;-0.676670091133408;0.04351547850226467;-0.019251201644600258;-0.36194582083691085;-0.031043122531283274;-0.06528132498038985;-0.1960081416051267
2022-08-06 10:35:30.340;0.31962642910221234;1432.3408176862795;1.6478537988365813;0.13678477064678418;0.021853756900238608;-0.6626962303016226;0.0393783752668142;-0.023730701841110147;-0.36383687247673446;-0.031043122531283274;-0.06528132498038985;-0.1960081416051267
2022-08-06 10:35:30.360;0.32123110642994723;1432.934389495851;1.6485366806962667;0.1491960803529082;0.03674309002652976;-0.6486867247894201;0.03524127203147742;-0.02821009210097003;-0.3657273388471589;-0.031043122531283274;-0.06528132498038985;-0.1960081416051267
2022-08-06 10:35:30.380;0.321845966480206;1433.5279835849287;1.649219588187679;0.16160739005908908;0.051638789846801814;-0.6346414949828869;0.031104168796083798;-0.032689372455557475;-0.36761722010939746;-0.031043122531283274;-0.06540588173442075;-0.19672309148378098
2022-08-06 10:35:30.400;0.321476862486353;1434.1215693399063;1.6499024860910252;0.14092187388212096;0.03427856272488938;-0.6152067119892832;0.031104168796083798;-0.03287540729271399;-0.3686870306605874;-0.031043122531283274;-0.06553043838164285;-0.19743803973194662
2022-08-06 10:35:30.420;0.320210759604757;1434.7151373778834;1.650585363611634;0.12023635770520968;0.01692951400442766;-0.5957042449274326;0.031104168796083798;-0.0330614427111513;-0.36975684227713224;-0.031043122531283274;-0.06565499492211302;-0.19815298634962897
2022-08-06 10:35:30.440;0.31811168368287923;1435.308687709774;1.6512682207620617;0.09955084152835525;-0.0004083247733639439;-0.576133890578995;0.031104168796083798;-0.03324747871081257;-0.37082665495957023;-0.031043122531283274;-0.06565499492211302;-0.19815298634962897
2022-08-06 10:35:30.460;0.3152471990403137;1435.902220346492;1.6519510575548644;0.07886532535144397;-0.017734921996609643;-0.5564954452044057;0.031104168796083798;-0.0334335152916978;-0.3718964687084503;-0.031043122531283274;-0.06565499492211302;-0.19815298634962897
2022-08-06 10:35:30.480;0.31170819942094896;1436.4957192644142;1.6526338555554712;0.08435737584312619;-0.011133749626399236;-0.5502232904266995;0.02625594351182059;-0.03852622011938678;-0.37321125848010084;-0.03382430544388271;-0.06846812455859208;-0.1982905113101845
2022-08-06 10:35:30.500;0.30754855774291096;1437.0891684331073;1.653316596321476;0.0898493876712223;-0.004531372369942943;-0.543944155623544;0.021407878037429384;-0.043618708632685355;-0.3745257669059301;-0.03660536819750959;-0.07128113187769713;-0.19842802846400698
2022-08-06 10:35:30.520;0.3028417582694374;1437.6825678499226;1.6539992798498322;0.09534136083675548;0.0020722109742585815;-0.5376580340345072;0.016559972360973063;-0.048710980855922514;-0.3758399940422361;-0.03938631080154309;-0.07409401688857997;-0.1985655378117741
2022-08-06 10:35:30.540;0.29767130731752034;1438.2759471976096;1.6546819402894173;0.1036153290157813;0.011492716283864723;-0.5312199027574396;0.014491480316259242;-0.05098747945228155;-0.37699735296054815;-0.029043850577689767;-0.06344452918824572;-0.19697371351469162
2022-08-06 10:35:30.560;0.29209459936562626;1438.8693361608093;1.655364611791285;0.11188929719486396;0.020914555194021744;-0.5247744011368507;0.012422988271488578;-0.05326394014391411;-0.37815450776656956;-0.018701390353836445;-0.05279507946858075;-0.19538221582656234
2022-08-06 10:35:30.580;0.2861630887066615;1439.4629067749702;1.6560474922756956;0.11110053297596778;0.01908901854536893;-0.5307121922595117;0.01784049956254563;-0.0476089115744216;-0.37689031400670725;-0.019489844955383973;-0.053618166196372385;-0.19556799009085157
2022-08-06 10:35:30.600;0.27995124845751646;1440.0568309672308;1.6567307795383028;0.11031177841744011;0.01726457848675622;-0.5366437063649547;0.023257986728005164;-0.04195387987711996;-0.3756260071970736;-0.020278289900371504;-0.05444124148885976;-0.19575375524653893
2022-08-06 10:35:30.620;0.27351269805065426;1440.6511085223538;1.6574144733314844;0.10952303351899673;0.015441234026038586;-0.5425689493156396;0.028675449767980865;-0.036298845064401064;-0.37436158741619874;-0.021066725189083257;-0.05526430534632709;-0.19593951129411824
2022-08-06 10:35:30.640;0.2669048439356427;1441.245568355902;1.6580983768290825;0.10901071044474975;0.013924910230880272;-0.54832329586295;0.034369038471460556;-0.030335662974003696;-0.3729182609292705;-0.021578847158760794;-0.0557829373760228;-0.19596843143114118
2022-08-06 10:35:30.660;0.26017735248090357;1441.8400182321711;1.6587822688712086;0.10849839144623274;0.012409605234292798;-0.5540717722442023;0.04006260930820105;-0.02437245648334141;-0.37147474367295175;-0.02209096505429997;-0.05630156524125596;-0.19599735121656536
2022-08-06 10:35:30.680;0.2533640962735575;1442.43403406765;1.6594656615658636;0.10462524929806705;0.0023978762631280404;-0.5892405838950223;0.03618826281664411;-0.028650263387895336;-0.3737219963375793;-0.02768834765577921;-0.062446189288266396;-0.19904613293228657
2022-08-06 10:35:30.700;0.24652329404969736;1443.0271841091671;1.660148058197395;0.100752086990326;-0.007575976905318527;-0.6241903689831361;0.03231389614118285;-0.03292795205597798;-0.3759685027331452;-0.03328576586767085;-0.06859056259622776;-0.20209336974593395
2022-08-06 10:35:30.720;0.23970344059421883;1443.6194671885532;1.6608294574218685;0.09687890452249803;-0.017512154114999845;-0.6589223112211737;0.028439509281305675;-0.03720552252749343;-0.37821426306759687;-0.03888321969111175;-0.07473468529059346;-0.20513906231091017
2022-08-06 10:35:30.740;0.2329539890647523;1444.21134073937;1.6615103854992515;0.09119534404237584;-0.029309237136519783;-0.6939123277870838;0.02275642417166779;-0.0433897681903872;-0.38098955976003523;-0.03939533996048894;-0.07525753819385272;-0.2051922376352815
2022-08-06 10:35:30.760;0.2263549647009197;1444.8032726933525;1.6621913807672621;0.10309395667241006;-0.021628482438732277;-0.7183166522841624;0.02224458222665504;-0.04393862806752935;-0.3811928317370601;-0.0399074561555004;-0.07578038679844212;-0.20524541192150636
2022-08-06 10:35:30.780;0.219946418806316;1445.3952429916462;1.6628724201489489;0.11550488661413283;-0.013406194550018569;-0.7425586731221125;0.02224458222665504;-0.043963433453448886;-0.38133547804884405;-0.0399074561555004;-0.07578038679844212;-0.20524541192150636
2022-08-06 10:35:30.800;0.21379307203348485;1445.9872216718722;1.6635534691737308;0.12791581655591244;-0.00516572030452167;-0.7666931066995124;0.02224458222665504;-0.04398823884971392;-0.38147812437972917;-0.0399074561555004;-0.07578038679844212;-0.20524541192150636
2022-08-06 10:35:30.820;0.2079671438814819;1446.579208752395;1.6642345278627357;0.1403267464976352;0.0030928731885317973;-0.7907203670993708;0.02224458222665504;-0.04401304425632446;-0.38162077072963196;-0.0399074561555004;-0.07578038679844212;-0.20524541192150636
2022-08-06 10:35:30.840;0.2025436676878748;1447.1713679705645;1.664915784589576;0.151866515884592;0.010464799009380243;-0.8148191034080678;0.02137441632479664;-0.04494636644104588;-0.38196763337564565;-0.04077808830100693;-0.07697399294306706;-0.20708496205110904
2022-08-06 10:35:30.860;0.19757577532874204;1447.763851201009;1.6655974140802527;0.1344475599879047;-0.005246990947600949;-0.8047401588762924;0.02464121397301966;-0.04155014610474694;-0.3812846655127142;-0.041648708671001344;-0.07816756143824932;-0.20892436817937732
2022-08-06 10:35:30.880;0.19317914506319922;1448.356489526479;1.6662792220018752;0.11762029498476068;-0.020333917215598518;-0.7944792159735812;0.028498987095908035;-0.03752862239374366;-0.38041539895622556;-0.04192802893396319;-0.0784504231467622;-0.20894010182372647
2022-08-06 10:35:30.900;0.1894336297559499;1448.949104690466;1.6669610032770898;0.10079306310507263;-0.035417658994877144;-0.7841987908777703;0.03235675345249689;-0.033507095693117606;-0.3795460978326872;-0.04220734798485282;-0.07873328361620224;-0.2089558353637031
2022-08-06 10:35:30.920;0.1864100026395893;1449.5417037605876;1.6676427660369226;0.08396586434878373;-0.05049821155293799;-0.7738988518892649;0.03621451304289991;-0.029485566009633146;-0.3786767621816258;-0.04248666582361338;-0.07901614284673997;-0.20897156879934897
2022-08-06 10:35:30.940;0.18418100317227437;1450.13440693757;1.6683246485677512;0.06705483004964208;-0.0656771284356843;-0.7636794915858678;0.039988463053340695;-0.025567857278836925;-0.37792094626873407;-0.04284982417680894;-0.07940040453121355;-0.20908672951372242
2022-08-06 10:35:30.960;0.18285281050919733;1450.7273556496439;1.6690068135773923;0.09151313371199876;-0.039136090899067;-0.7521335115505838;0.03342008113347816;-0.03268509205908998;-0.3809537662446125;-0.043212980481310836;-0.07978466356769331;-0.20920188708427023
2022-08-06 10:35:30.980;0.18242279462861266;1451.3199147004707;1.6696885302965438;0.11768251312230404;-0.01076590889235618;-0.7399402293802542;0.02856114306806745;-0.037964978505293345;-0.3832832522842784;-0.0349709269678975;-0.07105085610663764;-0.2065148258028282
2022-08-06 10:35:31.000;0.1829177269647002;1451.9114266391043;1.670369042352822;0.14385215159472864;0.017609723338491534;-0.7277190731336356;0.02370217546414466;-0.04324473507127635;-0.3856118884170252;-0.02672878113645183;-0.06231668976204219;-0.20382637453472352
2022-08-06 10:35:31.020;0.18434725995937706;1452.5018894087625;1.6710483473799762;0.17002204913768537;0.04599081663482352;-0.7154699861406035;0.01884317832080029;-0.04852436180933495;-0.38793967490772285;-0.018486542983676912;-0.05358216439952912;-0.20113653262588382
2022-08-06 10:35:31.040;0.18670048145825402;1453.0918407472418;1.671727064024952;0.19484397208248083;0.07293636236576262;-0.7037025936250041;0.01263769758467248;-0.055253776677737676;-0.39083638010339516;-0.018486542983676912;-0.05358216439952912;-0.20113653262588382
2022-08-06 10:35:31.060;0.18992653244168578;1453.6818101558965;1.6724058014589793;0.20001520602926348;0.08161288871385963;-0.6836802531708299;0.020394548504874876;-0.04705902093100889;-0.3884634651057244;-0.018486542983676912;-0.05358216439952912;-0.20113653262588382
2022-08-06 10:35:31.080;0.19399110473794778;1454.2730409043652;1.6730859900166348;0.20120712947613129;0.08609400802660261;-0.6648303189414451;0.024177270319093225;-0.043091539119380684;-0.38747188127049625;-0.022463014363719225;-0.057781570747977185;-0.20235060761857415
2022-08-06 10:35:31.100;0.19883056511672004;1454.8667802593773;1.6737690646309964;0.20239915674659414;0.09058622804340288;-0.6459167422433465;0.02796002466104852;-0.03912399648779541;-0.3864801593051652;-0.02643924014381227;-0.06198066388145662;-0.20356432895295562
2022-08-06 10:35:31.120;0.20435537095581535;1455.4630177462896;1.6744550132513845;0.20359128782689595;0.0950895793905282;-0.6269393409308162;0.031742811523578496;-0.03515639304182372;-0.38548829920652494;-0.030415220351013517;-0.06617944384953489;-0.20477769674569224
2022-08-06 10:35:31.140;0.21044427707215108;1456.060499524472;1.6751423933816973;0.18478928490918634;0.07746509265913559;-0.6198626184467013;0.027419897469577847;-0.03982320692502839;-0.38738483539868085;-0.030601419950126996;-0.06666356262348927;-0.20648463934536743
2022-08-06 10:35:31.160;0.2170095518653996;1456.6579555904827;1.6758297439311314;0.16598730646006743;0.05984199849237015;-0.6127770280482201;0.023096989271472523;-0.044489903360862115;-0.3892807794706208;-0.03078761901081961;-0.0671476785614118;-0.20819156516127535
2022-08-06 10:35:31.180;0.2239225383968837;1457.2553781768001;1.6765170559634481;0.14741823636040863;0.04245845420390637;-0.6056562892565962;0.019006706581286892;-0.048918105097435216;-0.39114737852962556;-0.030741063273577396;-0.06709841711443687;-0.20817680074821165
2022-08-06 10:35:31.200;0.23105612385835705;1457.8527523935409;1.6772043123484006;0.12884916031134708;0.025076289517041772;-0.5985265849972317;0.014916422595184997;-0.0533462006780141;-0.3930134054566228;-0.030694507502797563;-0.06704915562397673;-0.20816203628349594
2022-08-06 10:35:31.220;0.238277886720191;1458.450078241869;1.6778915130873289;0.11028007831271225;0.007695505737583375;-0.5913879056920948;0.010826137313109996;-0.05777419013255525;-0.3948788604073341;-0.030647951698195897;-0.06699989408991769;-0.2081472717670909
2022-08-06 10:35:31.240;0.24547350628278286;1459.0469359269555;1.678578175222199;0.10923638141491665;0.0061057482674549135;-0.5945042245756511;0.018055036257443646;-0.05016040617604034;-0.39280085026924194;-0.029623673322586086;-0.06590127675025315;-0.2077374312449498
2022-08-06 10:35:31.260;0.25249639513328026;1459.642904998931;1.6792638150413803;0.10819268619326294;0.004516285797333097;-0.5976188630196857;0.025283995367296086;-0.042546437443341745;-0.3907222198630089;-0.0285993786511618;-0.06480263619596371;-0.2073275538410977
2022-08-06 10:35:31.280;0.25922274220106456;1460.2384276090233;1.6799489412230937;0.10587589076294535;0.0015733271944462501;-0.6011731433297216;0.031241121195741073;-0.03629230645591264;-0.3891259116590673;-0.028847651667145868;-0.06517873654746609;-0.20805716974025046
2022-08-06 10:35:31.300;0.26554056339507937;1460.8339465631507;1.680634063198758;0.1035590998356497;-0.0013692259175606125;-0.604725153852991;0.03719823734557082;-0.030038120168136118;-0.3875292902434957;-0.029095923725602546;-0.06555483486607727;-0.20878677967204062
2022-08-06 10:35:31.320;0.2713479591128575;1461.4294618617205;1.681319180968842;0.10124231341160339;-0.004311373760490511;-0.6082748958592212;0.04315534381678532;-0.0237838785785911;-0.3859323556237664;-0.029344194826418146;-0.06593093115134252;-0.20951638363653213
2022-08-06 10:35:31.340;0.2765531654172334;1462.0255238937461;1.6820049277350357;0.09956097618265858;-0.01070535313019505;-0.635294708289913;0.03889000147771782;-0.02845126511865459;-0.3881642432505936;-0.031024872072176635;-0.06770925175658249;-0.21004919715520298
2022-08-06 10:35:31.360;0.2810830022494907;1462.6226820286029;1.6826919355259744;0.09787968284672388;-0.01707652905188084;-0.6621827615663856;0.034624732990870655;-0.0331184267145872;-0.39039531928923754;-0.032705505442148564;-0.06948751565579414;-0.21058194336881986
2022-08-06 10:35:31.380;0.2848882574748105;1463.2203920310785;1.6833795782196828;0.09763132817937503;-0.02189541127538419;-0.6884088340439369;0.03179111646088728;-0.03624634073880628;-0.3920345480552605;-0.03295376262161298;-0.06973891829443346;-0.21059591591732296
2022-08-06 10:35:31.400;0.287927831039436;1463.8180893208846;1.6840672062879467;0.09738297446989463;-0.02669277336443443;-0.7145100935021427;0.028957505319148424;-0.039374177067280414;-0.39367338786899353;-0.03320201884372054;-0.06999031995439964;-0.21060988838348926
2022-08-06 10:35:31.420;0.2901826695029981;1464.4157855882004;1.6847548331798743;0.10540816868115144;-0.022631798279380888;-0.7373921488517325;0.028709382991429777;-0.03967552184874279;-0.39397479078884245;-0.033450274108300704;-0.07024172063563583;-0.2106238607673374
2022-08-06 10:35:31.440;0.291640739041528;1465.0133595067236;1.6854423193141554;0.11406828710391892;-0.017893786379634236;-0.7600407885254601;0.029095573736789504;-0.03931346354178089;-0.39412078915447246;-0.03306387645283948;-0.07012841943674175;-0.21219773859150237
2022-08-06 10:35:31.460;0.29230969264426787;1465.6106851487202;1.686129519815707;0.12272842991745847;-0.013139745454825658;-0.7825952311737856;0.029481766800223852;-0.038951404883242446;-0.39426679843954027;-0.03267747647816677;-0.0700151306697876;-0.21377169199416812
2022-08-06 10:35:31.480;0.29221219464880677;1466.207539804156;1.6868161784650793;0.13175660638080444;-0.00796630148031241;-0.804858657216009;0.03023558801798032;-0.03818140538910342;-0.394187877539081;-0.031923251384281315;-0.06920303691669005;-0.21345193156912945
2022-08-06 10:35:31.500;0.2913836601117711;1466.803700404118;1.6875020386299462;0.1407848347644176;-0.0027772446856353383;-0.8270304469195562;0.030989418066646124;-0.03741139936433768;-0.39410897042929793;-0.03116901745488221;-0.0683909302020993;-0.2131321490690663
2022-08-06 10:35:31.520;0.289866363844119;1467.3991652223995;1.6881870983243725;0.14153948141517958;0.0006454927370462826;-0.8117373056051829;0.02553803170557245;-0.04327091055008481;-0.3963538109960112;-0.030414774689628388;-0.06757881052556058;-0.21281234449237907
2022-08-06 10:35:31.540;0.2877117376023406;1467.9942820715296;1.6888717576934849;0.14112030873099002;0.002838774963574764;-0.7967436423012426;0.018914100408927936;-0.05037461324453574;-0.39898879898003425;-0.030833723033307336;-0.06800306543277657;-0.2128359178520931
2022-08-06 10:35:31.560;0.2849766656983407;1468.5894000875924;1.6895564184051086;0.14070113877500035;0.00503929859504737;-0.7817079603431925;0.01229018978452956;-0.057478074323476847;-0.40162262355460765;-0.03125266865032117;-0.06842731755284603;-0.21285949097732892
2022-08-06 10:35:31.580;0.28171725361403743;1469.1850606589796;1.6902417033060608;0.13905221678453472;0.005926279144059521;-0.7671321525738923;0.004437966700585605;-0.06591223099237453;-0.40482238067475684;-0.029453390366594334;-0.06671664170829672;-0.21339761411688407
2022-08-06 10:35:31.600;0.2779890798301773;1469.7818041935752;1.6909282341151197;0.13740333700519614;0.006820010909304841;-0.7525172649542942;-0.0034141436217609566;-0.07434594218013757;-0.4080203796907993;-0.02765410911541366;-0.06500599945627528;-0.21393593988798187
2022-08-06 10:35:31.620;0.27381558222788016;1470.3796177151016;1.6916159959035708;0.11507082811431246;-0.013709279789257067;-0.7417999414357883;0.0026953369542539463;-0.06800162460697123;-0.4067839691869848;-0.025854824897347584;-0.06329539080451241;-0.21447446832651718
2022-08-06 10:35:31.640;0.26927462880034425;1470.9782804722126;1.6923047347053601;0.09292958975061083;-0.034011341890536784;-0.7308775833671826;0.00899557702079079;-0.06142996441726467;-0.4053407958963353;-0.027311871807793153;-0.06481587775704156;-0.2148146566946636
2022-08-06 10:35:31.660;0.26440991075098896;1471.5775619306296;1.692994185299542;0.07078859242722046;-0.054309748173611894;-0.7199337252600921;0.015295772025787358;-0.05485831963991217;-0.40389750993129603;-0.028768885740301897;-0.06633632572788883;-0.2151548143365707
2022-08-06 10:35:31.680;0.2592493613513366;1472.1771464389385;1.6936839845411333;0.050105129157032025;-0.07308248629889036;-0.7086213196621207;0.0230520707520796;-0.04675847487069262;-0.4020669158315586;-0.028768885740301897;-0.06633632572788883;-0.2151548143365707
2022-08-06 10:35:31.700;0.2538481269592273;1472.7767244037896;1.6943737762547246;0.054241821811046975;-0.06699633171772135;-0.6975016158530387;0.0230520707520796;-0.04688256869686569;-0.40278050006133537;-0.028768885740301897;-0.06633632572788883;-0.2151548143365707
2022-08-06 10:35:31.720;0.2481954821962531;1473.3763086489562;1.6950635751935808;0.058378514465061926;-0.060906215060274604;-0.6863592424770921;0.0230520707520796;-0.04700666278315424;-0.4034940847727686;-0.028768885740301897;-0.06633632572788883;-0.2151548143365707
2022-08-06 10:35:31.740;0.24230193037727676;1473.9755553365903;1.6957529857852955;0.06310196796164291;-0.054168702266427005;-0.6748788130490277;0.023638345771793468;-0.04648182183748162;-0.4038583058829195;-0.033353151958234406;-0.07149724748779818;-0.21838938048448142
2022-08-06 10:35:31.760;0.23617257331290464;1474.5741202277786;1.6964416119960517;0.06782544355610298;-0.047426928231150356;-0.6633741643990394;0.024224626132401283;-0.04595698836921969;-0.4042225990623116;-0.037937433773091556;-0.07665792428048235;-0.22162253233467588
2022-08-06 10:35:31.780;0.22980562869117405;1475.172346709638;1.697129848879707;0.07171383620431016;-0.041576167860487345;-0.6521764992381351;0.02397652205738865;-0.046332769669412244;-0.4049521483997305;-0.038185670775245484;-0.07690929906618749;-0.2216364705653877
2022-08-06 10:35:31.800;0.2231981500253497;1475.7705798898023;1.6978180934695082;0.07767057387917475;-0.0331573063041084;-0.6381455264759381;0.0237284189391076;-0.04660926067096938;-0.405110753152214;-0.03843390682015624;-0.07716067287373107;-0.22165040871400343
2022-08-06 10:35:31.820;0.21633674461857544;1476.3688210928449;1.6985063472893265;0.083627301877641;-0.02473220652061414;-0.6240788764268297;0.023480316777671817;-0.04688575051331867;-0.40526935698108435;-0.03868214190771013;-0.07741204570260152;-0.22166434678049196
2022-08-06 10:35:31.840;0.20920612927382942;1476.9677890508829;1.6991954372132096;0.08762972327258467;-0.018384885303053267;-0.6106877156894912;0.02127971792575778;-0.04925625827134894;-0.4062052887841361;-0.04088391977819228;-0.07974141468378093;-0.22236058363404876
2022-08-06 10:35:31.860;0.2017885445246127;1477.568200789181;1.6998861881515366;0.09163212568017798;-0.012032026873644242;-0.5972646749691046;0.019079194337031424;-0.05162665808958167;-0.40714104657333383;-0.043085622345127916;-0.08207068639757154;-0.22305670527078902
2022-08-06 10:35:31.880;0.1940751447092367;1478.1692256025053;1.7005776444094343;0.09789299982634247;-0.0032632777081609277;-0.5829768767298473;0.019135060767361267;-0.05157593748119638;-0.4071716802041978;-0.0395825287408762;-0.07845105480777192;-0.22244524511317554
2022-08-06 10:35:31.900;0.1860393524147702;1478.7700103564493;1.7012688244881176;0.10001723892639802;0.0004955575406846435;-0.5736307117767536;0.019190927245951173;-0.05164929496665849;-0.40791581008853495;-0.036079433758001045;-0.07483142342243809;-0.22183380810952613
2022-08-06 10:35:31.920;0.17766061368270336;1479.3705595296706;1.7019597335401122;0.1021414788730226;0.004257112668337726;-0.5642689022666332;0.019246793772857984;-0.051722658709557834;-0.40865997484468597;-0.03257633739650245;-0.07121179225003971;-0.2212223943051015
2022-08-06 10:35:31.940;0.16892371507953374;1479.9709927944277;1.7026505092438138;0.10420979801659769;0.007947237771045224;-0.5549951154626109;0.019246793772857984;-0.05187155544287947;-0.4095161846316797;-0.03257633739650245;-0.07121179225003971;-0.2212223943051015
2022-08-06 10:35:31.960;0.15980883705118776;1480.5714298715975;1.7033412893335518;0.10627811716017277;0.011640021744110385;-0.5457060271255836;0.019246793772857984;-0.052020452550799234;-0.4103723951144653;-0.03257633739650245;-0.07121179225003971;-0.2212223943051015
2022-08-06 10:35:31.980;0.15029551627030568;1481.1723153802814;1.7040325853267428;0.10672900777518635;0.013630820279470157;-0.5368742208886532;0.01763098122999196;-0.05387880455597127;-0.41173693311670956;-0.03419307335974153;-0.07291097656667489;-0.22166910293810638
2022-08-06 10:35:32.000;0.14036657101104555;1481.7740913921225;1.70472490581005;0.11028236001232017;0.011976009792899589;-0.5668315829955821;0.010844469120492306;-0.0610907313997231;-0.41405665630093935;-0.03580976872057917;-0.07461011069528922;-0.22211576180600545
2022-08-06 10:35:32.020;0.1300137004067664;1482.3767547145617;1.7054182471105548;0.11383569515663794;0.010348505302797406;-0.596629601347523;0.004058055299402952;-0.0683023815526198;-0.41637545344625515;-0.03742642348072067;-0.07630919463883856;-0.2225623709151714
2022-08-06 10:35:32.040;0.11922912498731786;1482.9798604831958;1.7061120974286303;0.11849423188198216;0.009932335128237213;-0.6258348431871736;-0.0016242640417871712;-0.07432357582089111;-0.4182182863058381;-0.03793835133796719;-0.07715932168218842;-0.22449516361709065
2022-08-06 10:35:32.060;0.10800914525271599;1483.5829644936675;1.7068059457240066;0.1231527544060782;0.00954228666872936;-0.6548874616153695;-0.007306561039648329;-0.08034463753900667;-0.4200605513929778;-0.03845027512386068;-0.07800943861155929;-0.226427921097188
2022-08-06 10:35:32.080;0.0963538034303042;1484.1860935694203;1.707499822856038;0.12306582823316603;0.005181005376496017;-0.6794147731141349;-0.007393387964008014;-0.08061058686578093;-0.42108902337005816;-0.03853715787550627;-0.07810135135525798;-0.22645536827545598
2022-08-06 10:35:32.100;0.08427638551731631;1484.7892745270292;1.708193759676178;0.12297890217769236;0.000838516825208302;-0.7038330666634041;-0.007480214771156568;-0.08087653442773757;-0.4221174843880027;-0.038624040509883883;-0.07819326394752579;-0.22648281527447445
2022-08-06 10:35:32.120;0.07179094160033694;1485.3925073797946;1.7088877561997275;0.12289197623942982;-0.003485249831303605;-0.728142764480797;-0.007567041461150836;-0.08114248022550186;-0.42314593444749793;-0.03871092302699353;-0.07828517638824906;-0.22651026209423986
2022-08-06 10:35:32.140;0.05892561681260511;1485.996278107843;1.7095823715283949;0.12090363166004181;-0.009784067663904494;-0.7528422134292576;-0.009553115835863935;-0.08341095944424382;-0.42473299943179654;-0.04069827439189666;-0.08036861598498035;-0.22702922241312073
2022-08-06 10:35:32.160;0.04571519766204868;1486.6010502351928;1.7102781389289874;0.11891534846404284;-0.016063304372355702;-0.7774287951519598;-0.01153912889727593;-0.08567932232201514;-0.4263197658697102;-0.042685564403992515;-0.08245198094965644;-0.22754811410097808
2022-08-06 10:35:32.180;0.03220007931006974;1487.2063273224558;1.7109744872668124;0.12274144848038304;-0.013186417734207367;-0.7829379089392674;-0.005644429738559609;-0.079466126427711;-0.424597882187439;-0.046442873438135024;-0.08650915810522974;-0.22920776642925844
2022-08-06 10:35:32.200;0.01841277166074029;1487.8116065905124;1.7116708381135581;0.1265675411328857;-0.010308594649959701;-0.788441401979024;0.00025025762503361193;-0.07325285779116797;-0.4228755763653176;-0.05020017359401763;-0.09056623371964179;-0.23086692459269376
2022-08-06 10:35:32.220;0.0043942989142589095;1488.416888040323;1.7123671914703291;0.1303936264217782;-0.007429835914738447;-0.79393927923888;0.0061449331932763585;-0.06703951639942574;-0.42115284835004374;-0.05395746487169717;-0.0946232078176763;-0.23252558871936113
2022-08-06 10:35:32.240;-0.009814398122604095;1489.022124154646;1.7130634926703403;0.13467912018626294;-0.004078142689682096;-0.7993669055818797;0.012498501407470997;-0.060352966565311306;-0.4193564126502922;-0.05380854000770441;-0.09446567165377928;-0.23247859734740128
2022-08-06 10:35:32.260;-0.024179634645477455;1489.6272674080028;1.7137596870373313;0.13896461854847075;-0.0007255322688344279;-0.8047890775618711;0.01885207634578734;-0.05366631600755767;-0.4175595089750992;-0.05365961479924053;-0.09430813504496882;-0.23243160544939023
2022-08-06 10:35:32.280;-0.0386700993355138;1490.2323674954314;1.7144558317435585;0.14385585189376116;0.006259580242581109;-0.7928574705921472;0.010817115816657008;-0.06226441341507183;-0.4206480322614148;-0.05393881315506732;-0.09459085289608993;-0.2324472376772082
2022-08-06 10:35:32.300;-0.053271096505012494;1490.8374741221123;1.7151519839729477;0.14874707648385765;0.013249346125146388;-0.7808992371605035;0.002782171448679094;-0.07086218811766543;-0.423734945517122;-0.05421801029978823;-0.0948735695093319;-0.23246286980151787
2022-08-06 10:35:32.320;-0.06797671859277576;1491.4425872927895;1.7158481437309563;0.15363829231858972;0.020243774314646856;-0.7689143254438306;-0.005252756758544308;-0.07945964026551877;-0.4268202494993174;-0.05449720623351695;-0.09515628488514949;-0.23247850182230323
2022-08-06 10:35:32.340;-0.08279814784635053;1492.0488373327316;1.7165456114139461;0.15530224724199115;0.023813810283595416;-0.7580069401352008;-0.016510776225821644;-0.0915057570483313;-0.43114300373187486;-0.058001465613241265;-0.09901374983576261;-0.2344485695294276
2022-08-06 10:35:32.360;-0.0977792148280715;1492.6573411067147;1.7172456719324924;0.13938668328444237;0.009702178307318121;-0.7473933602017651;-0.013808158995537667;-0.08878472347875999;-0.4310873401758215;-0.061505534237422665;-0.1028708942849903;-0.23641793554110802
2022-08-06 10:35:32.380;-0.11292725199814324;1493.2666815388438;1.717946694994511;0.12749289096126404;-0.0001307053969732408;-0.7353709148758023;-0.007088869129709963;-0.08176429424158727;-0.42948051314604907;-0.06099051317266557;-0.10230929681864609;-0.23615900523694222
2022-08-06 10:35:32.400;-0.12829951084577096;1493.8754329654694;1.7186470404280318;0.11559905863435915;-0.00995919538891954;-0.7233217533091665;-0.00036955308345199;-0.07474378679577143;-0.427873456863078;-0.060475487987954324;-0.10174769267371175;-0.2359000611007671
2022-08-06 10:35:32.420;-0.1439699425772979;1494.4836021409792;1.7193467160037221;0.10370518630338665;-0.01978328353877501;-0.7112458236780315;0.0063497891437478415;-0.06772320115938868;-0.4262661714466267;-0.05996045868351629;-0.10118608185035782;-0.23564110313187037
2022-08-06 10:35:32.440;-0.16001589384006942;1495.0914736023915;1.7200460490706317;0.09073740156367194;-0.030731876875481845;-0.699440928371021;0.011996319743879269;-0.06183629998977125;-0.4249890268480536;-0.06051879952428507;-0.10175145486590509;-0.23567233607518112
2022-08-06 10:35:32.460;-0.1765081042446689;1495.6993390940406;1.7207453752695554;0.09017880644995557;-0.028383414879417757;-0.6827480353505395;0.009370073304445725;-0.06462774440270636;-0.4258900990117853;-0.06107713552159666;-0.10231682293158428;-0.23570356860495245
2022-08-06 10:35:32.480;-0.1935529084603823;1496.3069381832393;1.7214443949825613;0.09101370563013234;-0.02457558348553235;-0.6657000055590974;0.008135966714441167;-0.06596425866089106;-0.426456018326717;-0.05679563121276132;-0.09788428265540006;-0.23490664696800767
2022-08-06 10:35:32.500;-0.21124978206226774;1496.9140032479845;1.722142800320683;0.09184861563420554;-0.02075856683834232;-0.648598839784083;0.006901859021162693;-0.06730076418286757;-0.42702188522782514;-0.05251409622394121;-0.09345170142199777;-0.23410968913511976
2022-08-06 10:35:32.520;-0.22969450333529284;1497.5205338135493;1.7228405907377644;0.09268353646251626;-0.016932340516436994;-0.6314443929192954;0.005667750224667145;-0.06863726096943168;-0.42758769971938015;-0.04823253055456789;-0.0890190792376302;-0.2333126951472284
2022-08-06 10:35:32.540;-0.24898396203774142;1498.1268573468915;1.7235381429721244;0.09184559619109223;-0.014839936140081278;-0.6146107836835952;0.0027624397806462753;-0.07172124106303812;-0.4285610885150213;-0.04907011202896783;-0.08987563154710188;-0.23340787966223342
2022-08-06 10:35:32.560;-0.26919932446364436;1498.7333010464863;1.7242358334532015;0.0910076668233728;-0.013695216109940844;-0.6032162737434748;-0.0032451409193967606;-0.07823604367560932;-0.4313661655198846;-0.04990768260443801;-0.0907321722717711;-0.23350306095149698
2022-08-06 10:35:32.580;-0.29040964691203164;1499.3398056228107;1.7249335939706476;0.0910076668233728;-0.011688670793578382;-0.5916986557653274;-0.008415629433635274;-0.08389201487934628;-0.43406188249199396;-0.04990768260443801;-0.0907321722717711;-0.23350306095149698
2022-08-06 10:35:32.600;-0.3126771874030383;1499.9463122946545;1.7256313568989092;0.0910076668233728;-0.00967803220484953;-0.580157277486804;-0.013586117947873788;-0.08954777214861309;-0.4367564510259392;-0.04990768260443801;-0.0907321722717711;-0.23350306095149698
2022-08-06 10:35:32.620;-0.33604848922135966;1500.552821066296;1.7263291222429087;0.0910076668233728;-0.0076632931950690875;-0.5685920962441608;-0.01875660646205546;-0.09520331556452533;-0.4394498715468176;-0.04990768260443801;-0.0907321722717711;-0.23350306095149698
2022-08-06 10:35:32.640;-0.36056142022685655;1501.1592133955346;1.7270267536243387;0.07624175109089038;-0.020467375158805368;-0.5570751428153029;-0.014908473179239934;-0.09115083401993473;-0.43834615613192796;-0.055366604719093715;-0.09680863136674134;-0.2369583911869615
2022-08-06 10:35:32.660;-0.38620299578880346;1501.7653490144367;1.7277240896702606;0.06147586548155459;-0.03326758588807266;-0.5455346995794281;-0.01106034684212176;-0.08709832967522146;-0.4372422964488809;-0.060825515244854245;-0.10288475942076047;-0.24041199441019945
2022-08-06 10:35:32.680;-0.4129655639607812;1502.3713524890554;1.7284212736891953;0.04653310218759543;-0.04626060307393587;-0.5340812004140822;-0.007388979947641872;-0.08324368248164404;-0.4362565047336542;-0.06129079336181675;-0.10335589243055665;-0.24043799929406529
2022-08-06 10:35:32.700;-0.44081197174685893;1502.977341196187;1.7291184407186957;0.0315903887657214;-0.05924980789487577;-0.5226046552108272;-0.0037176229796713756;-0.07938902318144159;-0.43527060920195026;-0.06175606811541101;-0.10382702200325866;-0.2404640038909891
2022-08-06 10:35:32.720;-0.46968793566532885;1503.583315139571;1.7298155907630646;0.016647725215591436;-0.07223519429649983;-0.5111050241107593;-4.627593786921125e-05;-0.07553435177637624;-0.43428460986681117;-0.062221339505580175;-0.1042981481384686;-0.24049000820093624
2022-08-06 10:35:32.740;-0.49949007914244525;1504.188987117428;1.7305123934075448;0.0320559068763373;-0.06035818361388934;-0.5316500495430967;-0.003252483671325024;-0.07899349580522852;-0.4356795533551443;-0.0612906729493794;-0.10331375661803577;-0.240196830769964
2022-08-06 10:35:32.760;-0.5301561818749824;1504.794069620948;1.731208517884152;0.04746419502384924;-0.04846876699545888;-0.5521214359181608;-0.006458704535667437;-0.08245259255235027;-0.4370741762182693;-0.06035999293748873;-0.10232934773205216;-0.23990363282763294
2022-08-06 10:35:32.780;-0.561578488638062;1505.398862912516;1.7319043096333748;0.06194155729940576;-0.03755466497867488;-0.5728286009038266;-0.010595093757295615;-0.08690275474494769;-0.43880175297014645;-0.06035999293748873;-0.10252616451293761;-0.24103336699637357
2022-08-06 10:35:32.800;-0.5936320185709986;1506.0036675661177;1.7326001144541865;0.07641891957490543;-0.026627868829937285;-0.5934599748834382;-0.01473148297886695;-0.091352822005625;-0.44052882722935927;-0.06035999293748873;-0.10272298102734112;-0.2421630970936608
2022-08-06 10:35:32.820;-0.6261801634502766;1506.6084835947331;1.7332959323615202;0.09089628185046195;-0.015688416823795848;-0.6140157980594481;-0.018867872200438285;-0.09580279435996175;-0.4422553991270535;-0.06035999293748873;-0.10291979727497846;-0.24329282311951683
2022-08-06 10:35:32.840;-0.6590837146684746;1507.2133075199017;1.7339917593535392;0.09916906029360462;-0.01144809653036205;-0.637301587528948;-0.01473148297886695;-0.09152623830967599;-0.4415260870448865;-0.06035999293748873;-0.10291979727497846;-0.24329282311951683
2022-08-06 10:35:32.860;-0.6921840868822422;1507.8181358652582;1.7346875914308164;0.10744183873669044;-0.00719125274295962;-0.6604901406573997;-0.010595093757295615;-0.08724968590157545;-0.4407968156905877;-0.06035999293748873;-0.10291979727497846;-0.24329282311951683
2022-08-06 10:35:32.880;-0.7253170301640605;1508.4229758580987;1.7353834369080823;0.1157146171799468;-0.00291794314373206;-0.6835818100788158;-0.006458704535667437;-0.08297313714799515;-0.4400675851322635;-0.06035999293748873;-0.10291979727497846;-0.24329282311951683
2022-08-06 10:35:32.900;-0.7583237403276443;1509.027813095141;1.7360792792149071;0.12398739562308947;0.0013717747497956623;-0.7065769473231276;-0.002322315314152945;-0.07869659206109958;-0.43933839543799724;-0.06035999293748873;-0.10291979727497846;-0.24329282311951683
2022-08-06 10:35:32.920;-0.7910546574068487;1509.6326548035795;1.7367751266659035;0.13226017406623214;0.005677843584887654;-0.7294759028190096;0.0018140739074183898;-0.07442005065259849;-0.4386092466757754;-0.06035999293748873;-0.10291979727497846;-0.24329282311951683
2022-08-06 10:35:32.940;-0.8233767582033599;1510.2374921837254;1.7374709691373635;0.1219192010123038;-0.006948860318605199;-0.7424185412474547;-0.003356412619517357;-0.0799206860474655;-0.4404117684484392;-0.06035999293748873;-0.10306439679720825;-0.2441228233195778
2022-08-06 10:35:32.960;-0.8551322339148018;1510.8423164301275;1.7381667964989493;0.11157822795831862;-0.019570072742315148;-0.7553302607239036;-0.008526899146509948;-0.08542121698885552;-0.44221374747956954;-0.06035999293748873;-0.10320899617551049;-0.2449528213220029
2022-08-06 10:35:32.980;-0.8861962112393548;1511.4471275482138;1.7388626087569055;0.10123725490439028;-0.03218580511216729;-0.7682111259068511;-0.013697385673445694;-0.09092164350609977;-0.44401518391357975;-0.06035999293748873;-0.10320899617551049;-0.2449528213220029
2022-08-06 10:35:33.000;-0.9164608601415816;1512.0519255433828;1.739558405917443;0.09089628185046195;-0.04479606883447573;-0.7810612013366054;-0.018867872200438285;-0.09642196562796101;-0.44581607789481836;-0.06035999293748873;-0.10320899617551049;-0.2449528213220029
